symbol,frequency,fiscaldateending,report_date,reporttime,reportedcurrency,reported_eps,estimated_eps,earnings_surprise,surprise_pct,accumulateddepreciationamortizationppe,capitalexpenditures,capitalleaseobligations,cashandcashequivalentsatcarryingvalue,cashandshortterminvestments,cashflowfromfinancing,cashflowfrominvestment,changeincashandcashequivalents,changeinexchangerate,changeininventory,changeinoperatingassets,changeinoperatingliabilities,changeinreceivables,commonstock,commonstocksharesoutstanding,comprehensiveincomenetoftax,costofgoodsandservicessold,costofrevenue,currentaccountspayable,currentdebt,currentlongtermdebt,currentnetreceivables,deferredrevenue,depreciation,depreciationandamortization,depreciationdepletionandamortization,dividendpayout,dividendpayoutcommonstock,dividendpayoutpreferredstock,ebit,ebitda,goodwill,grossprofit,incomebeforetax,incometaxexpense,intangibleassets,intangibleassetsexcludinggoodwill,interestanddebtexpense,interestexpense,interestincome,inventory,investmentincomenet,investments,longtermdebt,longtermdebtnoncurrent,longterminvestments,netincome,netincomefromcontinuingoperations,netinterestincome,noninterestincome,operatingcashflow,operatingexpenses,operatingincome,othercurrentassets,othercurrentliabilities,othernoncurrentassets,othernoncurrentliabilities,othernonoperatingincome,paymentsforoperatingactivities,paymentsforrepurchaseofcommonstock,paymentsforrepurchaseofequity,paymentsforrepurchaseofpreferredstock,proceedsfromissuanceofcommonstock,proceedsfromissuanceoflongtermdebtandcapitalsecuritiesnet,proceedsfromissuanceofpreferredstock,proceedsfromoperatingactivities,proceedsfromrepaymentsofshorttermdebt,proceedsfromrepurchaseofequity,proceedsfromsaleoftreasurystock,profitloss,propertyplantequipment,researchanddevelopment,retainedearnings,sellinggeneralandadministrative,shortlongtermdebttotal,shorttermdebt,shortterminvestments,stockbasedcompensation,totalassets,totalcurrentassets,totalcurrentliabilities,totalliabilities,totalnoncurrentassets,totalnoncurrentliabilities,totalrevenue,totalshareholderequity,treasurystock
ALGT,quarterly,2006-03-31,2006-05-30,,USD,,,,,,10793000,,,,-2135000,-32260000.0,,,,,,,,16698000,,43530000,43530000,,,,,,,2226000,2226000,,,,60071000,62297000,,60071000,6834000,56643000,,,,1405000,,,,,,,,3428000,0,,,34895000,52000000,60071000,,,,,,,,,,,,,,,,,,,0.0,,6459000,,,,,,,,,,,60071000,,
ALGT,quarterly,2006-06-30,2006-08-29,,USD,,,,,,4971000,,,,-7488000,4925000.0,,,,,,,,16684000,,46379000,46379000,,,,,,,2519000,2519000,,,,60071000,62590000,,60071000,4744000,56643000,,,,1196000,,,,,,,,3428000,0,,,-4669000,55000000,60071000,,,,,,,,,,,,,,,,,,,0.0,,5898000,,,,,,,,,,,60071000,,
ALGT,quarterly,2006-09-30,2006-11-29,,USD,,,,,,4319000,,11855000.0,11855000.0,-3485000,6733000.0,,,,,,,,18487000,,43304000,43304000,14821000.0,,,5914000.0,,,-12344000,-12344000,4971000.0,4971000.0,,18089000,5745000,,16768000,3443000,14000,,,,1369000,,2641000.0,,,48221000.0,,,3429000,0,,,-5920000,16097000,671000,21781000.0,52296000.0,,,,,,,,,,,,,,,,110009000.0,0.0,19059000.0,3744000,62214000.0,13993000.0,33125000.0,,189752000.0,75316000.0,81110000.0,129331000.0,114436000.0,48221000.0,60072000,60421000.0,-1007000.0
ALGT,quarterly,2006-12-31,2007-01-30,post-market,USD,0.17,0.1,0.07,70.0,,7750000,,130273000.0,130273000.0,88983000,,,,-1006000.0,,,,20000.0,20290000,,41163000,41163000,17409000.0,,,7327000.0,,,18183000,18183000,3396000.0,3396000.0,,5487000,23670000,,21973000,5487000,7033000,,,,1547000,,3747000.0,,,57877000.0,,,-1546000,0,,,10440000,177608000,-155635000,21501000.0,55525000.0,,,,,,,,,,,,,,,,131214000.0,0.0,19088000.0,3163000,79321000.0,14888000.0,5808000.0,,305726000.0,168656000.0,87822000.0,152255000.0,137070000.0,64433000.0,63136000,153471000.0,
ALGT,quarterly,2007-03-31,2007-05-01,post-market,USD,0.38,0.4,-0.02,-5.0,,10366000,,175339000.0,175339000.0,-4299000,-4019000.0,,,689000.0,,,,20000.0,20290000,,52683000,52683000,21211000.0,,,8000000.0,,,3660000,3660000,,,,14301000,17961000,,31666000,16305000,6558000,,,,5517000,,3013000.0,,,54195000.0,,,9747000,0,,,53384000,70699000,14301000,27231000.0,78367000.0,,,,,,,,,,,,,,,,137643000.0,0.0,28835000.0,3683000,68467000.0,14272000.0,5808000.0,241000.0,354430000.0,213583000.0,128424000.0,190985000.0,140847000.0,62561000.0,84349000,163445000.0,
ALGT,quarterly,2007-06-30,2007-08-06,post-market,USD,0.49,0.4,0.09,22.5,,3654000,,185809000.0,185809000.0,19583000,-6699000.0,,,-2968000.0,,,,21000.0,20433000,,56646000,56646000,18614000.0,,,8587000.0,,,3715000,3715000,,,,17142000,20857000,,32295000,15781000,5805000,,,,1361000,,6030000.0,,,50445000.0,,,9976000,0,,,-2414000,75440000,14158000,27206000.0,72336000.0,,,,,,,,,,,,,,,,137444000.0,0.0,38723000.0,3690000,74541000.0,14567000.0,11241000.0,3000.0,373269000.0,227632000.0,115801000.0,175775000.0,145637000.0,59974000.0,88941000,197494000.0,
ALGT,quarterly,2007-09-30,2007-10-29,post-market,USD,0.35,0.3,0.05,16.6667,,18320000,,165808000.0,165808000.0,-1739000,-30209000.0,,,-4076000.0,,,,21000.0,20936000,,57360000,57360000,19045000.0,,,9986000.0,,,4238000,4238000,,,,12468000,16706000,,28967000,11100000,4085000,,,,1368000,,10063000.0,,,52861000.0,,,7015000,0,,,11947000,77601000,9543000,26308000.0,76438000.0,,,,,,,,,,,,,,,,159215000.0,0.0,45738000.0,817000,69072000.0,16211000.0,6904000.0,17000.0,389501000.0,219069000.0,120121000.0,183824000.0,170432000.0,63703000.0,86327000,205677000.0,
ALGT,quarterly,2007-12-31,2008-01-29,post-market,USD,0.24,0.16,0.08,50.0,,9792000,,144269000.0,144269000.0,-4569000,-28000000.0,,,3240000.0,,,,21000.0,20710000,,73272000,73272000,21302000.0,,,15312000.0,,,4379000,4379000,647000.0,647000.0,,-68093000,-63714000,,27684000,7519000,2748000,,,,5523000,,6544000.0,,,53950000.0,,,4771000,0,,,11030000,95777000,6058000,31653000.0,74851000.0,,,,,,,,,,,,,-647000.0,,,171170000.0,0.0,50434000.0,879000,72146000.0,18196000.0,27110000.0,1006000.0,405425000.0,224888000.0,127979000.0,195094000.0,180537000.0,67115000.0,100956000,210331000.0,
ALGT,quarterly,2008-03-31,2008-04-28,post-market,USD,0.47,0.34,0.13,38.2353,,8754000,,180763000.0,180763000.0,-19743000,12418000.0,,,-2768000.0,,,,20000.0,20710000,,93309000,93309000,22815000.0,,,14709000.0,,,5015000,5015000,,,,16095000,21110000,,39831000,14680000,5008000,,,,1415000,,9267000.0,,,51899000.0,,,9672000,0,,,43819000,119784000,14364000,26094000.0,96392000.0,,,,,,,,,,,,,-15809000.0,,,177407000.0,0.0,60106000.0,1008000,84884000.0,19087000.0,7428000.0,302000.0,424223000.0,238261000.0,153123000.0,218920000.0,185962000.0,65797000.0,133140000,205303000.0,-15808000.0
ALGT,quarterly,2008-06-30,2008-07-22,post-market,USD,0.13,0.14,-0.01,-7.1429,,32044000,,148746000.0,148746000.0,11363000,-29270000.0,,,-5816000.0,,,,20000.0,20413000,,92987000,92987000,25413000.0,,,12483000.0,,,5956000,5956000,,,,5650000,11606000,,38571000,4161000,1515000,,,,1489000,,15038000.0,,,53489000.0,,,2646000,0,,,-14110000,32024000,4675000,28866000.0,84115000.0,,,,,,,,,,,,,,,,207441000.0,0.0,62752000.0,22398000,75164000.0,21675000.0,5006000.0,125000.0,422187000.0,210139000.0,144334000.0,213521000.0,212048000.0,69187000.0,131558000,208666000.0,-15808000.0
ALGT,quarterly,2008-09-30,2008-10-21,post-market,USD,0.24,0.22,0.02,9.0909,,8403000,,133542000.0,133542000.0,-4632000,-7209000.0,,,3774000.0,,,,20000.0,20467000,,76686000,76686000,15448000.0,,,8803000.0,,,6219000,6219000,,,,9008000,15227000,,40200000,7706000,2816000,,,,1302000,,11219000.0,,,48044000.0,,,4890000,0,,,-3363000,108769000,8117000,31163000.0,79509000.0,,,,,,,,,,,,,,,,210085000.0,0.0,67642000.0,21731000,70091000.0,22047000.0,5033000.0,500000.0,402992000.0,190181000.0,130009000.0,188525000.0,212811000.0,58516000.0,116886000,214467000.0,-15808000.0
ALGT,quarterly,2008-12-31,2009-01-26,post-market,USD,0.88,0.67,0.21,31.3433,,4918000,,97153000.0,97153000.0,-5231000,-76444000.0,,,4184000.0,,,,21000.0,20512000,,57135000,57135000,17461000.0,,,5575000.0,,,6299000,6299000,,,,29910000,36209000,,65293000,28705000,10506000,,,,1205000,,7005000.0,,,39387000.0,,,18199000,0,,,45286000,35893000,28692000,27049000.0,68997000.0,,,,,,,,,,,,,-905000.0,,,205751000.0,0.0,85841000.0,26336000,64725000.0,25338000.0,77635000.0,492000.0,423976000.0,214417000.0,131028000.0,190055000.0,209559000.0,59027000.0,122428000,233921000.0,-16713000.0
ALGT,quarterly,2009-03-31,2009-04-19,post-market,USD,1.37,1.29,0.08,6.2016,,13691000,,117461000.0,117461000.0,-12527000,-55603000.0,,,-2211000.0,,,,21000.0,20512000,,57258000,57258000,21682000.0,,,6920000.0,,,6882000,6882000,,,,45172000,52054000,,84861000,44071000,15909000,,,,1101000,,9201000.0,,,33272000.0,,,28162000,0,,,88438000,39573000,44478000,23247000.0,103532000.0,,,,,,,,,,,,,-7061000.0,,,210837000.0,0.0,114003000.0,28224000,59259000.0,25987000.0,118947000.0,761000.0,494446000.0,275776000.0,172121000.0,237149000.0,218670000.0,65028000.0,142119000,257297000.0,-23854000.0
ALGT,quarterly,2009-06-30,2009-07-21,post-market,USD,1.17,1.18,-0.01,-0.8475,,7580000,,89262000.0,89262000.0,-7618000,-28114000.0,,,-1429000.0,,,,21000.0,20344000,,67961000,67961000,21751000.0,,,6709000.0,,,7251000,7251000,,,,38555000,45806000,,80026000,37538000,13686000,,,,1017000,,10585000.0,,,34207000.0,,,23852000,0,,,7533000,41228000,37784000,30314000.0,89994000.0,,,,,,,,,,,,,-10551000.0,,,212026000.0,0.0,137855000.0,29583000,60706000.0,26499000.0,138987000.0,771000.0,494120000.0,275857000.0,161143000.0,221206000.0,218263000.0,60063000.0,147987000,272914000.0,-34405000.0
ALGT,quarterly,2009-09-30,2009-10-19,post-market,USD,0.68,0.63,0.05,7.9365,,5615000,,67122000.0,67122000.0,-11929000,-23469000.0,,,470000.0,,,,21000.0,20120000,,70130000,70130000,19478000.0,,,6162000.0,,,7633000,7633000,,,,22511000,30144000,,62975000,21471000,7695000,,,,1040000,,10085000.0,,,28747000.0,,,13776000,0,,,13258000,40021000,21940000,31563000.0,84247000.0,,,,,,,,,,,,,-6813000.0,,,209435000.0,0.0,151631000.0,22305000,54766000.0,26019000.0,155242000.0,803000.0,487062000.0,270174000.0,147728000.0,205760000.0,216888000.0,58032000.0,133105000,281302000.0,-41217000.0
ALGT,quarterly,2009-12-31,2010-01-25,post-market,USD,0.52,0.48,0.04,8.3333,,5615000,,90239000.0,90239000.0,-9301000,9973000.0,,,-618000.0,,,,21000.0,20222000,,74656000,74656000,20990000.0,,,7476000.0,,,7872000,7872000,,,,18405000,26277000,,60073000,17484000,6943000,,,,921000,,10673000.0,,,22469000.0,,,10541000,0,,,22445000,41008000,18051000,40254000.0,90554000.0,,,,,,,,,,,,,-931000.0,,,204533000.0,0.0,162172000.0,29446000,45807000.0,23338000.0,141231000.0,774000.0,499639000.0,289873000.0,158581000.0,207616000.0,209766000.0,49035000.0,134729000,292023000.0,-42149000.0
ALGT,quarterly,2010-03-31,2010-04-19,post-market,USD,1.12,1.12,0.0,0.0,,44004000,,133671000.0,133671000.0,-7223000,-18147000.0,,,-985000.0,,,,21000.0,20222000,,85311000,85311000,27813000.0,,,7416000.0,,,8691000,8691000,,,,36514000,45205000,,84326000,35765000,13165000,,,,749000,,11613000.0,,,17968000.0,,,22600000,0,,,68802000,47067000,36245000,38416000.0,121721000.0,,,,,,,,,,,,,-2852000.0,,,238988000.0,0.0,184772000.0,25892000,39386000.0,21418000.0,115490000.0,969000.0,550634000.0,306606000.0,188721000.0,235921000.0,244028000.0,47200000.0,169637000,314713000.0,-45001000.0
ALGT,quarterly,2010-06-30,2010-07-21,pre-market,USD,0.87,0.87,0.0,0.0,,19290000,,154120000.0,154120000.0,-28298000,64249000.0,,,-2796000.0,,,,21000.0,20170000,,91813000,91813000,26274000.0,,,8107000.0,,,8351000,8351000,14942000.0,14942000.0,,28458000,36809000,,76537000,27803000,10241000,,,,655000,,14364000.0,,,13831000.0,,,17562000,0,,,-15502000,47314000,28081000,51241000.0,118825000.0,,,,,,,,,,,,,-10297000.0,,,249317000.0,0.0,187392000.0,34845000,34114000.0,20283000.0,31297000.0,1171000.0,529114000.0,259129000.0,180609000.0,218720000.0,269985000.0,38111000.0,168350000,310394000.0,-55298000.0
ALGT,quarterly,2010-09-30,2010-10-27,post-market,USD,0.67,0.64,0.03,4.6875,,18942000,,106322000.0,106322000.0,-40540000,-4461000.0,,,549000.0,,,,21000.0,19569000,,95056000,95056000,24327000.0,,,7776000.0,,,8779000,8779000,14942000.0,14942000.0,,19827000,28606000,,68565000,19231000,6072000,,,,596000,,13770000.0,,,17560000.0,,,13159000,0,,,-2797000,48107000,19480000,61016000.0,101773000.0,,,,,,,,,,,,,-40463000.0,,,259220000.0,0.0,200551000.0,35420000,33869000.0,16309000.0,19407000.0,1197000.0,485969000.0,208291000.0,154056000.0,201507000.0,277678000.0,47451000.0,163621000,284462000.0,-95761000.0
ALGT,quarterly,2010-12-31,2011-01-31,post-market,USD,0.64,0.68,-0.04,-5.8824,,16263000,,113293000.0,113293000.0,-5623000,-34859000.0,,,1011000.0,,,,21000.0,19090000,,92969000,92969000,24759000.0,,,7852000.0,,,9144000,9144000,14942000.0,14942000.0,,21055000,30199000,,69064000,20533000,8152000,,,,522000,,13383000.0,,,11604000.0,,,12381000,0,,,47453000,47906000,20850000,47875000.0,125076000.0,,,,,,,,,,,,,-152000.0,,,267298000.0,0.0,212932000.0,34809000,28136000.0,16532000.0,37000000.0,1100000.0,501266000.0,219403000.0,166613000.0,203531000.0,281863000.0,36918000.0,162033000,297735000.0,-95913000.0
ALGT,quarterly,2011-03-31,2011-04-28,post-market,USD,0.89,0.87,0.02,2.2989,,40531000,,115916000.0,115916000.0,113238000,-190302000.0,,,-2575000.0,,,,21000.0,19090000,,112190000,112190000,35369000.0,,,9342000.0,,,9890000,9890000,,,,28097000,37987000,,81041000,27301000,10148000,,,,796000,,15913000.0,,,137694000.0,,,17153000,0,,,79687000,53214000,27827000,53352000.0,152592000.0,,,,,,,,,,,,,-245000.0,,,297557000.0,0.0,230085000.0,30865000,143816000.0,6122000.0,189899000.0,1078000.0,697218000.0,384422000.0,212206000.0,381547000.0,312796000.0,169341000.0,193231000,315671000.0,-96158000.0
ALGT,quarterly,2011-06-30,2011-08-01,post-market,USD,0.62,0.58,0.04,6.8966,,10715000,,172204000.0,172204000.0,-1974000,33679000.0,,,-1184000.0,,,,22000.0,19131000,,123469000,123469000,39229000.0,,,9430000.0,,,10156000,10156000,0.0,0.0,,21118000,31274000,0.0,76980000,18883000,6934000,0.0,0.0,,2235000,,17052000.0,,,136142000.0,,5123000.0,11949000,11949000,,,24583000,56268000,20712000,48150000.0,18891000.0,,,-406000.0,,,,,,,,,,-1555000.0,,,294329000.0,0.0,242035000.0,29884000,142337000.0,6195000.0,145109000.0,1309000.0,701978000.0,391945000.0,206197000.0,373643000.0,310033000.0,167446000.0,200449000,328335000.0,-97713000.0
ALGT,quarterly,2011-09-30,2011-10-26,post-market,USD,0.49,0.45,0.04,8.8889,,17720000,,87338000.0,87338000.0,5788000,-85883000.0,,,2525000.0,,,,22000.0,19128000,,122650000,122650000,38478000.0,,,9044000.0,,,10676000,10676000,,,,17147000,27823000,,68850000,14892000,5406000,,,,2255000,,14482000.0,,,139951000.0,,25538000.0,9486000,9486000,,,-4771000,52119000,16731000,47694000.0,18011000.0,,,-416000.0,,,,,,,,,,,,,302229000.0,0.0,251520000.0,29517000,147844000.0,7893000.0,194583000.0,1184000.0,690052000.0,353141000.0,181349000.0,350946000.0,336911000.0,169597000.0,191500000,339106000.0,-97713000.0
ALGT,quarterly,2011-12-31,2012-02-01,post-market,USD,0.56,0.56,0.0,0.0,,17616000,,150740000.0,150740000.0,-1293000,34283000.0,,,-147000.0,,,,22000.0,19200000,,121386000,121386000,16756000.0,,,12866000.0,,,11253000,11253000,1314000.0,1314000.0,,20327000,31580000,0.0,72551000,18438000,7628000,0.0,0.0,,1889000,,14539000.0,,,138184000.0,,15987000.0,10810000,0,,,30412000,52377000,20174000,43437000.0,34096000.0,,,,,,,,,,,,,-122000.0,,,307842000.0,0.0,262330000.0,29590000,146069000.0,7885000.0,154779000.0,1164000.0,706743000.0,376361000.0,177505000.0,355239000.0,330382000.0,177734000.0,193937000,351504000.0,-97835000.0
ALGT,quarterly,2012-03-31,2012-04-25,post-market,USD,1.12,1.0,0.12,12.0,,31628000,,139548000.0,139548000.0,-1262000,-92822000.0,-11192000.0,,-984000.0,,,-936000.0,22000.0,19200000,,143405000,143405000,23922000.0,,,13802000.0,,,11970000,11970000,0.0,0.0,,36600000,48570000,0.0,94446000,34526000,12823000,0.0,0.0,,2074000,,15433000.0,,,136046000.0,,21722000.0,21703000,21703000,,,82892000,58135000,36311000,51199000.0,46536000.0,,,-289000.0,,,,,,,,,,-441000.0,,,327528000.0,0.0,284033000.0,33268000,144136000.0,8090000.0,210780000.0,986000.0,793242000.0,430762000.0,243785000.0,418527000.0,362480000.0,174742000.0,237851000,374715000.0,-98276000.0
ALGT,quarterly,2012-06-30,2012-08-01,post-market,USD,1.3,1.22,0.08,6.5574,,29467000,,170981000.0,170981000.0,13971000,-16286000.0,31433000.0,,1103000.0,,,-503000.0,22000.0,19303000,,128882000,128882000,22961000.0,,,14305000.0,,,13162000,13162000,0.0,0.0,,42054000,55216000,0.0,102284000,39854000,14671000,0.0,0.0,,2200000,,14240000.0,,,144731000.0,,20151000.0,25183000,25183000,,,33748000,60416000,41868000,46277000.0,41913000.0,,,-186000.0,,,,,,,,,,-136000.0,,,342169000.0,0.0,309216000.0,33229000,156176000.0,11445000.0,201226000.0,1144000.0,820721000.0,447029000.0,234038000.0,417731000.0,373692000.0,183693000.0,231166000,402990000.0,-98412000.0
ALGT,quarterly,2012-09-30,2012-10-24,post-market,USD,0.87,0.76,0.11,14.4737,,27747000,,157123000.0,157123000.0,-623000,-25386000.0,-13858000.0,,-5302000.0,,,-2257000.0,22000.0,19305000,,126840000,126840000,23271000.0,,,16562000.0,,,15704000,15704000,0.0,0.0,,29070000,44774000,0.0,90024000,26815000,9929000,0.0,0.0,,2255000,,19422000.0,,,142086000.0,,19626000.0,16945000,16886000,,,12151000,61276000,28748000,42824000.0,139441000.0,,,-322000.0,,,,,,,,,,-266000.0,,,353515000.0,0.0,326161000.0,32865000,153669000.0,11583000.0,199990000.0,1139000.0,821081000.0,435921000.0,210340000.0,396744000.0,385160000.0,186404000.0,216864000,423140000.0,-98678000.0
ALGT,quarterly,2012-12-31,2013-01-30,post-market,USD,0.76,0.7,0.06,8.5714,,16242000,,89557000.0,89557000.0,-41214000,-74333000.0,-67566000.0,,810000.0,,,-2073000.0,22000.0,19207000,,322120000,322120000,14533000.0,,,18635000.0,,,16667000,16667000,38602000.0,38602000.0,,25662000,42329000,0.0,-99282000,23452000,8810000,0.0,0.0,,2210000,,18432000.0,,,139229000.0,,26037000.0,14766000,14642000,,,47981000,-100171000,25377000,49504000.0,30625000.0,,,-285000.0,,,,,,,,,,-4151000.0,,,351204000.0,0.0,302325000.0,99362000,150852000.0,11623000.0,239139000.0,800000.0,798194000.0,415267000.0,210546000.0,396470000.0,382927000.0,185924000.0,222838000,400461000.0,-102829000.0
ALGT,quarterly,2013-03-31,2013-04-24,post-market,USD,1.65,1.47,0.18,12.2449,,13097000,,116607000.0,116607000.0,-25311000,-55463000.0,27050000.0,,2748000.0,,,4019000.0,22000.0,19207000,,204321000,204321000,18933000.0,,,14616000.0,,,16892000,16892000,0.0,0.0,,52667000,69559000,0.0,68638000,50479000,18648000,0.0,0.0,,2188000,,15504000.0,,,136128000.0,,33204000.0,31932000,31831000,,,107824000,16271000,52367000,43253000.0,43255000.0,,,-300000.0,,,,,,,,,,-23180000.0,,,346030000.0,0.0,334257000.0,57433000,148001000.0,11873000.0,284697000.0,2309000.0,859253000.0,474677000.0,259962000.0,447047000.0,384576000.0,187085000.0,272959000,410922000.0,-126009000.0
ALGT,quarterly,2013-06-30,2013-07-23,pre-market,USD,1.34,1.36,-0.02,-1.4706,,63948000,,86379000.0,86379000.0,-9826000,-53659000.0,-30228000.0,,-2507000.0,,,-2300000.0,22000.0,19041000,,196533000,196533000,17281000.0,,,16916000.0,,,17892000,17892000,0.0,0.0,,43204000,61096000,0.0,59313000,40910000,15223000,0.0,0.0,,2294000,,17831000.0,,,133093000.0,,35754000.0,25760000,25687000,,,33257000,16457000,42856000,37999000.0,45342000.0,,,-348000.0,,,,,,,,,,-9775000.0,,,390310000.0,0.0,360017000.0,56111000,145113000.0,12020000.0,272063000.0,2899000.0,862552000.0,431188000.0,247517000.0,430248000.0,431364000.0,182731000.0,255846000,429593000.0,-135784000.0
ALGT,quarterly,2013-09-30,2013-10-23,post-market,USD,0.91,0.9,0.01,1.1111,,84515000,,32988000.0,32988000.0,-11213000,-51529000.0,-53391000.0,,-3423000.0,,,327000.0,22000.0,18794000,,183885000,183885000,11582000.0,,,16589000.0,,,17106000,17106000,0.0,0.0,,29232000,46338000,0.0,44989000,27517000,10520000,0.0,0.0,,2257000,,21074000.0,,,166121000.0,,24894000.0,17106000,16997000,,,9351000,15757000,29232000,38055000.0,42260000.0,,,-542000.0,,,,,,,,,,-47035000.0,,,455955000.0,0.0,377123000.0,53892000,179705000.0,13584000.0,250067000.0,2722000.0,843869000.0,358773000.0,227925000.0,439709000.0,485096000.0,211784000.0,228874000,402375000.0,-182819000.0
ALGT,quarterly,2013-12-31,2014-01-29,post-market,USD,0.94,0.93,0.01,1.0753,,15956000,,97711000.0,97711000.0,50448000,-32181000.0,64723000.0,,1359000.0,,,-268000.0,22000.0,18596000,,188987000,188987000,15823000.0,,,16857000.0,,,17374000,17374000,55959000.0,55959000.0,,13155000,30529000,0.0,49484000,27775000,10510000,0.0,0.0,,2754000,,19428000.0,,,214063000.0,,37692000.0,17476000,17264000,,,46456000,19202000,30282000,42547000.0,86255000.0,,,-246000.0,,,,,,,,,,-3617000.0,,,451584000.0,0.0,352811000.0,58879000,234300000.0,20237000.0,253378000.0,1888000.0,930191000.0,429921000.0,290651000.0,552874000.0,500270000.0,262223000.0,238471000,375743000.0,-186291000.0
ALGT,quarterly,2014-03-31,2014-04-23,post-market,USD,1.86,1.78,0.08,4.4944,,11070000,,90118000.0,90118000.0,-116904000,1946000.0,-7593000.0,,1491000.0,,,-1794000.0,22000.0,18248000,,226081000,226081000,21927000.0,,,18651000.0,,,18431000,18431000,41787000.0,41787000.0,,57271000,75702000,0.0,76443000,54345000,20270000,0.0,0.0,,3128000,,17642000.0,,,208905000.0,,23062000.0,34222000,34075000,,,107365000,19172000,57271000,45743000.0,51488000.0,,,-202000.0,,,,,,,,,,-73397000.0,,,442818000.0,0.0,387020000.0,65611000,229339000.0,20434000.0,254769000.0,2189000.0,904242000.0,426923000.0,302963000.0,561373000.0,477319000.0,258410000.0,302524000,341442000.0,-259689000.0
ALGT,quarterly,2014-06-30,2014-07-23,post-market,USD,1.86,1.82,0.04,2.1978,,103921000,,335263000.0,335263000.0,243781000,-38479000.0,245145000.0,,-1481000.0,,,-1805000.0,22000.0,17865000,,215029000,215029000,18435000.0,,,20456000.0,,,19750000,19750000,41787000.0,41787000.0,,56413000,76163000,0.0,75512000,53131000,19764000,0.0,0.0,,3591000,,18805000.0,,,567898000.0,,3956000.0,33499000,33367000,,,39843000,19099000,56413000,46955000.0,52858000.0,,,-309000.0,,,,,,,,,,-93000.0,,,667360000.0,0.0,420519000.0,66396000,619415000.0,51517000.0,212982000.0,2297000.0,1317329000.0,634461000.0,315404000.0,939305000.0,682868000.0,623901000.0,290541000,376729000.0,-259781000.0
ALGT,quarterly,2014-09-30,2014-10-22,post-market,USD,0.8,0.86,-0.06,-6.9767,,73140000,,86197000.0,86197000.0,-64555000,-232457000.0,-249066000.0,,2060000.0,,,3948000.0,22000.0,17704000,,214338000,214338000,18678000.0,,,16508000.0,,,22174000,22174000,41787000.0,41787000.0,,36167000,58341000,0.0,50691000,21977000,7866000,0.0,0.0,,7097000,,16402000.0,,,554421000.0,,100846000.0,14172000,14111000,,,47946000,21824000,28867000,48651000.0,60260000.0,,,-207000.0,,,,,,,,,,-55833000.0,,,717058000.0,0.0,434690000.0,73933000,606316000.0,51895000.0,272555000.0,9327000.0,1269904000.0,440313000.0,325961000.0,928671000.0,829591000.0,602710000.0,265029000,339999000.0,-315614000.0
ALGT,quarterly,2014-12-31,2015-01-28,post-market,USD,1.83,1.58,0.25,15.8228,,91287000,,89610000.0,89610000.0,-24956000,-46258000.0,3413000.0,,-923000.0,,,2292000.0,22000.0,17450000,,196916000,196916000,13232000.0,,52605000.0,14216000.0,,,23054000,23054000,370000.0,370000.0,,15067000,38121000,0.0,82034000,7676000,2928000,0.0,0.0,,7388000,,16980000.0,,,539280000.0,,59201000.0,4794000,4750000,,,74627000,67244000,14790000,43004000.0,111311000.0,,,1709000.0,,,,,,,,,,-9782000.0,,,738783000.0,0.0,395783000.0,71463000,588794000.0,52605000.0,269817000.0,2910000.0,1239385000.0,433627000.0,363168000.0,941015000.0,805758000.0,579061000.0,278950000,292877000.0,-325396000.0
ALGT,quarterly,2015-03-31,2015-04-22,post-market,USD,3.74,3.55,0.19,5.3521,,64128000,,107108000.0,107108000.0,-78577000,-66885000.0,17498000.0,,0.0,,,,22000.0,17237000,,198488000,198488000,16110000.0,,,13468000.0,,,24347000,24347000,48050000.0,48050000.0,,108099000,132446000,0.0,130753000,101374000,36551000,0.0,0.0,,6826000,,15959000.0,,,556505000.0,,37471000.0,64867000,64823000,,,162960000,22654000,108099000,44849000.0,83390000.0,,,-101000.0,,,,,,,,,,-54739000.0,,,775474000.0,0.0,456316000.0,81207000,617263000.0,60758000.0,295399000.0,5033000.0,1298977000.0,476783000.0,394019000.0,995389000.0,822194000.0,601370000.0,329241000,302443000.0,-380135000.0
ALGT,quarterly,2015-06-30,2015-07-29,post-market,USD,3.18,3.13,0.05,1.5974,,68361000,,93471000.0,93471000.0,-21480000,-59942000.0,-13637000.0,,0.0,,,212000.0,22000.0,16992000,,206458000,206458000,12120000.0,,,14004000.0,,,24904000,24904000,4265000.0,4265000.0,,93353000,118257000,0.0,115644000,86336000,31997000,0.0,0.0,,7017000,,15139000.0,,,562382000.0,,37354000.0,54339000,54339000,,,67785000,22888000,92756000,43384000.0,84389000.0,,,-597000.0,,,,,,,,,,-28048000.0,,,818961000.0,0.0,510354000.0,76486000,627616000.0,65234000.0,286897000.0,1249000.0,1317481000.0,452895000.0,384327000.0,991300000.0,864586000.0,606973000.0,322102000,326181000.0,-408183000.0
ALGT,quarterly,2015-09-30,2015-10-21,post-market,USD,2.62,2.63,-0.01,-0.3802,,41437000,,78545000.0,78545000.0,-25590000,-26201000.0,-14926000.0,,-26876000.0,,,-1708000.0,22000.0,16869000,,204104000,204104000,7358000.0,,,15712000.0,,,24346000,24346000,5095000.0,5095000.0,,77450000,101796000,0.0,95852000,70763000,26305000,0.0,0.0,,6687000,,16846000.0,,,566159000.0,,62892000.0,44458000,44458000,,,36865000,18770000,77082000,45389000.0,71463000.0,,,-368000.0,,,,,,,,,,-38332000.0,,,832822000.0,0.0,549679000.0,77738000,635752000.0,69593000.0,246985000.0,4454000.0,1303907000.0,403477000.0,358139000.0,969829000.0,900430000.0,611690000.0,299956000,334078000.0,-446515000.0
ALGT,quarterly,2015-12-31,2016-01-27,post-market,USD,3.38,3.14,0.24,7.6433,,78760000,,87112000.0,87112000.0,-8000000,-81190000.0,8567000.0,,9090000.0,,,566000.0,22000.0,16789000,,194437000,194437000,6801000.0,,74069000.0,15146000.0,,,24500000,24500000,5029000.0,5029000.0,,69723000,94223000,0.0,116452000,88244000,31536000,0.0,0.0,,5979000,,15583000.0,,,567609000.0,,64752000.0,56708000,56710000,,,97757000,22690000,93762000,31819000.0,114716000.0,,,2593000.0,,,,,,,,,,-8336000.0,,,885942000.0,0.0,573619000.0,81369000,641678000.0,74069000.0,245583000.0,-262000.0,1351662000.0,395243000.0,395137000.0,1008326000.0,956419000.0,613189000.0,310889000,350005000.0,-453415000.0
ALGT,quarterly,2016-03-31,2016-04-27,post-market,USD,4.29,4.28,0.01,0.2336,,71689000,,102134000.0,102134000.0,-79328000,-66089000.0,15022000.0,,9090000.0,,,,22000.0,16699000,,204778000,204778000,11070000.0,,79767000.0,14346000.0,,,24685000,24685000,32783000.0,32783000.0,,122101000,146786000,0.0,143837000,114862000,42882000,0.0,0.0,,7239000,,15581000.0,,,571280000.0,,68434000.0,71980000,71980000,,,160439000,22711000,121126000,27800000.0,91080000.0,,,975000.0,,,,,,,,,,-55633000.0,,,930550000.0,0.0,640545000.0,91686000,651047000.0,79767000.0,240654000.0,2287000.0,1404795000.0,400515000.0,423135000.0,1042334000.0,1004280000.0,619199000.0,348615000,362461000.0,-509048000.0
ALGT,quarterly,2016-06-30,2016-07-29,pre-market,USD,3.68,3.55,0.13,3.662,,33488000,,105683000.0,105683000.0,-39263000,-52848000.0,3549000.0,,0.0,,,-4895000.0,22000.0,16442000,,216762000,216762000,10306000.0,,80085000.0,20041000.0,,,25396000,25396000,11572000.0,11572000.0,,105486000,130882000,0.0,128089000,98096000,37249000,0.0,0.0,,7390000,,16584000.0,,,550636000.0,,72882000.0,60847000,60847000,,,95660000,23613000,104476000,30169000.0,109934000.0,,,1010000.0,,,,,,,,,,-7686000.0,,,937125000.0,0.0,689819000.0,92166000,630721000.0,80085000.0,255424000.0,715000.0,1446965000.0,427901000.0,441192000.0,1040223000.0,1019064000.0,599031000.0,344851000,406742000.0,-515777000.0
ALGT,quarterly,2016-09-30,2016-10-26,post-market,USD,2.75,2.66,0.09,3.3835,,45137000,,48718000.0,48718000.0,56107000,-165066000.0,-56965000.0,,-20180000.0,,,-8132000.0,22000.0,16406000,,227597000,227597000,11021000.0,,137452000.0,28173000.0,,,25881000,25881000,11540000.0,11540000.0,,77929000,103810000,0.0,105884000,70991000,25538000,0.0,0.0,,6938000,,16627000.0,,,561493000.0,,65247000.0,45453000,45453000,,,51994000,29044000,76840000,30570000.0,106876000.0,,7417000.0,1089000.0,,,,,,,,,,-44000.0,,,1066108000.0,0.0,723732000.0,102468000,698945000.0,137452000.0,269341000.0,1340000.0,1534814000.0,393429000.0,475876000.0,1092526000.0,1141385000.0,616650000.0,333481000,442288000.0,-515821000.0
ALGT,quarterly,2016-12-31,2017-01-31,post-market,USD,2.48,2.4,0.08,3.3333,,49429000,,64711000.0,64711000.0,95059000,-117834000.0,15993000.0,,-46231000.0,,,-5174000.0,22000.0,16404000,,241199000,241199000,16010000.0,,86226000.0,40667000.0,,,29254000,29254000,11645000.0,11645000.0,,69278000,98532000,0.0,94684000,62009000,20699000,0.0,0.0,,7269000,,16797000.0,,,722048000.0,,124834000.0,41310000,41310000,,,38768000,26569000,68115000,30610000.0,96267000.0,,7670000.0,1162000.0,,,,,,,,,,-3008000.0,,,1095314000.0,0.0,753397000.0,107359000,808274000.0,86226000.0,269269000.0,5047000.0,1671576000.0,422054000.0,392898000.0,1197954000.0,1249522000.0,805056000.0,335883000,473622000.0,-517803000.0
ALGT,quarterly,2017-03-31,2017-04-25,post-market,USD,2.5,2.56,-0.06,-2.3438,,52629000,,64732000.0,64732000.0,-21532000,-125398000.0,21000.0,,31441000.0,,,23162000.0,23000.0,16405000,,273600000,273600000,25295000.0,,88198000.0,17327000.0,,,30549000,30549000,11671000.0,11671000.0,,74512000,105061000,0.0,102237000,66111000,24479000,0.0,0.0,,8401000,,16345000.0,,,715383000.0,,172845000.0,41632000,41632000,,,146951000,29349000,72888000,39016000.0,85927000.0,,9112000.0,1624000.0,,,,,,,,,,-4923000.0,,,1121230000.0,0.0,783358000.0,125647000,803581000.0,88198000.0,288727000.0,4349000.0,1749744000.0,426147000.0,444340000.0,1246642000.0,1323597000.0,802302000.0,375837000,503102000.0,-522726000.0
ALGT,quarterly,2017-06-30,2017-07-26,post-market,USD,2.94,2.96,-0.02,-0.6757,,66217000,,20040000.0,20040000.0,-16760000,-144125000.0,-44692000.0,,13299000.0,,,-6590000.0,23000.0,16220000,,277780000,277780000,18002000.0,,877469000.0,23917000.0,,,30129000,30129000,11533000.0,11533000.0,,87164000,117293000,0.0,122834000,78275000,29800000,0.0,0.0,,8889000,,17855000.0,,,761082000.0,,159769000.0,48475000,48475000,,,116193000,37638000,85196000,41985000.0,110842000.0,,8732000.0,1968000.0,,,,,,,,,,-80017000.0,,,1212771000.0,0.0,820300000.0,129859000,877469000.0,116387000.0,323117000.0,2900000.0,1839997000.0,426914000.0,483066000.0,1380511000.0,1413083000.0,897445000.0,400614000,459486000.0,-606352000.0
ALGT,quarterly,2017-09-30,2017-10-25,post-market,USD,1.39,1.32,0.07,5.303,,214900000,,74023000.0,74023000.0,117494000,-96761000.0,53983000.0,,-34195000.0,,,1137000.0,23000.0,15862000,,267654000,267654000,19247000.0,,165837000.0,22780000.0,,,31893000,31893000,11258000.0,11258000.0,,46196000,78089000,0.0,81115000,34729000,12436000,0.0,0.0,,10041000,,20444000.0,,,845727000.0,,76913000.0,22293000,22293000,,,33250000,38199000,42916000,49208000.0,84210000.0,,12521000.0,1854000.0,,,,,,,,,,-5505000.0,,,1331798000.0,0.0,831334000.0,126987000,1011564000.0,165837000.0,351519000.0,3598000.0,1965972000.0,517974000.0,493848000.0,1492146000.0,1447998000.0,998298000.0,348769000,473826000.0,-606918000.0
ALGT,quarterly,2017-12-31,2018-01-31,post-market,USD,2.71,1.72,0.99,57.5581,,234693000,,59449000.0,59449000.0,142924000,-252235000.0,-14574000.0,,7235000.0,,,-48277000.0,23000.0,15898000,,276769000,276769000,20108000.0,,214761000.0,71057000.0,,,29142000,29142000,11258000.0,11258000.0,,28089000,57231000,0.0,101789000,16431000,-66071000,0.0,0.0,,11658000,,17647000.0,,,950131000.0,,78570000.0,82502000,82502000,,,94737000,40367000,26169000,40441000.0,96829000.0,,13407000.0,1921000.0,,,,,,,,,,-12000.0,,,1512415000.0,0.0,902579000.0,134657000,1164892000.0,214761000.0,352681000.0,3009000.0,2180157000.0,541275000.0,544295000.0,1626846000.0,1638882000.0,1082030000.0,378558000,553311000.0,-605655000.0
ALGT,quarterly,2018-03-31,2018-04-25,post-market,USD,3.42,3.01,0.41,13.6213,,69167000,,50777000.0,50777000.0,-115064000,-65355000.0,-7492000.0,,62302000.0,,,6713000.0,23000.0,15898000,,304014000,304014000,29801000.0,,154850000.0,64344000.0,,,28149000,28149000,11295000.0,11295000.0,,82115000,110264000,0.0,121430000,69391000,14198000,0.0,0.0,,12724000,,18335000.0,,,984926000.0,,85659000.0,55193000,55193000,,,172927000,41462000,79968000,42087000.0,119448000.0,,11716000.0,2147000.0,,,,,,,,,,-2233000.0,,,1635821000.0,0.0,952403000.0,154425000,1139776000.0,154850000.0,341262000.0,3796000.0,2288965000.0,516805000.0,560872000.0,1689161000.0,1772160000.0,1128289000.0,425444000,599804000.0,-607888000.0
ALGT,quarterly,2018-06-30,2018-07-25,post-market,USD,3.1,2.73,0.37,13.5531,,118289000,,28981000.0,28981000.0,-38023000,-93198000.0,-20913000.0,,-19326000.0,,,40160000.0,23000.0,15945000,,320171000,320171000,27473000.0,,144392000.0,24184000.0,,,29834000,29834000,11310000.0,11310000.0,,76198000,106032000,0.0,116609000,63043000,13027000,0.0,0.0,,13156000,,20419000.0,,,992322000.0,,56358000.0,50016000,50016000,,,110308000,42387000,74222000,48529000.0,124326000.0,,11138000.0,1977000.0,,,,,,,,,,-761000.0,,,1746707000.0,0.0,991109000.0,144032000,1136714000.0,144392000.0,343180000.0,2310000.0,2325505000.0,465293000.0,533123000.0,1680837000.0,1860212000.0,1147714000.0,436780000,644668000.0,-607025000.0
ALGT,quarterly,2018-09-30,2018-10-24,post-market,USD,0.94,0.96,-0.02,-2.0833,,86543000,,140800000.0,140800000.0,140524000,-28577000.0,118835000.0,,-16293000.0,,,-8868000.0,23000.0,15962000,,321671000,321671000,17299000.0,,654697000.0,33672000.0,,,34658000,34658000,11314000.0,11314000.0,,28724000,63382000,0.0,71438000,14415000,-732000,0.0,0.0,,14309000,,23790000.0,,,658352000.0,,53353000.0,15147000,15147000,,,6888000,45257000,26181000,51086000.0,110705000.0,,14160000.0,2543000.0,,,,,,,,,,-623000.0,,,1816805000.0,0.0,994942000.0,142963000,1313049000.0,654697000.0,284600000.0,4937000.0,2480495000.0,533916000.0,1014432000.0,1827499000.0,1946579000.0,813067000.0,393109000,653000000.0,-607649000.0
ALGT,quarterly,2018-12-31,2019-01-30,post-market,USD,2.56,2.47,0.09,3.6437,,60800000,,81500000.0,81500000.0,-49800000,-81847000.0,-65158000.0,,-11938000.0,,,-2381000.0,23000.0,15989000,,304102000,304102000,27452000.0,,152287000.0,36014000.0,,,36710000,36710000,11328000.0,11328000.0,,66042000,102752000,,108012000,52469000,11022000,,,,13574000,,19516000.0,,,1119446000.0,,51526000.0,41447000,41446000,,,66400000,44924000,63088000,43734000.0,103028000.0,,10878000.0,2954000.0,,,,,,,,,,-33000.0,,,1847268000.0,0.0,1025061000.0,146501000,1271733000.0,152287000.0,314500000.0,4055000.0,2498668000.0,495248000.0,513996000.0,1808347000.0,2003420000.0,1294351000.0,412114000,690300000.0,-605037000.0
ALGT,quarterly,2019-03-31,2019-04-24,post-market,USD,3.69,3.9,-0.21,-5.3846,,122600000,,243300000.0,243300000.0,61323000,-59553000.0,161867000.0,,65900000.0,,,1805000.0,23000.0,16013000,,317064000,317064000,28690000.0,,154027000.0,34209000.0,,,36182000,36182000,11394000.0,11394000.0,,90499000,126681000,,134558000,73919000,16795000,,,,16580000,3201000.0,19527000.0,,,1203709000.0,,24605000.0,57124000,57124000,-13379000.0,,156400000,43480000,91078000,49973000.0,136075000.0,,33145000.0,-579000.0,,,,,,,,,,-2279000.0,,,1940480000.0,,1069690000.0,140337000,1357736000.0,154027000.0,287000000.0,4538000.0,2750477000.0,633946000.0,595033000.0,2012023000.0,2116531000.0,1416990000.0,451622000,738500000.0,-607316000.0
ALGT,quarterly,2019-06-30,2019-07-24,post-market,USD,4.5,4.7,-0.2,-4.2553,,111900000,,453900000.0,453900000.0,130243000,-37266000.0,210392000.0,,-656000.0,,,-1891000.0,23000.0,16069000,,338820000,338820000,32097000.0,,160523000.0,36100000.0,,,38494000,38494000,11411000.0,11411000.0,,108105000,146599000,,152939000,91789000,21246000,,,,19904000,3502000.0,25131000.0,,,1338734000.0,,24704000.0,70543000,70543000,-16402000.0,,121100000,44834000,108105000,48418000.0,145243000.0,,32115000.0,3588000.0,,,,,,,,,,,,,2019774000.0,,1128822000.0,158426000,1522973000.0,162763000.0,216700000.0,4590000.0,2982200000.0,780247000.0,607153000.0,2177691000.0,2201953000.0,1570538000.0,491759000,804500000.0,-605115000.0
ALGT,quarterly,2019-09-30,2019-10-24,post-market,USD,2.7,2.21,0.49,22.1719,,115700000,,88100000.0,88100000.0,-176309000,-227187000.0,-359581000.0,,-31449000.0,,,4650000.0,23000.0,16039000,,319895000,319895000,21493000.0,,138685000.0,31450000.0,,,39436000,39436000,11409000.0,11409000.0,,72116000,111552000,,116614000,56905000,12976000,,,,18603000,3335000.0,27210000.0,,,1213299000.0,,39057000.0,43929000,43929000,-15268000.0,,43900000,44498000,72116000,63831000.0,121399000.0,,33519000.0,3392000.0,,,,,,,,,,-18549000.0,,,2102815000.0,,1161893000.0,152084000,1376116000.0,138685000.0,314800000.0,4435000.0,2834480000.0,525427000.0,549253000.0,2007872000.0,2309053000.0,1458619000.0,436509000,826600000.0,-620655000.0
ALGT,quarterly,2019-12-31,2020-01-29,post-market,USD,3.72,3.82,-0.1,-2.6178,,155000000,,136785000.0,136785000.0,59870000,-152457000.0,28196000.0,,19773000.0,,,5934000.0,23000.0,16006000,,321479000,321479000,27667000.0,,173274000.0,25516000.0,,,41740000,41740000,11338000.0,11338000.0,,95876000,137616000,,139594000,78634000,18113000,,,,17242000,2485000.0,28375000.0,,,1248579000.0,,15542000.0,60521000,60521000,-14757000.0,,119200000,46942000,92652000,35617000.0,159031000.0,,33569000.0,3225000.0,,,,,,,,,,-20000.0,,,2236808000.0,,1211076000.0,179356000,1445805000.0,175936000.0,335928000.0,4663000.0,3010803000.0,562221000.0,612584000.0,2127252000.0,2448582000.0,1514668000.0,461073000,883551000.0,-617579000.0
ALGT,quarterly,2020-03-31,2020-05-12,post-market,USD,2.05,1.02,1.03,100.9804,,134500000,,154032000.0,154032000.0,17792000,-106862000.0,17247000.0,,,,,,23000.0,15952000,,308914000,308914000,62460000.0,,223600000.0,190108000.0,,,43699000,43699000,11478000.0,11478000.0,,-116640000,-72941000,,100267000,-130726000,-97717000,,,,14086000,2311000.0,28700000.0,,,1264389000.0,,11019000.0,-33009000,-33009000,-11775000.0,,106300000,218072000,-117805000,43011000.0,154009000.0,,81585000.0,1165000.0,,,,,,,,,,-33773000.0,,,2210721000.0,,1166589000.0,157818000,1560488000.0,223600000.0,314946000.0,,3191907000.0,730797000.0,743904000.0,2382004000.0,2461110000.0,1638100000.0,409181000,809903000.0,-651352000.0
ALGT,quarterly,2020-06-30,2020-07-29,post-market,USD,-5.96,-5.5,-0.46,-8.3636,,36190000,,287642000.0,287642000.0,14997000,-51736000.0,133610000.0,,,,,,23000.0,15902000,,207308000,207308000,51286000.0,,227732000.0,208573000.0,,,43296000,43296000,117000.0,117000.0,,-132363000,-89067000,,-73961000,-146416000,-53313000,,,,14053000,1417000.0,25856000.0,,,1273439000.0,,0.0,-93103000,-93103000,-12636000.0,,170349000,39291000,-113252000,24552000.0,225284000.0,,111205000.0,-19111000.0,,,,,,,,,,0.0,,,2076448000.0,,1073602000.0,127451000,1591428000.0,227732000.0,390864000.0,,3272969000.0,937487000.0,859037000.0,2536409000.0,2335482000.0,1677372000.0,133347000,736560000.0,-648118000.0
ALGT,quarterly,2020-09-30,2020-10-28,post-market,USD,-4.28,-5.18,0.9,17.3745,,27894000,115678000.0,285468000.0,285468000.0,48313000,-50546000.0,-2174000.0,,,,,,23000.0,16006000,,250667000,250667000,64674000.0,,233680000.0,166924000.0,,,45290000,45290000,11361000.0,11361000.0,,-32765000,12525000,,-49683000,-44708000,-15565000,,,,11943000,868000.0,26305000.0,,,1316171000.0,,0.0,-29143000,-29143000,-11075000.0,,-2900000,-16602000,-33081000,30742000.0,130665000.0,,125669000.0,316000.0,,,,,,,,,,-33773000.0,,,2004829000.0,,1044460000.0,123551000,1665529000.0,247494000.0,441764000.0,,3223093000.0,951203000.0,776894000.0,2511395000.0,2271890000.0,1734501000.0,200984000,711698000.0,-648118000.0
ALGT,quarterly,2020-12-31,2021-02-03,post-market,USD,-1.12,-2.34,1.22,52.1368,,82592000,116602000.0,152764000.0,152764000.0,83501000,-156547000.0,-115149000.0,,-207300000.0,,,4390000.0,23000.0,16108000,,227524000,227524000,34197000.0,,217234000.0,192215000.0,,,43982000,43982000,11361000.0,11361000.0,,-22873000,21109000,,19037000,-39217000,-10379000,,,,16344000,913000.0,24006000.0,,,1441777000.0,,0.0,-28838000,-28838000,-15431000.0,,-42103000,42685000,-23648000,42171000.0,102365000.0,,126677000.0,-3404000.0,,,,,,,,,,-27000.0,,,2050311000.0,,1015622000.0,91799000,1775613000.0,231547000.0,532477000.0,20100000.0,3258925000.0,943633000.0,689345000.0,2559562000.0,2315292000.0,1870217000.0,246561000,699363000.0,-646008000.0
ALGT,quarterly,2021-03-31,2021-05-04,post-market,USD,-3.58,-3.01,-0.57,-18.9369,,69499000,118350000.0,301615000.0,301615000.0,-47166000,35681000.0,156508000.0,,,,,,23000.0,16167000,,315157000,315157000,37767000.0,,156482000.0,188116000.0,,,43174000,43174000,0.0,0.0,,25458000,68632000,,-36033000,8670000,1801000,,,,16788000,463000.0,26276000.0,,,1459570000.0,,,6869000,6869000,-16325000.0,,167993000,-60635000,24602000,57300000.0,129795000.0,,130246000.0,463000.0,,,,,,,,,,0.0,,,2072211000.0,,1022491000.0,147335000,1734402000.0,171729000.0,426381000.0,,3345200000.0,999688000.0,742340000.0,2635546000.0,2345512000.0,1893206000.0,279124000,709654000.0,-646008000.0
ALGT,quarterly,2021-06-30,2021-07-28,post-market,USD,3.46,2.88,0.58,20.1389,,64985000,131701000.0,451390000.0,451390000.0,292663000,-405080000.0,124563000.0,,,,,,25000.0,16632000,,360808000,360808000,57143000.0,,144382000.0,175388000.0,,,44522000,44522000,0.0,0.0,,139291000,183813000,,111625000,122571000,27544000,,,,16720000,500000.0,30194000.0,,,1441083000.0,,,95027000,95027000,-16220000.0,,236980000,-27226000,138851000,32537000.0,182914000.0,,22921000.0,489000.0,,,,,,,,,,0.0,,,2245155000.0,,1117518000.0,17632000,1717166000.0,161322000.0,767410000.0,,3874706000.0,1456919000.0,838107000.0,2727572000.0,2417787000.0,1889465000.0,472433000,1147134000.0,-642177000.0
ALGT,quarterly,2021-09-30,2021-10-27,post-market,USD,0.66,0.62,0.04,6.4516,,32018000,127964000.0,235964000.0,235964000.0,-40114000,-143934000.0,-215426000.0,,,,,,25000.0,17767000,,397632000,397632000,35386000.0,,139590000.0,147407000.0,,,46399000,46399000,,,,66425000,112824000,,61837000,50231000,10977000,,,,16194000,375000.0,28424000.0,,,1434614000.0,,,39254000,39254000,-15819000.0,,-31400000,-4452000,66289000,31619000.0,148634000.0,,27027000.0,614000.0,,,,,,,,,,0.0,,,2272285000.0,,1156772000.0,22047000,1702168000.0,157232000.0,877344000.0,,3766753000.0,1320758000.0,692774000.0,2575689000.0,2445995000.0,1882915000.0,459469000,1191064000.0,-642177000.0
ALGT,quarterly,2021-12-31,2022-02-02,post-market,USD,1.18,1.17,0.01,0.8547,,89035000,134148000.0,400701000.0,400701000.0,80084000,-79945000.0,164737000.0,,143589000.0,,,-14717000.0,25000.0,17835000,,402778000,402778000,43566000.0,,130053000.0,62659000.0,,,46940000,46940000,,,,33848000,80788000,,94106000,15147000,4444000,,,,18701000,476000.0,27500000.0,,,1612486000.0,,2231000.0,10703000,10703000,-17824000.0,,164598000,60775000,33331000,28073000.0,162892000.0,,145853000.0,382000.0,,,,,,,,,,335139000.0,,,2389594000.0,,1167475000.0,21454000,1876687000.0,149134000.0,819478000.0,17200000.0,4010160000.0,1338411000.0,663045000.0,2786608000.0,2671749000.0,2123563000.0,496884000,1223552000.0,-638057000.0
ALGT,quarterly,2022-03-31,2022-05-04,post-market,USD,-0.12,-0.05,-0.07,-140.0,,71659000,129524000.0,403085000.0,403085000.0,-37643000,-109754000.0,28604000.0,,,,,,25000.0,17954000,,444186000,444186000,59140000.0,,140450000.0,91070000.0,,,46343000,46343000,,,,8008000,54351000,,55923000,-10567000,-2686000,,,,18575000,773000.0,36098000.0,,,1634539000.0,,0.0,-7881000,-7881000,-17802000.0,,176001000,48694000,7229000,71290000.0,216690000.0,,110210000.0,779000.0,,,,,,,,,,,,,2427180000.0,,1159594000.0,182562000,1904513000.0,159764000.0,808949000.0,,4231267000.0,1410492000.0,888216000.0,3008971000.0,2820775000.0,2120755000.0,500109000,1222296000.0,-638057000.0
ALGT,quarterly,2022-06-30,2022-08-03,post-market,USD,0.62,1.0,-0.38,-38.0,,133499000,124749000.0,418051000.0,418051000.0,79497000,-142532000.0,-11254000.0,,,,,,25000.0,18006000,,549635000,549635000,63558000.0,,157957000.0,85315000.0,,,49183000,49183000,,,,28247000,77430000,,80212000,5832000,1474000,,,,22415000,2218000.0,35566000.0,,,1803533000.0,,0.0,4358000,4358000,-20197000.0,,51781000,54082000,26130000,50270000.0,226083000.0,,33417000.0,2117000.0,,,,,,,,,,,,,2555334000.0,,1163952000.0,193621000,2086239000.0,177508000.0,813243000.0,,4437873000.0,1402445000.0,918236000.0,3205502000.0,3035428000.0,2287266000.0,629847000,1232371000.0,-633332000.0
ALGT,quarterly,2022-09-30,2022-11-02,post-market,USD,-0.54,-0.44,-0.1,-22.7273,,99798000,119903000.0,240528000.0,240528000.0,-57556000,-83336000.0,-146852000.0,,,,,,25000.0,18014000,,499987000,499987000,51394000.0,,152550000.0,79150000.0,,,50092000,50092000,,,,-26216000,23876000,,60338000,-56162000,-9703000,,,,29946000,4918000.0,39070000.0,,,1840000000.0,,0.0,-46459000,-46459000,-25028000.0,,-5960000,91249000,-30911000,77443000.0,256429000.0,,39285000.0,4695000.0,,,,,,,,,,,,,2738516000.0,,1117493000.0,193443000,2112453000.0,172342000.0,761362000.0,,4410964000.0,1197553000.0,910089000.0,3221991000.0,3213411000.0,2311902000.0,560325000,1188973000.0,-633332000.0
ALGT,quarterly,2022-12-31,2023-02-01,post-market,USD,3.17,0.73,2.44,334.2466,,41234000,114945000.0,229989000.0,229989000.0,48821000,-155802000.0,,,,,,,25000.0,17910000,,467553000,467553000,58335000.0,,152900000.0,106578000.0,,,51924000,51924000,0.0,0.0,,97986000,149910000,,143996000,65851000,13376000,,,,32135000,8560000.0,35546000.0,,,1944078000.0,,63300000.0,52475000,52474000,-23575000.0,,81228000,54797000,89199000,177093000.0,226276000.0,,35330000.0,,,,,,,,,,,-29905000.0,,,2922372000.0,,1169968000.0,25216000,2211923000.0,172873000.0,725063000.0,16300000.0,4511297000.0,1274269000.0,869831000.0,3290599000.0,3237028000.0,2420768000.0,611549000,1220698000.0,
ALGT,quarterly,2023-03-31,2023-05-03,pre-market,USD,3.04,2.3,0.74,32.1739,,129883000,110103000.0,317573000.0,317573000.0,-11877000,-114239000.0,89284000.0,,,,,,25000.0,17769000,,498903000,498903000,65936000.0,,289669000.0,57798000.0,,,54680000,54680000,0.0,0.0,,104946000,159626000,,150784000,74418000,18269000,,,,30528000,10128000.0,35086000.0,,,1816151000.0,,68800000.0,56149000,56149000,-20400000.0,,215400000,55959000,94825000,199050000.0,225510000.0,,14158000.0,10121000.0,,,,,,,,,,-12470000.0,,,2946941000.0,,1226117000.0,26928000,2215923000.0,309869000.0,690593000.0,,4680421000.0,1300100000.0,1117262000.0,3409024000.0,3380321000.0,2291762000.0,649687000,1271397000.0,-672493000.0
ALGT,quarterly,2023-06-30,2023-08-02,post-market,USD,4.35,3.73,0.62,16.622,,153037000,113373000.0,168620000.0,168620000.0,106248000,-403570000.0,-166110000.0,,,,,,26000.0,17683000,,500038000,500038000,63995000.0,,270216000.0,47147000.0,,,53933000,53933000,0.0,0.0,,145229000,199162000,,183772000,116345000,27876000,,,,28884000,11845000.0,34566000.0,,,1887785000.0,,69300000.0,88469000,88469000,-17039000.0,,131212000,50343000,133429000,132998000.0,263358000.0,,10238000.0,11800000.0,,,,,,,,,,-2964000.0,,,3176517000.0,,1314586000.0,29868000,2271374000.0,291304000.0,825167000.0,,4829546000.0,1208498000.0,1067506000.0,3455985000.0,3621048000.0,2388479000.0,683810000,1373561000.0,-671224000.0
ALGT,quarterly,2023-09-30,2023-11-02,pre-market,USD,0.09,0.15,-0.06,-40.0,,124305000,108352000.0,284213000.0,284213000.0,134850000,-19628000.0,,,,,,,26000.0,17721000,,492694000,492694000,55476000.0,,265979000.0,43957000.0,,,55817000,55817000,11084000.0,11084000.0,,-5574000,50243000,,72665000,-29919000,-4853000,,,,24345000,12444000.0,38381000.0,,,2020019000.0,,71600.0,-25066000,-25066000,-11901000.0,,22846000,90548000,-17883000,125728000.0,272719000.0,,12361000.0,,,,,,,,,,,-1419000.0,,,,,1278436000.0,28468000,2394350000.0,286642000.0,651213000.0,,4912336000.0,1143492000.0,1049695000.0,3569191000.0,3768844000.0,2519496000.0,565359000,1343145000.0,
ALGT,quarterly,2023-12-31,2024-02-05,post-market,USD,0.11,-0.2,0.31,155.0,,121095000,103283000.0,159584000.0,159584000.0,-16298000,-184440000.0,,,-24359000.0,,,,26000.0,17915000,,520478000,520478000,54484000.0,,439937000.0,70743000.0,,,58700000,58700000,11060000.0,11060000.0,,22503000,81203000,,90524000,-1793000,163000,,,,24296000,12197000.0,36335000.0,,,1819717000.0,,56004000.0,-1956000,-1956000,-12099000.0,,53634000,79912000,10612000,63054000.0,305078000.0,,9448000.0,,,,,,,,,,,-13225000.0,,,,,1265420000.0,29351000,2362937000.0,460810000.0,671414000.0,31500000.0,4920804000.0,1001130000.0,1212307000.0,3592244000.0,3919674000.0,2392680000.0,611002000,1328560000.0,
ALGT,quarterly,2024-03-31,2024-05-07,pre-market,USD,0.57,0.45,0.12,26.6667,,131862000,99463000.0,193414000.0,193414000.0,-23532000,-93584000.0,,,,,,,26000.0,17664000,,549989000,549989000,69486000.0,,459171000.0,72494000.0,,,63844000,63844000,10952000.0,10952000.0,,27638000,91482000,,106417000,-1337000,-418000,,,,28975000,12241000.0,35806000.0,,,1789577000.0,,43799000.0,-919000,-919000,-16734000.0,,167805000,90969000,15448000,88931000.0,297329000.0,,9887000.0,,,,,,,,,,,-143000.0,,,,,1253549000.0,30419000,2348211000.0,481115000.0,616461000.0,,4935131000.0,1007106000.0,1320673000.0,3612975000.0,3928025000.0,2292302000.0,656406000,1322156000.0,
ALGT,quarterly,2024-06-30,2024-07-31,post-market,USD,1.77,0.76,1.01,132.8947,,61902000,94077000.0,232137000.0,232137000.0,-30900000,-16168000.0,,,,,,,26000.0,17869000,,551640000,551640000,71937000.0,,485641000.0,76475000.0,,,65361000,65361000,10982000.0,10982000.0,,45960000,111321000,,114643000,18025000,4326000,,,,27935000,11130000.0,35347000.0,,,1733248000.0,,59154000.0,13699000,13699000,-16805000.0,,68932000,79746000,34897000,60381000.0,311419000.0,,21914000.0,,,,,,,,,,,-2880000.0,,,,,1256266000.0,27498000,2312966000.0,507866000.0,576115000.0,,4903612000.0,980455000.0,1322015000.0,3570577000.0,3923157000.0,2248562000.0,666283000,1333035000.0,
ALGT,quarterly,2024-09-30,2024-10-30,post-market,USD,-2.02,-1.87,-0.15,-8.0214,,46053000,88585000.0,265874000.0,265874000.0,-27495000,68908000.0,,,,,,,26000.0,17913000,,514315000,514315000,55296000.0,,420882000.0,62324000.0,,,63918000,63917000,1000.0,1000.0,,-16300000,47618000,,47881000,-43442000,-6653000,,,,27142000,10071000.0,35645000.0,,,1767250000.0,,45290000.0,-36789000,-36789000,-17071000.0,,17339000,74222000,-26341000,73380000.0,297849000.0,,14416000.0,,,,,,,,,,,-2121000.0,,,,,1219477000.0,24869000,2276717000.0,442905000.0,493393000.0,,4788252000.0,930616000.0,1234559000.0,3488352000.0,3857636000.0,2253793000.0,562196000,1299900000.0,
ALGT,quarterly,2024-12-31,2025-02-04,post-market,USD,2.1,2.07,0.03,1.4493,,60337000,83106000.0,302319000.0,302319000.0,-119372000,46422000.0,,,,,,,26000.0,18014000,,511753000,511753000,62092000.0,,454769000.0,90407000.0,,,65129000,65129000,1000.0,1000.0,,-254690000,-189561000,,115952000,-281697000,-65467000,,,,27007000,10571000.0,36070000.0,,,1611735000.0,,51725000.0,-216230000,-216230000,-16436000.0,,84380000,379931000,-263979000,67575000.0,327404000.0,,34136000.0,,,,,,,,,,,-886000.0,,,,,1003248000.0,23074000,2149610000.0,475483000.0,495234000.0,,4547086000.0,991605000.0,1277404000.0,3457694000.0,3555481000.0,2180290000.0,627705000,1089392000.0,
ALGT,quarterly,2025-03-31,2025-05-06,post-market,USD,1.81,1.55,0.26,16.7742,,74478000,77544000.0,283768000.0,283768000.0,-69035000,-121902000.0,,,,,,,26000.0,18022000,,266293000,266293000,70619000.0,,266611000.0,85571000.0,,,63312000,63312000,0.0,0.0,,76235000,139547000,,432781000,41940000,9838000,,,,34295000,11935000.0,33583000.0,,,1747280000.0,,27714000.0,32102000,32102000,-22360000.0,,191406000,367779000,65002000,80547000.0,363202000.0,,30170000.0,,,,,,,,,,,-11120000.0,,,,,1035350000.0,25096000,2091435000.0,284990000.0,594830000.0,,4503862000.0,1078299000.0,1198452000.0,3391131000.0,3425563000.0,2192679000.0,699074000,1112731000.0,
ALGT,quarterly,2025-06-30,2025-08-04,post-market,USD,-3.62,0.69,-4.31,-624.6377,,102744000,71852000.0,209873000.0,209873000.0,-47188000,-119940000.0,,,,,,,26000.0,17995000,,571023000,571023000,69355000.0,,183063000.0,74919000.0,,,68518000,68518000,0.0,0.0,,-57370000,11148000,,118361000,-88564000,-23398000,,,,31194000,10359000.0,33758000.0,,,1778855000.0,,9931000.0,-65166000,-65166000,-20835000.0,,92241000,185850000,-67489000,255254000.0,423531000.0,,59129000.0,,,,,,,,,,,-350000.0,,,,,970184000.0,26837000,2033770000.0,198298000.0,632946000.0,,4389141000.0,1206750000.0,1093656000.0,3333220000.0,3182391000.0,2239564000.0,689384000,1055921000.0,
ALGT,quarterly,2025-09-30,2025-11-04,post-market,USD,-2.09,-1.8,-0.29,-16.1111,,115682000,69426000.0,316221000.0,316221000.0,90968000,32012000.0,,,,,,,26000.0,18050000,,470042000,470042000,55289000.0,,270633000.0,57164000.0,,,68518000,58952000,0.0,0.0,,-27312000,41206000,,91890000,-52154000,-8580000,,,,34950000,10108000.0,33835000.0,,,1785811000.0,,34540000.0,-43574000,-43574000,-24842000.0,,-6051000,119080000,-27190000,100770000.0,373940000.0,,57628000.0,,,,,,,,,,,-1486000.0,,,,,926610000.0,23040000,2125870000.0,283312000.0,640495000.0,,4392245000.0,1114650000.0,1141675000.0,3376890000.0,3277595000.0,2235215000.0,561932000,1015355000.0,
ALGT,quarterly,2025-12-31,2026-02-04,post-market,USD,2.85,1.99,0.86,43.2161,,21760000,65106000.0,172696000.0,172696000.0,-255645000,-10597000.0,,,,,,,26000.0,18188000,,530530000,530530000,64506000.0,,118075000.0,57110000.0,,,58403000,58403000,0.0,0.0,,76095000,134498000,,125658000,43904000,11963000,,,,32191000,9295000.0,34431000.0,,,1681541000.0,,32823000.0,31941000,31941000,-22896000.0,,112172000,40953000,84705000,70457000.0,421906000.0,,59214000.0,,,,,,,,,,,-632000.0,,,,,958551000.0,24470000,1864722000.0,129011000.0,632959000.0,10867000.0,4209401000.0,967653000.0,1018462000.0,3156724000.0,3241748000.0,2138262000.0,656188000,1052677000.0,
ALGT,quarterly,2026-03-31,2026-04-30,post-market,USD,2.3,3.42,-1.12,-32.7485,,45425000,61956000.0,283447000.0,283447000.0,-8966000,-145282000.0,,,,,,,26000.0,18219000,,253301000,253301000,75318000.0,,121346000.0,49683000.0,,,57926000,57926000,,,,81104000,139030000,,479131000,66024000,23546000,,,,29227000,8714000.0,43815000.0,,,1670488000.0,,31392000.0,42478000,42478000,-16222000.0,,268062000,398027000,81104000,71727000.0,442644000.0,,58593000.0,,,,,,,,,,,-55000.0,,,,,1001029000.0,28201000,1853790000.0,131726000.0,618716000.0,,4414617000.0,1067388000.0,1178608000.0,3318544000.0,3347229000.0,2139936000.0,732432000,1096073000.0,
