date,symbol,eps,revenue_ttm,accumulateddepreciationamortizationppe,book_value,capitalexpenditures,capitalleaseobligations,cashandcashequivalentsatcarryingvalue,cashandshortterminvestments,cashflowfromfinancing,cashflowfrominvestment,changeincashandcashequivalents,changeinexchangerate,changeininventory,changeinoperatingassets,changeinoperatingliabilities,changeinreceivables,commonstock,commonstocksharesoutstanding,comprehensiveincomenetoftax,costofgoodsandservicessold,costofrevenue,currentaccountspayable,currentdebt,currentlongtermdebt,currentnetreceivables,deferredrevenue,depreciation,depreciationandamortization,depreciationdepletionandamortization,dividendpayout,dividendpayoutcommonstock,dividendpayoutpreferredstock,earnings_growth_yoy,earnings_surprise,ebit,ebitda,estimated_eps,fiscaldateending,goodwill,gross_profit_ttm,grossprofit,incomebeforetax,incometaxexpense,intangibleassets,intangibleassetsexcludinggoodwill,interestanddebtexpense,interestexpense,interestincome,inventory,investmentincomenet,investments,longtermdebt,longtermdebtnoncurrent,longterminvestments,netincome,netincomefromcontinuingoperations,netinterestincome,noninterestincome,operating_margin_ttm,operatingcashflow,operatingexpenses,operatingincome,othercurrentassets,othercurrentliabilities,othernoncurrentassets,othernoncurrentliabilities,othernonoperatingincome,paymentsforoperatingactivities,paymentsforrepurchaseofcommonstock,paymentsforrepurchaseofequity,paymentsforrepurchaseofpreferredstock,price_to_sales_ttm,proceedsfromissuanceofcommonstock,proceedsfromissuanceoflongtermdebtandcapitalsecuritiesnet,proceedsfromissuanceofpreferredstock,proceedsfromoperatingactivities,proceedsfromrepaymentsofshorttermdebt,proceedsfromrepurchaseofequity,proceedsfromsaleoftreasurystock,profit_margin,profitloss,propertyplantequipment,report_date,report_type,reported_eps,reportedcurrency,reporttime,researchanddevelopment,retainedearnings,return_on_assets_ttm,return_on_equity_ttm,revenue_growth_yoy,revenue_per_share_ttm,sellinggeneralandadministrative,shortlongtermdebttotal,shorttermdebt,shortterminvestments,sma_200,sma_50,surprise_pct,totalassets,totalcurrentassets,totalcurrentliabilities,totalliabilities,totalnoncurrentassets,totalnoncurrentliabilities,totalrevenue,totalshareholderequity,treasurystock,week_52_high,week_52_low
2024-01-31,RBRK,,,,,,,,,,,,,,,,,,,,,,,,,,,,,,,,,,0.0,,,,,,,,,,,,,,,,,,,,,,,,,,,,,,,,,,,,,,,,,,,,,,,,,2024-04-03,,-1.52,,pre-market,,,,,,,,,,,,,,,,,,,,,,,,
2024-04-30,RBRK,,,,,,,,,,,,,,,,,,,,,,,,,,,,,,,,,,0.15,,,-1.73,,,,,,,,,,,,,,,,,,,,,,,,,,,,,,,,,,,,,,,,,,,,,,2024-06-11,,-1.58,,post-market,,,,,,,,,,,,,8.6705,,,,,,,,,,,
2024-07-31,RBRK,,,,,,,,,,,,,,,,,,,,,,,,,,,,,,,,,,0.09,,,-0.49,,,,,,,,,,,,,,,,,,,,,,,,,,,,,,,,,,,,,,,,,,,,,,2024-09-09,,-0.4,,post-market,,,,,,,,,,,,,18.3673,,,,,,,,,,,
2024-10-31,RBRK,,,,,,,,,,,,,,,,,,,,,,,,,,,,,,,,,,0.19,,,-0.4,,,,,,,,,,,,,,,,,,,,,,,,,,,,,,,,,,,,,,,,,,,,,,2024-12-05,,-0.21,,post-market,,,,,,,,,,,,,47.5,,,,,,,,,,,
2025-01-31,RBRK,,,,,,,,,,,,,,,,,,,,,,,,,,,,,,,,,,0.21,,,-0.39,,,,,,,,,,,,,,,,,,,,,,,,,,,,,,,,,,,,,,,,,,,,,,2025-03-13,,-0.18,,post-market,,,,,,,,,,,,,53.8462,,,,,,,,,,,
2025-04-30,RBRK,,,,,,,,,,,,,,,,,,,,,,,,,,,,,,,,,,0.17,,,-0.32,,,,,,,,,,,,,,,,,,,,,,,,,,,,,,,,,,,,,,,,,,,,,,2025-06-05,,-0.15,,post-market,,,,,,,,,,,,,53.125,,,,,,,,,,,
2025-07-31,RBRK,,,,,,,,,,,,,,,,,,,,,,,,,,,,,,,,,,0.25,,,-0.74,,,,,,,,,,,,,,,,,,,,,,,,,,,,,,,,,,,,,,,,,,,,,,2025-09-09,,-0.49,,post-market,,,,,,,,,,,,,33.7838,,,,,,,,,,,
2025-10-31,RBRK,,,,,,,,,,,,,,,,,,,,,,,,,,,,,,,,,,0.27,,,-0.17,,,,,,,,,,,,,,,,,,,,,,,,,,,,,,,,,,,,,,,,,,,,,,2025-12-04,,0.1,,post-market,,,,,,,,,,,,,158.8235,,,,,,,,,,,
2025-12-28,RBRK,-1.55,1196607000.0,,-2.62,,,,,,,,,,,,,,,,,,,,,,,,,,,,,0.0,0.27,,,-0.17,,,945973000.0,,,,,,,,,,,,,,,,,,,-0.216,,,,,,,,,,,,,13.16,,,,,,,,-0.315,,,2025-12-04,,0.1,,post-market,,,-0.124,0.0,0.483,6.19,,,,,79.71,75.47,158.8235,,,,,,,,,,103.0,47.35
2025-12-28,RBRK,-1.55,1196607000.0,,-2.62,,,,,,,,,,,,,,,None,65739000,65739000,,,,,,None,None,,,,,0.0,0.27,None,-59857000,-0.17,2025-10-31,,945973000.0,284427000,-60937000,2892000,,,None,1080000,16591000,,None,,,,,-63829000,-63829000,15511000,None,-0.216,,359910000,-75483000,,,,,None,,,,,13.16,,,,,,,,-0.315,,,2025-12-04,quarterly,0.1,USD,post-market,97581000,,-0.124,0.0,0.483,6.19,66780000,,,,79.71,75.47,158.8235,,,,,,,350166000,,,103.0,47.35
2025-12-28,RBRK,-1.55,1196607000.0,,-2.62,,,,,,,,,,,,,,,None,63559000,63559000,,,,,,None,8419000,,,,,0.0,0.27,-88851000,-80432000,-0.17,2025-07-31,,945973000.0,246301000,-94092000,1837000,,,None,5241000,12193000,,None,,,,,-95929000,-95929000,6952000,None,-0.216,,340764000,-94463000,,,,,None,,,,,13.16,,,,,,,,-0.315,,,2025-12-04,quarterly,0.1,USD,post-market,92107000,,-0.124,0.0,0.483,6.19,66672000,,,,79.71,75.47,158.8235,,,,,,,309860000,,,103.0,47.35
2025-12-28,RBRK,-1.55,1196607000.0,,-2.62,,,,,,,,,,,,,,,None,60483000,60483000,,,,,,None,8074999,,,,,0.0,0.27,-91016999,-82942000,-0.17,2025-04-30,,945973000.0,217998000,-100830000,1274000,,,None,9813000,7696000,,None,,,,,-102104000,-102104000,-2117000,None,-0.216,,311089000,-93091000,,,,,None,,,,,13.16,,,,,,,,-0.315,,,2025-12-04,quarterly,0.1,USD,post-market,81815000,,-0.124,0.0,0.483,6.19,59281000,,,,79.71,75.47,158.8235,,,,,,,278481000,,,103.0,47.35
2025-12-28,RBRK,-1.55,1196607000.0,,-2.62,,,,,,,,,,,,,,,None,58455000,58455000,,,,,,None,7326000,,,,,0.0,0.27,-103564000,-96238000,-0.17,2025-01-31,,945973000.0,199645000,-113638000,1251000,,,None,10074000,7665000,,None,,,,,-114889000,-114889000,-2409000,None,-0.216,,315760000,-116115000,,,,,None,,,,,13.16,,,,,,,,-0.315,,,2025-12-04,quarterly,0.1,USD,post-market,79958000,,-0.124,0.0,0.483,6.19,74447000,,,,79.71,75.47,158.8235,,,,,,,258100000,,,103.0,47.35
2025-12-28,RBRK,-1.55,1196607000.0,,-2.62,,,,,,,,,,,,,,,None,56146000,56146000,,,,,,None,7400000,,,,,0.0,0.27,-118652000,-111252000,-0.17,2024-10-31,,945973000.0,180032000,-128961999,1948000,,,None,10310000,7468000,,None,,,,,-130910000,-130910000,-2842000,None,-0.216,,304819000,-124787000,,,,,None,,,,,13.16,,,,,,,,-0.315,,,2025-12-04,quarterly,0.1,USD,post-market,80050000,,-0.124,0.0,0.483,6.19,65862000,,,,79.71,75.47,158.8235,,,,,,,236178000,,,103.0,47.35
2025-12-28,RBRK,-1.55,1196607000.0,,-2.62,,,,,,,,,,,,,,,None,55168000,55168000,,,,,,None,6900000,,,,,0.0,0.27,-162465000,-155565000,-0.17,2024-07-31,,945973000.0,149783000,-172710000,4220000,,,None,10245000,7278000,,None,,,,,-176930000,-176930000,-2967000,None,-0.216,,318076000,-168293000,,,,,None,,,,,13.16,,,,,,,,-0.315,,,2025-12-04,quarterly,0.1,USD,post-market,86228000,,-0.124,0.0,0.483,6.19,63921000,,,,79.71,75.47,158.8235,,,,,,,204951000,,,103.0,47.35
2025-12-28,RBRK,-1.55,1196607000.0,,-2.62,,,,,,,,,,,,,,,None,95979000,95979000,,,,,,None,27567000,,,,,0.0,0.27,-722518000,-694951000,-0.17,2024-04-30,,945973000.0,91336000,-733142000,-1051000,,,None,10624000,2942000,,None,,,,,-732091000,-732091000,-7682000,None,-0.216,,816173000,-724837000,,,,,None,,,,,13.16,,,,,,,,-0.315,,,2025-12-04,quarterly,0.1,USD,post-market,285379000,,-0.124,0.0,0.483,6.19,151465000,,,,79.71,75.47,158.8235,,,,,,,187315000,,,103.0,47.35
2025-12-28,RBRK,-1.55,1196607000.0,,-2.62,,,,,,,,,,,,,,,None,39973000,39973000,,,,,,None,5121500,,,,,0.0,0.27,-74195000,-80501000,-0.17,2024-01-31,,945973000.0,135040000,-90085000,7412000,,,None,9584000,2920000,,None,,,,,-97497000,-97497000,-6664000,None,-0.216,,218151000,-83111000,,,,,None,,,,,13.16,,,,,,,,-0.315,,,2025-12-04,quarterly,0.1,USD,post-market,59127000,,-0.124,0.0,0.483,6.19,30316000,,,,79.71,75.47,158.8235,,,,,,,175013000,,,103.0,47.35
2025-12-28,RBRK,-1.55,1196607000.0,,-2.62,,,,,,,,,,,,,,,None,33708000,33708000,,,,,,None,5121500,,,,,0.0,0.27,-67362500,-62241000,-0.17,2023-10-31,,945973000.0,131895999,-71247000,15020000,,,None,9006000,2934000,,None,,,,,-86267000,-86267000,-6072000,None,-0.216,,197175000,-65279000,,,,,None,,,,,13.16,,,,,,,,-0.315,,,2025-12-04,quarterly,0.1,USD,post-market,51372000,,-0.124,0.0,0.483,6.19,24956000,,,,79.71,75.47,158.8235,,,,,,,165604000,,,103.0,47.35
2025-12-28,RBRK,-1.55,1196607000.0,,-2.62,,,,,,,,,,,,,,,None,35390000,35390000,,,,,,None,5990000,,,,,0.0,0.27,-71899000,-71899000,-0.17,2023-07-31,,945973000.0,116145000,-78072000,3049000,,,None,6173000,2745000,,None,,,,,-81121000,-81121000,-3428000,None,-0.216,,189665000,-73520000,,,,,None,,,,,13.16,,,,,,,,-0.315,,,2025-12-04,quarterly,0.1,USD,post-market,49762000,,-0.124,0.0,0.483,6.19,22288000,,,,79.71,75.47,158.8235,,,,,,,151535000,,,103.0,47.35
2025-12-28,RBRK,-1.55,1196607000.0,,-2.62,,,,,,,,,,,,,,,None,35891000,35891000,,,,,,None,5572000,,,,,0.0,0.27,-86196000,-82533000,-0.17,2023-04-30,,945973000.0,99849000,-88065000,1208000,,,None,5532000,2617000,,None,,,,,-89273000,-89273000,-2915000,None,-0.216,,184445000,-84596000,,,,,None,,,,,13.16,,,,,,,,-0.315,,,2025-12-04,quarterly,0.1,USD,post-market,46266000,,-0.124,0.0,0.483,6.19,22817000,,,,79.71,75.47,158.8235,,,,,,,135740000,,,103.0,47.35
2025-12-28,RBRK,-1.55,1196607000.0,,-2.62,,,,,,,,,,,,,,,None,38084000,38084000,,,,,,None,4062000,,,,,0.0,0.27,-68937000,-76690000,-0.17,2023-01-31,,945973000.0,97631000,-81886000,4091999,,,None,5196000,None,,None,,,,,-74514000,None,None,None,-0.216,,176343000,-78712000,,,,,None,,,,,13.16,,,,,,,,-0.315,,,2025-12-04,quarterly,0.1,None,post-market,45459000,,-0.124,0.0,0.483,6.19,22341500,,,,79.71,75.47,158.8235,,,,,,,135715000,,,103.0,47.35
2025-12-28,RBRK,-1.55,1196607000.0,,-2.62,,,,,,,,,,,,,,,None,54079000,54079000,,,,,,None,4062000,,,,,0.0,0.27,-61772000,-57710000,-0.17,2022-10-31,,945973000.0,110651000,-62206000,844000,,,None,4496000,None,,None,,,,,-74514000,None,None,None,-0.216,,169813000,-59162000,,,,,None,,,,,13.16,,,,,,,,-0.315,,,2025-12-04,quarterly,0.1,None,post-market,43411000,,-0.124,0.0,0.483,6.19,22341500,,,,79.71,75.47,158.8235,,,,,,,164730000,,,103.0,47.35
2025-12-28,RBRK,-1.55,1196607000.0,,-2.62,,,,,,,,,,,,,,,None,49094000,49094000,,,,,,None,4071000,,,,,0.0,0.27,-61837000,-57816000,-0.17,2022-07-31,,945973000.0,118130000,-59833000,2235000,,,None,2017000,None,,None,,,,,-64359000,None,None,None,-0.216,,176269000,-58139000,,,,,None,,,,,13.16,,,,,,,,-0.315,,,2025-12-04,quarterly,0.1,None,post-market,43778000,,-0.124,0.0,0.483,6.19,21035500,,,,79.71,75.47,158.8235,,,,,,,167224000,,,103.0,47.35
2025-12-28,RBRK,-1.55,1196607000.0,,-2.62,,,,,,,,,,,,,,,None,40757000,40757000,,,,,,None,4071000,,,,,0.0,0.27,-61837000,-65225000,-0.17,2022-04-30,,945973000.0,91393000,-65224999,1425000,,,None,None,None,,None,,,,,-64359000,None,None,None,-0.216,,156928000,-65535000,,,,,None,,,,,13.16,,,,,,,,-0.315,,,2025-12-04,quarterly,0.1,None,post-market,42409000,,-0.124,0.0,0.483,6.19,21035500,,,,79.71,75.47,158.8235,,,,,,,132150000,,,103.0,47.35
2025-12-28,RBRK,-1.55,1196607000.0,,-2.62,,,,,,,,,,,,,,,None,265748000,265748000,,,,,,None,28868000,,,,,0.0,0.27,-1107199000,-1078331000,-0.17,2025-01-31,,945973000.0,620796000,-1148452000,6368000,,,None,41253000,25353000,,None,,,,,-1154820000,-1154820000,-15900000,None,-0.216,,1754828000,-1134032000,,,,,None,,,,,13.16,,,,,,,,-0.315,,,2025-12-04,annual,0.1,USD,post-market,531615000,,-0.124,0.0,0.483,6.19,355695000,,,,79.71,75.47,158.8235,,,,,,,886544000,,,103.0,47.35
2025-12-28,RBRK,-1.55,1196607000.0,,-2.62,,,,,,,,,,,,,,,None,238197000,238197000,,,,,,None,100835000,,,,,0.0,0.27,-297174000,-196339000,-0.17,2024-01-31,,945973000.0,389695000,-327469000,26689000,,,None,30295000,11216000,,None,,,,,-354158000,-354158000,-19079000,None,-0.216,,696201000,-306506000,,,,,None,,,,,13.16,,,,,,,,-0.315,,,2025-12-04,annual,0.1,USD,post-market,189822000,,-0.124,0.0,0.483,6.19,100377000,,,,79.71,75.47,158.8235,,,,,,,627892000,,,103.0,47.35
2025-12-28,RBRK,-1.55,1196607000.0,,-2.62,,,,,,,,,,,,,,,None,279568000,279568000,,,,,,None,103654000,,,,,0.0,0.27,-257441000,-153787000,-0.17,2023-01-31,,945973000.0,320251000,-269150000,8596000,,,None,11709000,5140000,,None,,,,,-277746000,-277746000,-6569000,None,-0.216,,581799000,-261548000,,,,,None,,,,,13.16,,,,,,,,-0.315,,,2025-12-04,annual,0.1,USD,post-market,158791000,,-0.124,0.0,0.483,6.19,86754000,,,,79.71,75.47,158.8235,,,,,,,599819000,,,103.0,47.35
2025-12-28,RBRK,-1.55,1196607000.0,,-2.62,,,,,,,,,,,,,,,None,236278000,236278000,,,,,,None,104657000,,,,,0.0,0.27,-249561000,-144904000,-0.17,2022-01-31,,945973000.0,269870000,-249561000,4843000,,,None,0,1530000,,None,,,,,-254404000,-254404000,1530000,None,-0.216,,519659999,-249790000,,,,,None,,,,,13.16,,,,,,,,-0.315,,,2025-12-04,annual,0.1,USD,post-market,159576000,,-0.124,0.0,0.483,6.19,87907000,,,,79.71,75.47,158.8235,,,,,,,506148000,,,103.0,47.35
2025-12-28,RBRK,-1.55,1196607000.0,,-2.62,,,,,,,,,,,,,,,None,170551000,170551000,,,,,,None,82083000,,,,,0.0,0.27,-207591000,-125508000,-0.17,2021-01-31,,945973000.0,217200000,-207591000,5497000,,,None,None,None,,None,,,,,-213088000,None,None,None,-0.216,,426307000,-209107000,,,,,None,,,,,13.16,,,,,,,,-0.315,,,2025-12-04,annual,0.1,None,post-market,127360000,,-0.124,0.0,0.483,6.19,93720000,,,,79.71,75.47,158.8235,,,,,,,387751000,,,103.0,47.35
2025-12-28,RBRK,-1.55,1196607000.0,None,-2.62,,11641000,307100000,307100000,,,,,,,,,5000,198379000,None,170551000,170551000,11857000,None,None,219687000,None,None,82083000,,,,,0.0,0.27,-207591000,-125508000,-0.17,2025-10-31,199606000,945973000.0,217200000,-207591000,5497000,None,None,None,None,None,5305000,None,None,1129627000,None,None,-213088000,None,None,None,-0.216,,426307000,-209107000,244003000,182820000,None,62213000,None,,,,,13.16,,,,,,,,-0.315,,None,2025-12-04,quarterly,0.1,USD,post-market,127360000,-3099195000,-0.124,0.0,0.483,6.19,93720000,1129627000,None,1295907000,79.71,75.47,158.8235,2548655000,2066697000,1162844000,3073064000,481958000,1910219999,387751000,-524409000,None,103.0,47.35
2025-12-28,RBRK,-1.55,1196607000.0,None,-2.62,,12423000,322702000,322702000,,,,,,,,,5000,194890000,None,170551000,170551000,13983000,None,None,217048000,None,None,82083000,,,,,0.0,0.27,-207591000,-125508000,-0.17,2025-07-31,194531000,945973000.0,217200000,-207591000,5497000,None,None,None,None,None,5005000,None,None,1128547000,None,None,-213088000,None,None,None,-0.216,,426307000,-209107000,188912000,136411000,None,76254000,None,,,,,13.16,,,,,,,,-0.315,,None,2025-12-04,quarterly,0.1,USD,post-market,127360000,-3035366000,-0.124,0.0,0.483,6.19,93720000,1167827000,12423000,1200309000,79.71,75.47,158.8235,2388707000,1928971000,1060493000,2953051000,459736000,1892558000,387751000,-564344000,None,103.0,47.35
2025-12-28,RBRK,-1.55,1196607000.0,None,-2.62,,11750000,283998000,283998000,,,,,,,,,5000,191625000,None,170551000,170551000,9905000,None,None,165596000,None,None,82083000,,,,,0.0,0.27,-207591000,-125508000,-0.17,2025-04-30,101618000,945973000.0,217200000,-207591000,5497000,None,None,None,None,None,4584000,None,None,322821000,None,None,-213088000,None,None,None,-0.216,,426307000,-209107000,189242000,100762000,None,76719000,None,,,,,13.16,,,,,,,,-0.315,,None,2025-12-04,quarterly,0.1,USD,post-market,127360000,-2939437000,-0.124,0.0,0.483,6.19,93720000,364472000,11750000,478059000,79.71,75.47,158.8235,1474606000,1116895000,961289000,2031136000,357711000,1069847000,387751000,-556530000,None,103.0,47.35
2025-12-28,RBRK,-1.55,1196607000.0,None,-2.62,,10087000,186331000,186331000,,,,,,,,,5000,188048000,None,170551000,170551000,10439000,None,None,182164000,None,None,82083000,,,,,0.0,0.27,-207591000,-125508000,-0.17,2025-01-31,100343000,945973000.0,217200000,-207591000,5497000,None,None,None,None,None,4183000,None,None,322341000,None,None,-213088000,None,None,None,-0.216,,426307000,-209107000,186150000,929650000,None,61821000,None,,,,,13.16,,,,,,,,-0.315,,None,2025-12-04,quarterly,0.1,USD,post-market,127360000,-2837333000,-0.124,0.0,0.483,6.19,93720000,350810000,10087000,518813000,79.71,75.47,158.8235,1422974000,1077641000,950176000,1976708000,345333000,1026532000,387751000,-553734000,None,103.0,47.35
2025-12-28,RBRK,-1.55,1196607000.0,None,-2.62,,9387000,103896000,103896000,,,,,,,,,4000,183590000,None,170551000,170551000,9382000,None,None,153023000,None,None,82083000,,,,,0.0,0.27,-207591000,-125508000,-0.17,2024-10-31,100343000,945973000.0,217200000,-207591000,5497000,None,None,None,None,None,4073000,None,None,316991000,None,None,-213088000,None,None,None,-0.216,,426307000,-209107000,154618000,111777000,None,58998000,None,,,,,13.16,,,,,,,,-0.315,,None,2025-12-04,quarterly,0.1,USD,post-market,127360000,-2722444000,-0.124,0.0,0.483,6.19,93720000,326378000,9387000,528081000,79.71,75.47,158.8235,1268691000,943691000,816556000,1789778000,325000000,973222000,387751000,-521087000,None,103.0,47.35
2025-12-28,RBRK,-1.55,1196607000.0,None,-2.62,,10105000,142349000,142349000,,,,,,,,,4000,179851000,None,170551000,170551000,10285000,None,None,138201000,None,None,82083000,,,,,0.0,0.27,-207591000,-125508000,-0.17,2024-07-31,100343000,945973000.0,217200000,-207591000,5497000,None,None,None,None,None,-51361000,None,None,306804000,None,None,-213088000,None,None,None,-0.216,,426307000,-209107000,200809000,130194000,None,58575000,None,,,,,13.16,,,,,,,,-0.315,,None,2025-12-04,quarterly,0.1,USD,post-market,127360000,-2591534000,-0.124,0.0,0.483,6.19,93720000,316909000,10105000,458992000,79.71,75.47,158.8235,1218204000,888990000,776715000,1717498000,329214000,940783000,387751000,-499294000,None,103.0,47.35
2025-12-28,RBRK,-1.55,1196607000.0,None,-2.62,,10440000,502614000,502614000,,,,,,,,,4000,176589546,None,170551000,170551000,8552000,None,None,103245000,None,None,82083000,,,,,0.0,0.27,-207591000,-125508000,-0.17,2024-04-30,100343000,945973000.0,217200000,-207591000,5497000,None,None,None,None,None,4446000,None,None,297104000,None,None,-213088000,None,None,None,-0.216,,426307000,-209107000,64402000,149894000,None,55226000,None,,,,,13.16,,,,,,,,-0.315,,None,2025-12-04,quarterly,0.1,USD,post-market,127360000,-2414604000,-0.124,0.0,0.483,6.19,93720000,307544000,10440000,103706000,79.71,75.47,158.8235,1166372000,778413000,738045000,1680970000,387959000,942925000,387751000,-514598000,None,103.0,47.35
2025-12-28,RBRK,-1.55,1196607000.0,None,-2.62,,10461000,130031000,130031000,,,,,,,,,1000,175932212,None,170551000,170551000,6867000,None,None,139900000,None,None,82083000,,,,,0.0,0.27,-207591000,-125508000,-0.17,2024-01-31,100343000,945973000.0,217200000,-207591000,5497000,None,None,None,None,None,4807000,None,None,287042000,None,None,-213088000,None,None,None,-0.216,,426307000,-209107000,52698000,638953000,None,55050000,None,,,,,13.16,,,,,,,,-0.315,,None,2025-12-04,quarterly,0.1,USD,post-market,127360000,-1682513000,-0.124,0.0,0.483,6.19,93720000,319755000,10461000,149220000,79.71,75.47,158.8235,873610000,476656000,656281000,1578154000,396954000,921873000,387751000,-704544000,None,103.0,47.35
2025-12-28,RBRK,-1.55,1196607000.0,None,-2.62,,None,130031000,130031000,,,,,,,,,1000,175932212,None,170551000,170551000,8085000,None,None,139900000,None,None,82083000,,,,,0.0,0.27,-207591000,-125508000,-0.17,2023-10-31,100343000,945973000.0,217200000,-207591000,5497000,None,None,None,None,None,4807000,None,None,None,None,None,-213088000,None,None,None,-0.216,,426307000,-209107000,124755000,649414000,None,None,None,,,,,13.16,,,,,,,,-0.315,,None,2025-12-04,quarterly,0.1,None,post-market,127360000,-1682513000,-0.124,0.0,0.483,6.19,93720000,309294000,None,149220000,79.71,75.47,158.8235,873610000,548713000,656281000,1578154000,324897000,921873000,387751000,-704544000,None,103.0,47.35
2025-12-28,RBRK,-1.55,1196607000.0,None,-2.62,,None,89809000,89809000,,,,,,,,,1000,175932212,None,170551000,170551000,6288000,None,None,159759000,None,None,82083000,,,,,0.0,0.27,-207591000,-125508000,-0.17,2023-07-31,4236000,945973000.0,217200000,-207591000,5497000,None,None,None,None,None,5188000,None,None,None,None,None,-213088000,None,None,None,-0.216,,426307000,-209107000,32709000,80077000,None,None,None,,,,,13.16,,,,,,,,-0.315,,None,2025-12-04,quarterly,0.1,USD,post-market,127360000,-1498749000,-0.124,0.0,0.483,6.19,93720000,217892000,9092000,172416000,79.71,75.47,158.8235,739026000,459881000,515584000,1277541000,279145000,761957000,387751000,-538515000,None,103.0,47.35
2025-12-28,RBRK,-1.55,1196607000.0,None,-2.62,,None,-295913000,-295913000,,,,,,,,,None,175932212,None,170551000,170551000,None,None,None,None,None,None,82083000,,,,,0.0,0.27,-207591000,-125508000,-0.17,2023-04-30,None,945973000.0,217200000,-207591000,5497000,None,None,None,None,None,None,None,None,None,None,None,-213088000,None,None,None,-0.216,,426307000,-209107000,None,None,None,None,None,,,,,13.16,,,,,,,,-0.315,,None,2025-12-04,quarterly,0.1,None,post-market,127360000,None,-0.124,0.0,0.483,6.19,93720000,None,None,591826000,79.71,75.47,158.8235,None,295913000,None,None,-295913000,None,387751000,-372616000,None,103.0,47.35
2025-12-28,RBRK,-1.55,1196607000.0,None,-2.62,,None,135807000,135807000,,,,,,,,,1000,175932212,None,170551000,170551000,8085000,None,None,155852000,None,None,82083000,,,,,0.0,0.27,-207591000,-125508000,-0.17,2023-01-31,4236000,945973000.0,217200000,-207591000,5497000,None,None,None,None,None,9536000,None,None,None,None,None,-213088000,None,None,None,-0.216,,426307000,-209107000,45970000,101669000,None,None,None,,,,,13.16,,,,,,,,-0.315,,None,2025-12-04,quarterly,0.1,USD,post-market,127360000,-1328355000,-0.124,0.0,0.483,6.19,93720000,216043000,9696000,160106000,79.71,75.47,158.8235,769183000,507271000,435404000,1141799000,261912000,706395000,387751000,-372616000,None,103.0,47.35
2025-12-28,RBRK,-1.55,1196607000.0,None,-2.62,,None,135807000,135807000,,,,,,,,,1000,175932212,None,170551000,170551000,8085000,None,None,155852000,None,None,82083000,,,,,0.0,0.27,-207591000,-125508000,-0.17,2022-10-31,4236000,945973000.0,217200000,-207591000,5497000,None,None,None,None,None,9536000,None,None,None,None,None,-213088000,None,None,None,-0.216,,426307000,-209107000,103494000,427319000,None,None,None,,,,,13.16,,,,,,,,-0.315,,None,2025-12-04,quarterly,0.1,None,post-market,127360000,-1328355000,-0.124,0.0,0.483,6.19,93720000,206347000,None,160106000,79.71,75.47,158.8235,769183000,564795000,435404000,1141799000,204388000,706395000,387751000,-372616000,None,103.0,47.35
2025-12-28,RBRK,-1.55,1196607000.0,None,-2.62,,None,None,None,,,,,,,,,None,175932212,None,170551000,170551000,None,None,None,None,None,None,82083000,,,,,0.0,0.27,-207591000,-125508000,-0.17,2022-07-31,None,945973000.0,217200000,-207591000,5497000,None,None,None,None,None,None,None,None,None,None,None,-213088000,None,None,None,-0.216,,426307000,-209107000,None,None,None,None,None,,,,,13.16,,,,,,,,-0.315,,None,2025-12-04,quarterly,0.1,None,post-market,127360000,None,-0.124,0.0,0.483,6.19,93720000,None,None,None,79.71,75.47,158.8235,None,None,None,None,None,None,387751000,None,None,103.0,47.35
2025-12-28,RBRK,-1.55,1196607000.0,None,-2.62,,None,-138807000,-138807000,,,,,,,,,None,175932212,None,170551000,170551000,None,None,None,None,None,None,82083000,,,,,0.0,0.27,-207591000,-125508000,-0.17,2022-04-30,None,945973000.0,217200000,-207591000,5497000,None,None,None,None,None,None,None,None,None,None,None,-213088000,None,None,None,-0.216,,426307000,-209107000,None,None,None,None,None,,,,,13.16,,,,,,,,-0.315,,None,2025-12-04,quarterly,0.1,None,post-market,127360000,None,-0.124,0.0,0.483,6.19,93720000,None,None,277614000,79.71,75.47,158.8235,None,138807000,None,None,-138807000,None,387751000,-104629000,None,103.0,47.35
2025-12-28,RBRK,-1.55,1196607000.0,None,-2.62,,10087000,186331000,186331000,,,,,,,,,5000,154294000,None,170551000,170551000,10439000,None,None,182164000,None,None,82083000,,,,,0.0,0.27,-207591000,-125508000,-0.17,2025-01-31,100343000,945973000.0,217200000,-207591000,5497000,None,None,None,None,None,4183000,None,None,322341000,None,None,-213088000,None,None,None,-0.216,,426307000,-209107000,186150000,152515000,None,61821000,None,,,,,13.16,,,,,,,,-0.315,,None,2025-12-04,annual,0.1,USD,post-market,127360000,-2837333000,-0.124,0.0,0.483,6.19,93720000,350810000,10087000,518813000,79.71,75.47,158.8235,1422974000,1077641000,950176000,1976708000,345333000,1026532000,387751000,-553734000,None,103.0,47.35
2025-12-28,RBRK,-1.55,1196607000.0,None,-2.62,,10461000,130031000,130031000,,,,,,,,,1000,175932212,None,170551000,170551000,6867000,None,None,139900000,None,None,82083000,,,,,0.0,0.27,-207591000,-125508000,-0.17,2024-01-31,100343000,945973000.0,217200000,-207591000,5497000,None,None,None,None,None,4807000,None,None,287042000,None,None,-213088000,None,None,None,-0.216,,426307000,-209107000,124755000,122934000,None,55050000,None,,,,,13.16,,,,,,,,-0.315,,None,2025-12-04,annual,0.1,USD,post-market,127360000,-1682513000,-0.124,0.0,0.483,6.19,93720000,309294000,10461000,149220000,79.71,75.47,158.8235,873610000,548713000,656281000,1578154000,324897000,921873000,387751000,-704544000,None,103.0,47.35
2025-12-28,RBRK,-1.55,1196607000.0,None,-2.62,,9696000,135807000,135807000,,,,,,,,,1000,175932212,None,170551000,170551000,8085000,None,None,155852000,None,None,82083000,,,,,0.0,0.27,-207591000,-125508000,-0.17,2023-01-31,4236000,945973000.0,217200000,-207591000,5497000,None,None,None,None,None,9536000,None,None,179699000,None,None,-213088000,None,None,None,-0.216,,426307000,-209107000,45970000,417623000,None,36417000,None,,,,,13.16,,,,,,,,-0.315,,None,2025-12-04,annual,0.1,USD,post-market,127360000,-1328355000,-0.124,0.0,0.483,6.19,93720000,216043000,9696000,160106000,79.71,75.47,158.8235,769183000,507271000,435404000,1141799000,261912000,706395000,387751000,-372616000,None,103.0,47.35
2025-12-28,RBRK,-1.55,1196607000.0,None,-2.62,,6307000,71018000,71018000,,,,,,,,,1000,175932212,None,170551000,170551000,14079000,None,None,167490000,None,None,82083000,,,,,0.0,0.27,-207591000,-125508000,-0.17,2022-01-31,4236000,945973000.0,217200000,-207591000,5497000,None,None,None,None,None,4400000,None,None,None,None,None,-213088000,None,None,None,-0.216,,426307000,-209107000,20259000,316961000,None,32105000,None,,,,,13.16,,,,,,,,-0.315,,None,2025-12-04,annual,0.1,USD,post-market,127360000,-1050609000,-0.124,0.0,0.483,6.19,93720000,33214000,6307000,67789000,79.71,75.47,158.8235,518984000,330956000,337347000,623613000,188028000,286266000,387751000,-104629000,None,103.0,47.35
2025-12-28,RBRK,-1.55,1196607000.0,None,-2.62,,None,120099000,120099000,,,,,,,,,1000,175932212,None,170551000,170551000,10242000,None,None,119630000,None,None,82083000,,,,,0.0,0.27,-207591000,-125508000,-0.17,2021-01-31,4236000,945973000.0,217200000,-207591000,5497000,None,None,None,None,None,3400000,None,None,None,None,None,-213088000,None,None,None,-0.216,,426307000,-209107000,20764000,215523000,None,None,None,,,,,13.16,,,,,,,,-0.315,,None,2025-12-04,annual,0.1,USD,post-market,127360000,-796205000,-0.124,0.0,0.483,6.19,93720000,5975000,5975000,97212000,79.71,75.47,158.8235,509915000,361105000,231740000,430043000,148810000,198303000,387751000,79872000,None,103.0,47.35
2025-12-28,RBRK,-1.55,1196607000.0,None,-2.62,2409000,None,120099000,120099000,7733000,-109760000,None,None,None,None,None,None,1000,175932212,None,170551000,170551000,10242000,None,None,119630000,None,None,82083000,9929000,None,None,None,0.0,0.27,-207591000,-125508000,-0.17,2025-10-31,4236000,945973000.0,217200000,-207591000,5497000,None,None,None,None,None,3400000,None,None,None,None,None,-63829000,None,None,None,-0.216,86665000,426307000,-209107000,20764000,215523000,None,None,None,None,None,None,None,13.16,None,None,None,None,None,None,None,-0.315,None,None,2025-12-04,quarterly,0.1,USD,post-market,127360000,-796205000,-0.124,0.0,0.483,6.19,93720000,5975000,5975000,97212000,79.71,75.47,158.8235,509915000,361105000,231740000,430043000,148810000,198303000,387751000,79872000,None,103.0,47.35
2025-12-28,RBRK,-1.55,1196607000.0,None,-2.62,7181000,None,120099000,120099000,712938000,-735877000,None,None,None,None,None,None,1000,175932212,None,170551000,170551000,10242000,None,None,119630000,None,None,82083000,8419000,None,None,None,0.0,0.27,-207591000,-125508000,-0.17,2025-07-31,4236000,945973000.0,217200000,-207591000,5497000,None,None,None,None,None,3400000,None,None,None,None,None,-95929000,None,None,None,-0.216,63543000,426307000,-209107000,20764000,215523000,None,None,None,None,None,None,None,13.16,None,None,None,None,None,13492000,None,-0.315,None,None,2025-12-04,quarterly,0.1,USD,post-market,127360000,-796205000,-0.124,0.0,0.483,6.19,93720000,5975000,5975000,97212000,79.71,75.47,158.8235,509915000,361105000,231740000,430043000,148810000,198303000,387751000,79872000,None,103.0,47.35
2025-12-28,RBRK,-1.55,1196607000.0,None,-2.62,2850000,None,120099000,120099000,15341000,34165000,None,None,None,None,None,None,1000,175932212,None,170551000,170551000,10242000,None,None,119630000,None,None,82083000,8075000,None,None,None,0.0,0.27,-207591000,-125508000,-0.17,2025-04-30,4236000,945973000.0,217200000,-207591000,5497000,None,None,None,None,None,3400000,None,None,None,None,None,-102104000,None,None,None,-0.216,39655000,426307000,-209107000,20764000,215523000,None,None,None,None,None,None,None,13.16,None,None,None,None,None,13492000,None,-0.315,None,None,2025-12-04,quarterly,0.1,USD,post-market,127360000,-796205000,-0.124,0.0,0.483,6.19,93720000,5975000,5975000,97212000,79.71,75.47,158.8235,509915000,361105000,231740000,430043000,148810000,198303000,387751000,79872000,None,103.0,47.35
2025-12-28,RBRK,-1.55,1196607000.0,None,-2.62,5589000,None,120099000,120099000,1923000,4158000,None,None,None,None,None,None,1000,175932212,None,170551000,170551000,10242000,None,None,119630000,None,None,82083000,7326000,None,None,None,0.0,0.27,-207591000,-125508000,-0.17,2025-01-31,4236000,945973000.0,217200000,-207591000,5497000,None,None,None,None,None,3400000,None,None,None,None,None,-114889000,None,None,None,-0.216,83597000,426307000,-209107000,20764000,215523000,None,None,None,None,None,None,None,13.16,None,None,None,None,None,None,None,-0.315,None,None,2025-12-04,quarterly,0.1,USD,post-market,127360000,-796205000,-0.124,0.0,0.483,6.19,93720000,5975000,5975000,97212000,79.71,75.47,158.8235,509915000,361105000,231740000,430043000,148810000,198303000,387751000,79872000,None,103.0,47.35
2025-12-28,RBRK,-1.55,1196607000.0,None,-2.62,7527000,None,120099000,120099000,11726000,-72139000,None,None,36000,None,None,None,1000,175932212,None,170551000,170551000,10242000,None,None,119630000,None,None,82083000,7398000,None,None,None,0.0,0.27,-207591000,-125508000,-0.17,2024-10-31,4236000,945973000.0,217200000,-207591000,5497000,None,None,None,None,None,3400000,None,None,None,None,None,-130910000,None,None,None,-0.216,23095000,426307000,-209107000,20764000,215523000,None,None,None,None,None,None,None,13.16,None,None,None,None,None,None,None,-0.315,None,None,2025-12-04,quarterly,0.1,USD,post-market,127360000,-796205000,-0.124,0.0,0.483,6.19,93720000,5975000,5975000,97212000,79.71,75.47,158.8235,509915000,361105000,231740000,430043000,148810000,198303000,387751000,79872000,None,103.0,47.35
2025-12-28,RBRK,-1.55,1196607000.0,None,-2.62,4929000,None,120099000,120099000,22192000,-356198000,None,None,66000,None,None,None,1000,175932212,None,170551000,170551000,10242000,None,None,119630000,None,None,82083000,29010000,None,None,None,0.0,0.27,-207591000,-125508000,-0.17,2024-07-31,4236000,945973000.0,217200000,-207591000,5497000,None,None,None,None,None,3400000,None,None,None,None,None,-176930000,None,None,None,-0.216,-27083000,426307000,-209107000,20764000,215523000,None,None,None,None,None,None,None,13.16,None,None,None,None,None,350444000,None,-0.315,None,None,2025-12-04,quarterly,0.1,USD,post-market,127360000,-796205000,-0.124,0.0,0.483,6.19,93720000,5975000,5975000,97212000,79.71,75.47,158.8235,509915000,361105000,231740000,430043000,148810000,198303000,387751000,79872000,None,103.0,47.35
2025-12-28,RBRK,-1.55,1196607000.0,None,-2.62,5742000,None,120099000,120099000,362188000,40737000,None,None,42000,None,None,None,1000,175932212,None,170551000,170551000,10242000,None,None,119630000,None,None,82083000,27567000,None,None,None,0.0,0.27,-207591000,-125508000,-0.17,2024-04-30,4236000,945973000.0,217200000,-207591000,5497000,None,None,None,None,None,3400000,None,None,None,None,None,-732091000,None,None,None,-0.216,-31387000,426307000,-209107000,20764000,215523000,None,None,None,None,None,None,None,13.16,None,None,None,None,None,-350444000,None,-0.315,None,None,2025-12-04,quarterly,0.1,USD,post-market,127360000,-796205000,-0.124,0.0,0.483,6.19,93720000,5975000,5975000,97212000,79.71,75.47,158.8235,509915000,361105000,231740000,430043000,148810000,198303000,387751000,79872000,None,103.0,47.35
2025-12-28,RBRK,-1.55,1196607000.0,None,-2.62,4057000,None,120099000,120099000,-493000,28376000,None,None,None,None,None,None,1000,175932212,None,170551000,170551000,10242000,None,None,119630000,None,None,82083000,5121500,None,None,None,0.0,0.27,-207591000,-125508000,-0.17,2024-01-31,4236000,945973000.0,217200000,-207591000,5497000,None,None,None,None,None,3400000,None,None,None,None,None,-91882000,None,None,None,-0.216,12770000,426307000,-209107000,20764000,215523000,None,None,None,None,None,None,None,13.16,None,None,None,None,None,None,None,-0.315,None,None,2025-12-04,quarterly,0.1,USD,post-market,127360000,-796205000,-0.124,0.0,0.483,6.19,93720000,5975000,5975000,97212000,79.71,75.47,158.8235,509915000,361105000,231740000,430043000,148810000,198303000,387751000,79872000,None,103.0,47.35
2025-12-28,RBRK,-1.55,1196607000.0,None,-2.62,1468000,None,120099000,120099000,95716000,-99781000,None,None,None,None,None,None,1000,175932212,None,170551000,170551000,10242000,None,None,119630000,None,None,82083000,5121500,None,None,None,0.0,0.27,-207591000,-125508000,-0.17,2023-10-31,4236000,945973000.0,217200000,-207591000,5497000,None,None,None,None,None,3400000,None,None,None,None,None,-91882000,None,None,None,-0.216,6917000,426307000,-209107000,20764000,215523000,None,None,None,None,None,None,None,13.16,None,None,None,None,None,None,None,-0.315,None,None,2025-12-04,quarterly,0.1,USD,post-market,127360000,-796205000,-0.124,0.0,0.483,6.19,93720000,5975000,5975000,97212000,79.71,75.47,158.8235,509915000,361105000,231740000,430043000,148810000,198303000,387751000,79872000,None,103.0,47.35
2025-12-28,RBRK,-1.55,1196607000.0,None,-2.62,6700000,None,120099000,120099000,167000,-27264000,None,None,None,None,None,None,1000,175932212,None,170551000,170551000,10242000,None,None,119630000,None,None,82083000,25615000,None,None,None,0.0,0.27,-207591000,-125508000,-0.17,2023-07-31,4236000,945973000.0,217200000,-207591000,5497000,None,None,None,None,None,3400000,None,None,None,None,None,-81121000,None,None,None,-0.216,-6748000,426307000,-209107000,20764000,215523000,None,None,None,None,None,None,None,13.16,None,None,None,None,None,None,None,-0.315,None,None,2025-12-04,quarterly,0.1,USD,post-market,127360000,-796205000,-0.124,0.0,0.483,6.19,93720000,5975000,5975000,97212000,79.71,75.47,158.8235,509915000,361105000,231740000,430043000,148810000,198303000,387751000,79872000,None,103.0,47.35
2025-12-28,RBRK,-1.55,1196607000.0,None,-2.62,5789000,None,120099000,120099000,559000,5046000,None,None,None,None,None,None,1000,175932212,None,170551000,170551000,10242000,None,None,119630000,None,None,82083000,22017000,None,None,None,0.0,0.27,-207591000,-125508000,-0.17,2023-04-30,4236000,945973000.0,217200000,-207591000,5497000,None,None,None,None,None,3400000,None,None,None,None,None,-89273000,None,None,None,-0.216,-17457000,426307000,-209107000,20764000,215523000,None,None,None,None,None,None,None,13.16,None,None,None,None,None,None,None,-0.315,None,None,2025-12-04,quarterly,0.1,USD,post-market,127360000,-796205000,-0.124,0.0,0.483,6.19,93720000,5975000,5975000,97212000,79.71,75.47,158.8235,509915000,361105000,231740000,430043000,148810000,198303000,387751000,79872000,None,103.0,47.35
2025-12-28,RBRK,-1.55,1196607000.0,None,-2.62,7584000,None,120099000,120099000,-577500,-37984000,None,None,None,None,None,None,1000,175932212,None,170551000,170551000,10242000,None,None,119630000,None,None,82083000,4062000,None,None,None,0.0,0.27,-207591000,-125508000,-0.17,2023-01-31,4236000,945973000.0,217200000,-207591000,5497000,None,None,None,None,None,3400000,None,None,None,None,None,-74514000,None,None,None,-0.216,34639000,426307000,-209107000,20764000,215523000,None,None,None,None,None,None,None,13.16,None,None,None,None,None,None,None,-0.315,None,None,2025-12-04,quarterly,0.1,None,post-market,127360000,-796205000,-0.124,0.0,0.483,6.19,93720000,5975000,5975000,97212000,79.71,75.47,158.8235,509915000,361105000,231740000,430043000,148810000,198303000,387751000,79872000,None,103.0,47.35
2025-12-28,RBRK,-1.55,1196607000.0,None,-2.62,7584000,None,120099000,120099000,-577500,-37984000,None,None,None,None,None,None,1000,175932212,None,170551000,170551000,10242000,None,None,119630000,None,None,82083000,4062000,None,None,None,0.0,0.27,-207591000,-125508000,-0.17,2022-10-31,4236000,945973000.0,217200000,-207591000,5497000,None,None,None,None,None,3400000,None,None,None,None,None,-74514000,None,None,None,-0.216,34639000,426307000,-209107000,20764000,215523000,None,None,None,None,None,None,None,13.16,None,None,None,None,None,None,None,-0.315,None,None,2025-12-04,quarterly,0.1,None,post-market,127360000,-796205000,-0.124,0.0,0.483,6.19,93720000,5975000,5975000,97212000,79.71,75.47,158.8235,509915000,361105000,231740000,430043000,148810000,198303000,387751000,79872000,None,103.0,47.35
2025-12-28,RBRK,-1.55,1196607000.0,None,-2.62,4924500,None,120099000,120099000,86489000,-24610000,None,None,None,None,None,None,1000,175932212,None,170551000,170551000,10242000,None,None,119630000,None,None,82083000,4071000,None,None,None,0.0,0.27,-207591000,-125508000,-0.17,2022-07-31,4236000,945973000.0,217200000,-207591000,5497000,None,None,None,None,None,3400000,None,None,None,None,None,-64359000,None,None,None,-0.216,-24995500,426307000,-209107000,20764000,215523000,None,None,None,None,None,None,None,13.16,None,None,None,None,None,-3000,None,-0.315,None,None,2025-12-04,quarterly,0.1,None,post-market,127360000,-796205000,-0.124,0.0,0.483,6.19,93720000,5975000,5975000,97212000,79.71,75.47,158.8235,509915000,361105000,231740000,430043000,148810000,198303000,387751000,79872000,None,103.0,47.35
2025-12-28,RBRK,-1.55,1196607000.0,None,-2.62,4924500,None,120099000,120099000,86489000,-24610000,None,None,None,None,None,None,1000,175932212,None,170551000,170551000,10242000,None,None,119630000,None,None,82083000,4071000,None,None,None,0.0,0.27,-207591000,-125508000,-0.17,2022-04-30,4236000,945973000.0,217200000,-207591000,5497000,None,None,None,None,None,3400000,None,None,None,None,None,-64359000,None,None,None,-0.216,-24995500,426307000,-209107000,20764000,215523000,None,None,None,None,None,None,None,13.16,None,None,None,None,None,-3000,None,-0.315,None,None,2025-12-04,quarterly,0.1,None,post-market,127360000,-796205000,-0.124,0.0,0.483,6.19,93720000,5975000,5975000,97212000,79.71,75.47,158.8235,509915000,361105000,231740000,430043000,148810000,198303000,387751000,79872000,None,103.0,47.35
2025-12-28,RBRK,-1.55,1196607000.0,None,-2.62,16885000,None,120099000,120099000,398023000,-383442000,None,None,None,None,None,None,1000,175932212,None,170551000,170551000,10242000,None,None,119630000,None,None,82083000,28868000,None,None,None,0.0,0.27,-207591000,-125508000,-0.17,2025-01-31,4236000,945973000.0,217200000,-207591000,5497000,None,None,None,None,None,3400000,None,None,None,None,None,-1154820000,None,None,None,-0.216,48228000,426307000,-209107000,20764000,215523000,None,None,None,None,None,None,None,13.16,None,None,None,None,None,11064000,None,-0.315,None,None,2025-12-04,annual,0.1,USD,post-market,127360000,-796205000,-0.124,0.0,0.483,6.19,93720000,5975000,5975000,97212000,79.71,75.47,158.8235,509915000,361105000,231740000,430043000,148810000,198303000,387751000,79872000,None,103.0,47.35
2025-12-28,RBRK,-1.55,1196607000.0,None,-2.62,12333000,None,120099000,120099000,95949000,-93623000,None,None,None,None,None,None,1000,175932212,None,170551000,170551000,10242000,None,None,119630000,None,None,82083000,18405000,None,None,None,0.0,0.27,-207591000,-125508000,-0.17,2024-01-31,4236000,945973000.0,217200000,-207591000,5497000,None,None,None,None,None,3400000,None,None,None,None,None,-354158000,None,None,None,-0.216,-4518000,426307000,-209107000,20764000,215523000,None,None,None,None,None,None,None,13.16,None,None,None,None,None,0,None,-0.315,None,None,2025-12-04,annual,0.1,USD,post-market,127360000,-796205000,-0.124,0.0,0.483,6.19,93720000,5975000,5975000,97212000,79.71,75.47,158.8235,509915000,361105000,231740000,430043000,148810000,198303000,387751000,79872000,None,103.0,47.35
2025-12-28,RBRK,-1.55,1196607000.0,None,-2.62,34298000,None,120099000,120099000,171823000,-125188000,None,None,None,None,None,None,1000,175932212,None,170551000,170551000,10242000,None,None,119630000,None,None,82083000,103654000,None,None,None,0.0,0.27,-207591000,-125508000,-0.17,2023-01-31,4236000,945973000.0,217200000,-207591000,5497000,None,None,None,None,None,3400000,None,None,None,None,None,-277746000,None,None,None,-0.216,19287000,426307000,-209107000,20764000,215523000,None,None,None,None,None,None,None,13.16,None,None,None,None,None,-6000,None,-0.315,None,None,2025-12-04,annual,0.1,USD,post-market,127360000,-796205000,-0.124,0.0,0.483,6.19,93720000,5975000,5975000,97212000,79.71,75.47,158.8235,509915000,361105000,231740000,430043000,148810000,198303000,387751000,79872000,None,103.0,47.35
2025-12-28,RBRK,-1.55,1196607000.0,None,-2.62,20449000,None,120099000,120099000,22872000,8417000,None,None,None,None,None,None,1000,175932212,None,170551000,170551000,10242000,None,None,119630000,None,None,82083000,104657000,None,None,None,0.0,0.27,-207591000,-125508000,-0.17,2022-01-31,4236000,945973000.0,217200000,-207591000,5497000,None,None,None,None,None,3400000,None,None,None,None,None,-254404000,None,None,None,-0.216,-82785000,426307000,-209107000,20764000,215523000,None,None,None,None,None,None,None,13.16,None,None,None,None,None,-1311000,None,-0.315,None,None,2025-12-04,annual,0.1,USD,post-market,127360000,-796205000,-0.124,0.0,0.483,6.19,93720000,5975000,5975000,97212000,79.71,75.47,158.8235,509915000,361105000,231740000,430043000,148810000,198303000,387751000,79872000,None,103.0,47.35
2025-12-28,RBRK,-1.55,1196607000.0,None,-2.62,15882000,None,120099000,120099000,137514000,-1597000,None,None,None,None,None,None,1000,175932212,None,170551000,170551000,10242000,None,None,119630000,None,None,82083000,82083000,None,None,None,0.0,0.27,-207591000,-125508000,-0.17,2021-01-31,4236000,945973000.0,217200000,-207591000,5497000,None,None,None,None,None,3400000,None,None,None,None,None,-213088000,None,None,None,-0.216,-58742000,426307000,-209107000,20764000,215523000,None,None,None,None,None,None,None,13.16,None,None,None,None,None,-529000,None,-0.315,None,None,2025-12-04,annual,0.1,None,post-market,127360000,-796205000,-0.124,0.0,0.483,6.19,93720000,5975000,5975000,97212000,79.71,75.47,158.8235,509915000,361105000,231740000,430043000,148810000,198303000,387751000,79872000,None,103.0,47.35
