date,symbol,eps,revenue_ttm,pe_ratio,accumulateddepreciationamortizationppe,beta,book_value,capitalexpenditures,capitalleaseobligations,cashandcashequivalentsatcarryingvalue,cashandshortterminvestments,cashflowfromfinancing,cashflowfrominvestment,changeincashandcashequivalents,changeinexchangerate,changeininventory,changeinoperatingassets,changeinoperatingliabilities,changeinreceivables,commonstock,commonstocksharesoutstanding,comprehensiveincomenetoftax,costofgoodsandservicessold,costofrevenue,currentaccountspayable,currentdebt,currentlongtermdebt,currentnetreceivables,deferredrevenue,depreciation,depreciationandamortization,depreciationdepletionandamortization,dividend_per_share,dividend_yield,dividendpayout,dividendpayoutcommonstock,dividendpayoutpreferredstock,earnings_growth_yoy,earnings_surprise,ebit,ebitda,estimated_eps,fiscaldateending,goodwill,gross_profit_ttm,grossprofit,incomebeforetax,incometaxexpense,intangibleassets,intangibleassetsexcludinggoodwill,interestanddebtexpense,interestexpense,interestincome,inventory,investmentincomenet,investments,longtermdebt,longtermdebtnoncurrent,longterminvestments,netincome,netincomefromcontinuingoperations,netinterestincome,noninterestincome,operating_margin_ttm,operatingcashflow,operatingexpenses,operatingincome,othercurrentassets,othercurrentliabilities,othernoncurrentassets,othernoncurrentliabilities,othernonoperatingincome,paymentsforoperatingactivities,paymentsforrepurchaseofcommonstock,paymentsforrepurchaseofequity,paymentsforrepurchaseofpreferredstock,price_to_book,price_to_sales_ttm,proceedsfromissuanceofcommonstock,proceedsfromissuanceoflongtermdebtandcapitalsecuritiesnet,proceedsfromissuanceofpreferredstock,proceedsfromoperatingactivities,proceedsfromrepaymentsofshorttermdebt,proceedsfromrepurchaseofequity,proceedsfromsaleoftreasurystock,profit_margin,profitloss,propertyplantequipment,report_date,report_type,reported_eps,reportedcurrency,reporttime,researchanddevelopment,retainedearnings,return_on_assets_ttm,return_on_equity_ttm,revenue_growth_yoy,revenue_per_share_ttm,sellinggeneralandadministrative,shortlongtermdebttotal,shorttermdebt,shortterminvestments,sma_200,sma_50,surprise_pct,totalassets,totalcurrentassets,totalcurrentliabilities,totalliabilities,totalnoncurrentassets,totalnoncurrentliabilities,totalrevenue,totalshareholderequity,trailing_pe,treasurystock,week_52_high,week_52_low
2019-09-30,TUYA,,,,,,,,,,,,,,,,,,,,,,,,,,,,,,,,,,,,,,-0.1246,,,0.0,,,,,,,,,,,,,,,,,,,,,,,,,,,,,,,,,,,,,,,,,,,,,,,2019-12-31,,-0.1246,,pre-market,,,,,,,,,,,,,,,,,,,,,,,,,
2019-12-31,TUYA,,,,,,,,,,,,,,,,,,,,,,,,,,,,,,,,,,,,,,-0.093,,,0.0,,,,,,,,,,,,,,,,,,,,,,,,,,,,,,,,,,,,,,,,,,,,,,,2020-03-31,,-0.093,,pre-market,,,,,,,,,,,,,,,,,,,,,,,,,
2020-03-31,TUYA,,,,,,,,,,,,,,,,,,,,,,,,,,,,,,,,,,,,,,-0.0664,,,0.0,,,,,,,,,,,,,,,,,,,,,,,,,,,,,,,,,,,,,,,,,,,,,,,2020-06-30,,-0.0664,,pre-market,,,,,,,,,,,,,,,,,,,,,,,,,
2020-06-30,TUYA,,,,,,,,,,,,,,,,,,,,,,,,,,,,,,,,,,,,,,-0.0592,,,0.0,,,,,,,,,,,,,,,,,,,,,,,,,,,,,,,,,,,,,,,,,,,,,,,2020-09-30,,-0.0592,,pre-market,,,,,,,,,,,,,,,,,,,,,,,,,
2020-09-30,TUYA,,,,,,,,,,,,,,,,,,,,,,,,,,,,,,,,,,,,,,-0.0828,,,0.0,,,,,,,,,,,,,,,,,,,,,,,,,,,,,,,,,,,,,,,,,,,,,,,2020-12-31,,-0.0828,,pre-market,,,,,,,,,,,,,,,,,,,,,,,,,
2020-12-31,TUYA,,,,,,,,,,,,,,,,,,,,,,,,,,,,,,,,,,,,,,0.05,,,-0.08,,,,,,,,,,,,,,,,,,,,,,,,,,,,,,,,,,,,,,,,,,,,,,,2021-03-19,,-0.03,,post-market,,,,,,,,,,,,,62.5,,,,,,,,,,,,
2021-03-31,TUYA,,,,,,,,,,,,,,,,,,,,,,,,,,,,,,,,,,,,,,-0.08,,,-0.07,,,,,,,,,,,,,,,,,,,,,,,,,,,,,,,,,,,,,,,,,,,,,,,2021-05-13,,-0.15,,post-market,,,,,,,,,,,,,-114.2857,,,,,,,,,,,,
2021-06-30,TUYA,,,,,,,,,,,,,,,,,,,,,,,,,,,,,,,,,,,,,,0.0,,,-0.04,,,,,,,,,,,,,,,,,,,,,,,,,,,,,,,,,,,,,,,,,,,,,,,2021-08-18,,-0.04,,pre-market,,,,,,,,,,,,,0.0,,,,,,,,,,,,
2021-09-30,TUYA,,,,,,,,,,,,,,,,,,,,,,,,,,,,,,,,,,,,,,0.0,,,-0.06,,,,,,,,,,,,,,,,,,,,,,,,,,,,,,,,,,,,,,,,,,,,,,,2021-11-22,,-0.06,,post-market,,,,,,,,,,,,,0.0,,,,,,,,,,,,
2021-12-31,TUYA,,,,,,,,,,,,,,,,,,,,,,,,,,,,,,,,,,,,,,0.0,,,-0.06,,,,,,,,,,,,,,,,,,,,,,,,,,,,,,,,,,,,,,,,,,,,,,,2022-03-14,,-0.06,,post-market,,,,,,,,,,,,,0.0,,,,,,,,,,,,
2022-03-31,TUYA,,,,,,,,,,,,,,,,,,,,,,,,,,,,,,,,,,,,,,0.02,,,-0.09,,,,,,,,,,,,,,,,,,,,,,,,,,,,,,,,,,,,,,,,,,,,,,,2022-06-14,,-0.07,,post-market,,,,,,,,,,,,,22.2222,,,,,,,,,,,,
2022-06-30,TUYA,,,,,,,,,,,,,,,,,,,,,,,,,,,,,,,,,,,,,,0.05,,,-0.08,,,,,,,,,,,,,,,,,,,,,,,,,,,,,,,,,,,,,,,,,,,,,,,2022-08-29,,-0.03,,post-market,,,,,,,,,,,,,62.5,,,,,,,,,,,,
2022-09-30,TUYA,,,,,,,,,,,,,,,,,,,,,,,,,,,,,,,,,,,,,,0.0,,,-0.03,,,,,,,,,,,,,,,,,,,,,,,,,,,,,,,,,,,,,,,,,,,,,,,2022-11-09,,-0.03,,post-market,,,,,,,,,,,,,0.0,,,,,,,,,,,,
2022-12-31,TUYA,,,,,,,,,,,,,,,,,,,,,,,,,,,,,,,,,,,,,,0.01,,,-0.02,,,,,,,,,,,,,,,,,,,,,,,,,,,,,,,,,,,,,,,,,,,,,,,2023-03-01,,-0.01,,post-market,,,,,,,,,,,,,50.0,,,,,,,,,,,,
2023-03-31,TUYA,,,,,,,,,,,,,,,,,,,,,,,,,,,,,,,,,,,,,,0.01,,,-0.02,,,,,,,,,,,,,,,,,,,,,,,,,,,,,,,,,,,,,,,,,,,,,,,2023-06-07,,-0.01,,post-market,,,,,,,,,,,,,50.0,,,,,,,,,,,,
2023-06-30,TUYA,,,,,,,,,,,,,,,,,,,,,,,,,,,,,,,,,,,,,,-0.02,,,-0.01,,,,,,,,,,,,,,,,,,,,,,,,,,,,,,,,,,,,,,,,,,,,,,,2023-08-23,,-0.03,,post-market,,,,,,,,,,,,,-200.0,,,,,,,,,,,,
2023-09-30,TUYA,,,,,,,,,,,,,,,,,,,,,,,,,,,,,,,,,,,,,,0.03,,,-0.01,,,,,,,,,,,,,,,,,,,,,,,,,,,,,,,,,,,,,,,,,,,,,,,2023-11-28,,0.02,,post-market,,,,,,,,,,,,,300.0,,,,,,,,,,,,
2023-12-31,TUYA,,,,,,,,,,,,,,,,,,,,,,,,,,,,,,,,,,,,,,0.0,,,0.02,,,,,,,,,,,,,,,,,,,,,,,,,,,,,,,,,,,,,,,,,,,,,,,2024-02-27,,0.02,,post-market,,,,,,,,,,,,,0.0,,,,,,,,,,,,
2024-03-31,TUYA,,,,,,,,,,,,,,,,,,,,,,,,,,,,,,,,,,,,,,0.01,,,0.01,,,,,,,,,,,,,,,,,,,,,,,,,,,,,,,,,,,,,,,,,,,,,,,2024-05-20,,0.02,,post-market,,,,,,,,,,,,,100.0,,,,,,,,,,,,
2024-06-30,TUYA,,,,,,,,,,,,,,,,,,,,,,,,,,,,,,,,,,,,,,0.02,,,0.02,,,,,,,,,,,,,,,,,,,,,,,,,,,,,,,,,,,,,,,,,,,,,,,2024-08-26,,0.04,,post-market,,,,,,,,,,,,,100.0,,,,,,,,,,,,
2024-09-30,TUYA,,,,,,,,,,,,,,,,,,,,,,,,,,,,,,,,,,,,,,0.01,,,0.03,,,,,,,,,,,,,,,,,,,,,,,,,,,,,,,,,,,,,,,,,,,,,,,2024-11-18,,0.04,,post-market,,,,,,,,,,,,,33.3333,,,,,,,,,,,,
2024-12-31,TUYA,,,,,,,,,,,,,,,,,,,,,,,,,,,,,,,,,,,,,,0.01,,,0.03,,,,,,,,,,,,,,,,,,,,,,,,,,,,,,,,,,,,,,,,,,,,,,,2025-02-26,,0.04,,pre-market,,,,,,,,,,,,,33.3333,,,,,,,,,,,,
2025-03-31,TUYA,,,,,,,,,,,,,,,,,,,,,,,,,,,,,,,,,,,,,,0.01,,,0.02,,,,,,,,,,,,,,,,,,,,,,,,,,,,,,,,,,,,,,,,,,,,,,,2025-05-20,,0.03,,post-market,,,,,,,,,,,,,50.0,,,,,,,,,,,,
2025-06-30,TUYA,,,,,,,,,,,,,,,,,,,,,,,,,,,,,,,,,,,,,,0.0,,,0.03,,,,,,,,,,,,,,,,,,,,,,,,,,,,,,,,,,,,,,,,,,,,,,,2025-08-26,,0.03,,pre-market,,,,,,,,,,,,,0.0,,,,,,,,,,,,
2025-09-30,TUYA,,,,,,,,,,,,,,,,,,,,,,,,,,,,,,,,,,,,,,0.0,,,0.03,,,,,,,,,,,,,,,,,,,,,,,,,,,,,,,,,,,,,,,,,,,,,,,2025-11-17,,0.03,,post-market,,,,,,,,,,,,,0.0,,,,,,,,,,,,
2025-12-28,TUYA,0.08,319363000.0,27.62,,0.441,1.633,,,,,,,,,,,,,,,,,,,,,,,,,,0.115,0.0519,,,,2.579,0.0,,,0.03,,,154037000.0,,,,,,,,,,,,,,,,,,,0.046,,,,,,,,,,,,,1.347,4.215,,,,,,,,0.151,,,2025-11-17,,0.03,,post-market,,,-0.0002,0.0486,0.011,0.524,,,,,2.49,2.236,0.0,,,,,,,,,27.62,,4.462,1.513
2025-12-28,TUYA,0.08,319363000.0,27.62,,0.441,1.633,,,,,,,,,,,,,,,None,42741427,42741427,,,,,,None,None,,0.115,0.0519,,,,2.579,0.0,None,15253138,0.03,2025-09-30,,154037000.0,39854616,15233000,261000,,,None,None,11376000,,None,,,,,14972000,14972000,11376000,None,0.046,,39293876,540603,,,,,None,,,,,1.347,4.215,,,,,,,,0.151,,,2025-11-17,quarterly,0.03,USD,post-market,22805107,,-0.0002,0.0486,0.011,0.524,8474000,,,,2.49,2.236,0.0,,,,,,,82596044,,27.62,,4.462,1.513
2025-12-28,TUYA,0.08,319363000.0,27.62,,0.441,1.633,,,,,,,,,,,,,,,None,41384000,41384000,,,,,,None,None,,0.115,0.0519,,,,2.579,0.0,None,1088000,0.03,2025-06-30,,154037000.0,38882000,13222000,635000,,,None,None,10761000,,None,,,,,12631000,12587000,10761000,None,0.046,,37658000,1088000,,,,,None,,,,,1.347,4.215,,,,,,,,0.151,,,2025-11-17,quarterly,0.03,USD,post-market,22452000,,-0.0002,0.0486,0.011,0.524,9386000,,,,2.49,2.236,0.0,,,,,,,80130000,,27.62,,4.462,1.513
2025-12-28,TUYA,0.08,319363000.0,27.62,,0.441,1.633,,,,,,,,,,,,,,,None,38436000,38436000,,,,,,None,612250,,0.115,0.0519,,,,2.579,0.0,-3796250,-1452000,0.03,2025-03-31,,154037000.0,36251000,11754000,737000,,,None,None,12395000,,None,,,,,11017000,11017000,12395000,None,0.046,,37703000,-1452000,,,,,None,,,,,1.347,4.215,,,,,,,,0.151,,,2025-11-17,quarterly,0.03,USD,post-market,22810000,,-0.0002,0.0486,0.011,0.524,8929000,,,,2.49,2.236,0.0,,,,,,,74687000,,27.62,,4.462,1.513
2025-12-28,TUYA,0.08,319363000.0,27.62,,0.441,1.633,,,,,,,,,,,,,,,None,42821000,42821000,,,,,,None,612250,,0.115,0.0519,,,,2.579,0.0,-3796000,-3183750,0.03,2024-12-31,,154037000.0,39238000,10309000,524000,,,None,None,12180000,,None,,,,,9785000,9785000,12180000,None,0.046,,85855000,-3796000,,,,,None,,,,,1.347,4.215,,,,,,,,0.151,,,2025-11-17,quarterly,0.03,USD,post-market,23705000,,-0.0002,0.0486,0.011,0.524,22666000,,,,2.49,2.236,0.0,,,,,,,82059000,,27.62,,4.462,1.513
2025-12-28,TUYA,0.08,319363000.0,27.62,,0.441,1.633,,,,,,,,,,,,,,,None,44102000,44102000,,,,,,None,612250,,0.115,0.0519,,,,2.579,0.0,-17113000,-16500750,0.03,2024-09-30,,154037000.0,37515000,-4000000,373000,,,None,None,12985000,,None,,,,,-4373000,-4373000,12985000,None,0.046,,54628000,-17113000,,,,,None,,,,,1.347,4.215,,,,,,,,0.151,,,2025-11-17,quarterly,0.03,USD,post-market,24877000,,-0.0002,0.0486,0.011,0.524,22301000,,,,2.49,2.236,0.0,,,,,,,81617000,,27.62,,4.462,1.513
2025-12-28,TUYA,0.08,319363000.0,27.62,,0.441,1.633,,,,,,,,,,,,,,,None,38087000,38087000,,,,,,None,1324000,,0.115,0.0519,,,,2.579,0.0,3714263,-10344000,0.03,2024-06-30,,154037000.0,35192000,3720000,592000,,,None,None,12452000,,None,,,,,3128000,3128000,12452000,None,0.046,,45536000,-10344000,,,,,None,,,,,1.347,4.215,,,,,,,,0.151,,,2025-11-17,quarterly,0.03,USD,post-market,22993000,,-0.0002,0.0486,0.011,0.524,16861000,,,,2.49,2.236,0.0,,,,,,,73279000,,27.62,,4.462,1.513
2025-12-28,TUYA,0.08,319363000.0,27.62,,0.441,1.633,,,,,,,,,,,,,,,None,32177000,32177000,,,,,,None,612250,,0.115,0.0519,,,,2.579,0.0,-16367000,-15754750,0.03,2024-03-31,,154037000.0,29485000,-2887000,656000,,,None,None,12807000,,None,,,,,-3543000,-3543000,12807000,None,0.046,,45852000,-16367000,,,,,None,,,,,1.347,4.215,,,,,,,,0.151,,,2025-11-17,quarterly,0.03,USD,post-market,23474000,,-0.0002,0.0486,0.011,0.524,15474000,,,,2.49,2.236,0.0,,,,,,,61662000,,27.62,,4.462,1.513
2025-12-28,TUYA,0.08,319363000.0,27.62,,0.441,1.633,,,,,,,,,,,,,,,None,33948000,33948000,,,,,,None,612250,,0.115,0.0519,,,,2.579,0.0,-23624000,-23011750,0.03,2023-12-31,,154037000.0,30463000,-9694000,1122000,,,None,None,13211000,,None,,,,,-10816000,-10816000,13211000,None,0.046,,57497000,-27034000,,,,,None,,,,,1.347,4.215,,,,,,,,0.151,,,2025-11-17,quarterly,0.03,USD,post-market,22806000,,-0.0002,0.0486,0.011,0.524,23754000,,,,2.49,2.236,0.0,,,,,,,64411000,,27.62,,4.462,1.513
2025-12-28,TUYA,0.08,319363000.0,27.62,,0.441,1.633,,,,,,,,,,,,,,,None,32567000,32567000,,,,,,None,860750,,0.115,0.0519,,,,2.579,0.0,-18487000,-17626250,0.03,2023-09-30,,154037000.0,28523000,-4893000,12000,,,None,None,13066000,,None,,,,,-4905000,-4905000,13066000,None,0.046,,47010000,-18487000,,,,,None,,,,,1.347,4.215,,,,,,,,0.151,,,2025-11-17,quarterly,0.03,USD,post-market,24946000,,-0.0002,0.0486,0.011,0.524,15843000,,,,2.49,2.236,0.0,,,,,,,61090000,,27.62,,4.462,1.513
2025-12-28,TUYA,0.08,319363000.0,27.62,,0.441,1.633,,,,,,,,,,,,,,,None,30363000,30363000,,,,,,None,646500,,0.115,0.0519,,,,2.579,0.0,-31418000,-30771500,0.03,2023-06-30,,154037000.0,26641000,-22398000,1151000,,,None,None,7305000,,None,,,,,-23549000,-23549000,7305000,None,0.046,,58059000,-31418000,,,,,None,,,,,1.347,4.215,,,,,,,,0.151,,,2025-11-17,quarterly,0.03,USD,post-market,26474000,,-0.0002,0.0486,0.011,0.524,25893000,,,,2.49,2.236,0.0,,,,,,,57004000,,27.62,,4.462,1.513
2025-12-28,TUYA,0.08,319363000.0,27.62,,0.441,1.633,,,,,,,,,,,,,,,None,26457000,26457000,,,,,,None,860750,,0.115,0.0519,,,,2.579,0.0,-32295000,-31434250,0.03,2023-03-31,,154037000.0,21028000,-20081000,964000,,,None,7518000,11470000,,None,,,,,-21045000,-21045000,11470000,None,0.046,,53323000,-32295000,,,,,None,,,,,1.347,4.215,,,,,,,,0.151,,,2025-11-17,quarterly,0.03,USD,post-market,28051000,,-0.0002,0.0486,0.011,0.524,16793000,,,,2.49,2.236,0.0,,,,,,,47485000,,27.62,,4.462,1.513
2025-12-28,TUYA,0.08,319363000.0,27.62,,0.441,1.633,,,,,,,,,,,,,,,None,26457000,26457000,,,,,,None,860750,,0.115,0.0519,,,,2.579,0.0,-32295000,-31434250,0.03,2022-12-31,,154037000.0,21028000,-20081000,964000,,,None,12214000,10234000,,None,,,,,-21045000,-22730000,10234000,None,0.046,,53323000,-32295000,,,,,None,,,,,1.347,4.215,,,,,,,,0.151,,,2025-11-17,quarterly,0.03,USD,post-market,28051000,,-0.0002,0.0486,0.011,0.524,16793000,,,,2.49,2.236,0.0,,,,,,,47485000,,27.62,,4.462,1.513
2025-12-28,TUYA,0.08,319363000.0,27.62,,0.441,1.633,,,,,,,,,,,,,,,None,25368000,25368000,,,,,,None,842250,,0.115,0.0519,,,,2.579,0.0,-40414000,-39571750,0.03,2022-09-30,,154037000.0,19647000,-31856000,767000,,,None,6763000,6763000,,None,,,,,-32623000,-32623000,6763000,None,0.046,,60061000,-40414000,,,,,None,,,,,1.347,4.215,,,,,,,,0.151,,,2025-11-17,quarterly,0.03,USD,post-market,32341000,,-0.0002,0.0486,0.011,0.524,16172000,,,,2.49,2.236,0.0,,,,,,,45015000,,27.62,,4.462,1.513
2025-12-28,TUYA,0.08,319363000.0,27.62,,0.441,1.633,,,,,,,,,,,,,,,None,35777000,35777000,,,,,,None,981500,,0.115,0.0519,,,,2.579,0.0,-39460000,-38478500,0.03,2022-06-30,,154037000.0,26770000,-35711000,158000,,,None,1428000,1428000,,None,,,,,-35869000,-35869000,1428000,None,0.046,,66230000,-39460000,,,,,None,,,,,1.347,4.215,,,,,,,,0.151,,,2025-11-17,quarterly,0.03,USD,post-market,37221000,,-0.0002,0.0486,0.011,0.524,17130000,,,,2.49,2.236,0.0,,,,,,,62547000,,27.62,,4.462,1.513
2025-12-28,TUYA,0.08,319363000.0,27.62,,0.441,1.633,,,,,,,,,,,,,,,None,32504000,32504000,,,,,,None,842250,,0.115,0.0519,,,,2.579,0.0,-55482000,-54639750,0.03,2022-03-31,,154037000.0,22820000,-54809000,144000,,,None,1428000,121000,,None,,,,,-54953000,-54953000,121000,None,0.046,,78302000,-55482000,,,,,None,,,,,1.347,4.215,,,,,,,,0.151,,,2025-11-17,quarterly,0.03,USD,post-market,47588000,,-0.0002,0.0486,0.011,0.524,18030000,,,,2.49,2.236,0.0,,,,,,,55324000,,27.62,,4.462,1.513
2025-12-28,TUYA,0.08,319363000.0,27.62,,0.441,1.633,,,,,,,,,,,,,,,None,42616000,42616000,,,,,,None,842250,,0.115,0.0519,,,,2.579,0.0,-51556000,-50713750,0.03,2021-12-31,,154037000.0,32351000,-48709000,135000,,,None,673000,2619000,,None,,,,,-48844000,-48844000,2619000,None,0.046,,83907000,-51556000,,,,,None,,,,,1.347,4.215,,,,,,,,0.151,,,2025-11-17,quarterly,0.03,USD,post-market,46187000,,-0.0002,0.0486,0.011,0.524,21011000,,,,2.49,2.236,0.0,,,,,,,74967000,,27.62,,4.462,1.513
2025-12-28,TUYA,0.08,319363000.0,27.62,,0.441,1.633,,,,,,,,,,,,,,,None,49147000,49147000,,,,,,None,415500,,0.115,0.0519,,,,2.579,0.0,-49209000,-48793500,0.03,2021-09-30,,154037000.0,36431000,-47830000,87000,,,None,777000,777000,,None,,,,,-47917000,-47917000,777000,None,0.046,,85640000,-49209000,,,,,None,,,,,1.347,4.215,,,,,,,,0.151,,,2025-11-17,quarterly,0.03,USD,post-market,50736000,,-0.0002,0.0486,0.011,0.524,18224000,,,,2.49,2.236,0.0,,,,,,,85578000,,27.62,,4.462,1.513
2025-12-28,TUYA,0.08,319363000.0,27.62,,0.441,1.633,,,,,,,,,,,,,,,None,48961000,48961000,,,,,,None,812000,,0.115,0.0519,,,,2.579,0.0,-41518000,-40706000,0.03,2021-06-30,,154037000.0,35702000,-37888000,242000,,,None,777000,2795000,,None,,,,,-38130000,-38130000,2795000,None,0.046,,77220000,-41518000,,,,,None,,,,,1.347,4.215,,,,,,,,0.151,,,2025-11-17,quarterly,0.03,USD,post-market,42657000,,-0.0002,0.0486,0.011,0.524,16292000,,,,2.49,2.236,0.0,,,,,,,84663000,,27.62,,4.462,1.513
2025-12-28,TUYA,0.08,319363000.0,27.62,,0.441,1.633,,,,,,,,,,,,,,,None,33485000,33485000,,,,,,None,415500,,0.115,0.0519,,,,2.579,0.0,-41277000,-40861500,0.03,2021-03-31,,154037000.0,23383000,-40507000,26000,,,None,770000,1095000,,None,,,,,-40533000,-40533000,1095000,None,0.046,,64660000,-41277000,,,,,None,,,,,1.347,4.215,,,,,,,,0.151,,,2025-11-17,quarterly,0.03,USD,post-market,34709000,,-0.0002,0.0486,0.011,0.524,16062000,,,,2.49,2.236,0.0,,,,,,,56868000,,27.62,,4.462,1.513
2025-12-28,TUYA,0.08,319363000.0,27.62,,0.441,1.633,,,,,,,,,,,,,,,None,38895000,38895000,,,,,,None,512000,,0.115,0.0519,,,,2.579,0.0,-18705000,-18193000,0.03,2020-12-31,,154037000.0,24120000,-18364000,17000,,,None,341000,461000,,None,,,,,-18381000,-18381000,461000,None,0.046,,42825000,-18705000,,,,,None,,,,,1.347,4.215,,,,,,,,0.151,,,2025-11-17,quarterly,0.03,USD,post-market,25467000,,-0.0002,0.0486,0.011,0.524,6220000,,,,2.49,2.236,0.0,,,,,,,63015000,,27.62,,4.462,1.513
2025-12-28,TUYA,0.08,319363000.0,27.62,,0.441,1.633,,,,,,,,,,,,,,,None,38750000,38750000,,,,,,None,383333,,0.115,0.0519,,,,2.579,0.0,-13780000,-13396667,0.03,2020-09-30,,154037000.0,20330000,-13075000,75000,,,None,654000,654000,,None,,,,,-13150000,-13150000,654000,None,0.046,,34110000,-13780000,,,,,None,,,,,1.347,4.215,,,,,,,,0.151,,,2025-11-17,quarterly,0.03,USD,post-market,20052000,,-0.0002,0.0486,0.011,0.524,4393000,,,,2.49,2.236,0.0,,,,,,,59080000,,27.62,,4.462,1.513
2025-12-28,TUYA,0.08,319363000.0,27.62,,0.441,1.633,,,,,,,,,,,,,,,None,27085000,27085000,,,,,,None,189500,,0.115,0.0519,,,,2.579,0.0,-15578000,-15388500,0.03,2020-06-30,,154037000.0,11748000,-14666000,76000,,,None,912000,766000,,None,,,,,-14742000,-14742000,766000,None,0.046,,27326000,-15578000,,,,,None,,,,,1.347,4.215,,,,,,,,0.151,,,2025-11-17,quarterly,0.03,USD,post-market,16086000,,-0.0002,0.0486,0.011,0.524,3825000,,,,2.49,2.236,0.0,,,,,,,38833000,,27.62,,4.462,1.513
2025-12-28,TUYA,0.08,319363000.0,27.62,,0.441,1.633,,,,,,,,,,,,,,,None,13207000,13207000,,,,,,None,189500,,0.115,0.0519,,,,2.579,0.0,-21783000,-21593500,0.03,2020-03-31,,154037000.0,5739000,-20601000,38000,,,None,1182000,1192000,,None,,,,,-20639000,-20639000,1192000,None,0.046,,27522000,-21783000,,,,,None,,,,,1.347,4.215,,,,,,,,0.151,,,2025-11-17,quarterly,0.03,USD,post-market,15825000,,-0.0002,0.0486,0.011,0.524,3430000,,,,2.49,2.236,0.0,,,,,,,18946000,,27.62,,4.462,1.513
2025-12-28,TUYA,0.08,319363000.0,27.62,,0.441,1.633,,,,,,,,,,,,,,,None,24649000,24649000,,,,,,None,326000,,0.115,0.0519,,,,2.579,0.0,-25274000,-24948000,0.03,2019-12-31,,154037000.0,9584000,-24207000,12000,,,None,None,None,,None,,,,,-27649000,None,None,None,0.046,,34858000,-25274000,,,,,None,,,,,1.347,4.215,,,,,,,,0.151,,,2025-11-17,quarterly,0.03,USD,post-market,17155000,,-0.0002,0.0486,0.011,0.524,3919000,,,,2.49,2.236,0.0,,,,,,,34233000,,27.62,,4.462,1.513
2025-12-28,TUYA,0.08,319363000.0,27.62,,0.441,1.633,,,,,,,,,,,,,,,None,19500750,19500750,,,,,,None,849500,,0.115,0.0519,,,,2.579,0.0,-17588250,-16738750,0.03,2019-09-30,,154037000.0,6946500,-17588250,31000,,,None,None,None,,None,,,,,-17619250,None,None,None,0.046,,25304000,-18357500,,,,,None,,,,,1.347,4.215,,,,,,,,0.151,,,2025-11-17,quarterly,0.03,USD,post-market,13000750,,-0.0002,0.0486,0.011,0.524,3049000,,,,2.49,2.236,0.0,,,,,,,26447250,,27.62,,4.462,1.513
2025-12-28,TUYA,0.08,319363000.0,27.62,,0.441,1.633,,,,,,,,,,,,,,,None,19500750,19500750,,,,,,None,849500,,0.115,0.0519,,,,2.579,0.0,-17588250,-16738750,0.03,2019-06-30,,154037000.0,6946500,-17588250,31000,,,None,None,None,,None,,,,,-17619250,None,None,None,0.046,,25304000,-18357500,,,,,None,,,,,1.347,4.215,,,,,,,,0.151,,,2025-11-17,quarterly,0.03,USD,post-market,13000750,,-0.0002,0.0486,0.011,0.524,3049000,,,,2.49,2.236,0.0,,,,,,,26447250,,27.62,,4.462,1.513
2025-12-28,TUYA,0.08,319363000.0,27.62,,0.441,1.633,,,,,,,,,,,,,,,None,19500750,19500750,,,,,,None,849500,,0.115,0.0519,,,,2.579,0.0,-17588250,-16738750,0.03,2019-03-31,,154037000.0,6946500,-17588250,31000,,,None,None,None,,None,,,,,-17619250,None,None,None,0.046,,25304000,-18357500,,,,,None,,,,,1.347,4.215,,,,,,,,0.151,,,2025-11-17,quarterly,0.03,USD,post-market,13000750,,-0.0002,0.0486,0.011,0.524,3049000,,,,2.49,2.236,0.0,,,,,,,26447250,,27.62,,4.462,1.513
2025-12-28,TUYA,0.08,319363000.0,27.62,,0.441,1.633,,,,,,,,,,,,,,,None,19500750,19500750,,,,,,None,849500,,0.115,0.0519,,,,2.579,0.0,-17588250,-16738750,0.03,2018-12-31,,154037000.0,6946500,-17588250,31000,,,None,None,None,,None,,,,,-17619250,None,None,None,0.046,,25304000,-18357500,,,,,None,,,,,1.347,4.215,,,,,,,,0.151,,,2025-11-17,quarterly,0.03,USD,post-market,13000750,,-0.0002,0.0486,0.011,0.524,3049000,,,,2.49,2.236,0.0,,,,,,,26447250,,27.62,,4.462,1.513
2025-12-28,TUYA,0.08,319363000.0,27.62,,0.441,1.633,,,,,,,,,,,,,,,None,157187000,157187000,,,,,,None,5065000,,0.115,0.0519,,,,2.579,0.0,-47620000,-42555000,0.03,2024-12-31,,154037000.0,141430000,7142000,2145000,,,None,None,50424000,,None,,,,,4997000,4997000,50424000,None,0.046,,189050000,-47620000,,,,,None,,,,,1.347,4.215,,,,,,,,0.151,,,2025-11-17,annual,0.03,USD,post-market,95049000,,-0.0002,0.0486,0.011,0.524,68254000,,,,2.49,2.236,0.0,,,,,,,298617000,,27.62,,4.462,1.513
2025-12-28,TUYA,0.08,319363000.0,27.62,,0.441,1.633,,,,,,,,,,,,,,,None,123335000,123335000,,,,,,None,6549000,,0.115,0.0519,,,,2.579,0.0,-105824000,-99275000,0.03,2023-12-31,,154037000.0,106655000,-57066000,3249000,,,None,None,44260000,,None,,,,,-60315000,-60315000,45052000,None,0.046,,212479000,-105824000,,,,,None,,,,,1.347,4.215,,,,,,,,0.151,,,2025-11-17,annual,0.03,USD,post-market,102277000,,-0.0002,0.0486,0.011,0.524,80663000,,,,2.49,2.236,0.0,,,,,,,229990000,,27.62,,4.462,1.513
2025-12-28,TUYA,0.08,319363000.0,27.62,,0.441,1.633,,,,,,,,,,,,,,,None,118749000,118749000,,,,,,None,8209000,,0.115,0.0519,,,,2.579,0.0,-168186000,-159977000,0.03,2022-12-31,,154037000.0,89423000,-144295000,1880000,,,None,23891000,18546000,,None,,,,,-146175000,-146175000,18546000,None,0.046,,257609000,-168186000,,,,,None,,,,,1.347,4.215,,,,,,,,0.151,,,2025-11-17,annual,0.03,USD,post-market,144942000,,-0.0002,0.0486,0.011,0.524,67513000,,,,2.49,2.236,0.0,,,,,,,208172000,,27.62,,4.462,1.513
2025-12-28,TUYA,0.08,319363000.0,27.62,,0.441,1.633,,,,,,,,,,,,,,,None,174209000,174209000,,,,,,None,10350000,,0.115,0.0519,,,,2.579,0.0,-183560000,-173210000,0.03,2021-12-31,,154037000.0,127867000,-174934000,490000,,,None,1218000,7286000,,None,,,,,-175424000,-175424000,7286000,None,0.046,,311427000,-183560000,,,,,None,,,,,1.347,4.215,,,,,,,,0.151,,,2025-11-17,annual,0.03,USD,post-market,174289000,,-0.0002,0.0486,0.011,0.524,71589000,,,,2.49,2.236,0.0,,,,,,,302076000,,27.62,,4.462,1.513
2025-12-28,TUYA,0.08,319363000.0,27.62,,0.441,1.633,,,,,,,,,,,,,,,None,117937000,117937000,,,,,,None,5684000,,0.115,0.0519,,,,2.579,0.0,-69846000,-64162000,0.03,2020-12-31,,154037000.0,61937000,-66706000,206000,,,None,3207000,3073000,,None,,,,,-66912000,-66912000,3073000,None,0.046,,131783000,-69846000,,,,,None,,,,,1.347,4.215,,,,,,,,0.151,,,2025-11-17,annual,0.03,USD,post-market,77430000,,-0.0002,0.0486,0.011,0.524,17868000,,,,2.49,2.236,0.0,,,,,,,179874000,,27.62,,4.462,1.513
2025-12-28,TUYA,0.08,319363000.0,27.62,,0.441,1.633,,,,,,,,,,,,,,,None,78003000,78003000,,,,,,None,3398000,,0.115,0.0519,,,,2.579,0.0,-73440000,-70042000,0.03,2019-12-31,,154037000.0,27786000,-70353000,124000,,,None,2848000,3326000,,None,,,,,-70477000,-70477000,3326000,None,0.046,,101226000,-73440000,,,,,None,,,,,1.347,4.215,,,,,,,,0.151,,,2025-11-17,annual,0.03,USD,post-market,52003000,,-0.0002,0.0486,0.011,0.524,12196000,,,,2.49,2.236,0.0,,,,,,,105789000,,27.62,,4.462,1.513
2025-12-28,TUYA,0.08,319363000.0,27.62,None,0.441,1.633,,3451000,845274000,845274000,,,,,,,,,31000,614106059,None,78003000,78003000,23285000,None,None,21951000,None,None,3398000,,0.115,0.0519,,,,2.579,0.0,-73440000,-70042000,0.03,2025-09-30,None,154037000.0,27786000,-70353000,124000,8792000,8792000,None,2848000,3326000,23138000,None,None,None,None,81397000,-70477000,-70477000,3326000,None,0.046,,101226000,-73440000,17839000,64227000,None,None,None,,,,,1.347,4.215,,,,,,,,0.151,,None,2025-11-17,quarterly,0.03,USD,post-market,52003000,-531275000,-0.0002,0.0486,0.011,0.524,12196000,3451000,1820000,112395000,2.49,2.236,0.0,1126850000,1020597000,125580000,127612000,106253000,2032000,105789000,999238000,27.62,None,4.462,1.513
2025-12-28,TUYA,0.08,319363000.0,27.62,None,0.441,1.633,,4214000,724083000,724083000,,,,,,,,,31000,610478000,None,78003000,78003000,23047000,None,None,23543000,None,None,3398000,,0.115,0.0519,,,,2.579,0.0,-73440000,-70042000,0.03,2025-06-30,None,154037000.0,27786000,-70353000,124000,8772000,8772000,None,2848000,3326000,20666000,None,None,None,None,183760000,-70477000,-70477000,3326000,None,0.046,,101226000,-73440000,18000000,30441000,None,None,None,,,,,1.347,4.215,,,,,,,,0.151,,None,2025-11-17,quarterly,0.03,USD,post-market,52003000,-546256000,-0.0002,0.0486,0.011,0.524,12196000,4214000,2522000,110326000,2.49,2.236,0.0,1104137000,896618000,91614000,93736000,207519000,2122000,105789000,1010401000,27.62,None,4.462,1.513
2025-12-28,TUYA,0.08,319363000.0,27.62,None,0.441,1.633,,5238000,763788000,763788000,,,,,,,,,31000,608491000,None,78003000,78003000,19457000,None,None,19357000,None,None,3398000,,0.115,0.0519,,,,2.579,0.0,-73440000,-70042000,0.03,2025-03-31,None,154037000.0,27786000,-70353000,124000,8793000,8793000,None,2848000,3326000,21583000,None,None,None,None,181875000,-70477000,-70477000,3326000,None,0.046,,101226000,-73440000,18903000,67806000,None,None,None,,,,,1.347,4.215,,,,,,,,0.151,,None,2025-11-17,quarterly,0.03,USD,post-market,52003000,-558834000,-0.0002,0.0486,0.011,0.524,12196000,5238000,3403000,89985000,2.49,2.236,0.0,1118403000,913616000,126091000,128386000,204787000,2295000,105789000,990017000,27.62,None,4.462,1.513
2025-12-28,TUYA,0.08,319363000.0,27.62,None,0.441,1.633,,4649000,653334000,653334000,,,,,,,,,29000,589689036,None,78003000,78003000,19051000,None,None,15077000,None,None,3398000,,0.115,0.0519,,,,2.579,0.0,-73440000,-70042000,0.03,2024-12-31,None,154037000.0,27786000,-70353000,124000,8825000,8825000,None,2848000,3326000,23840000,None,None,None,None,180092000,-70477000,-70477000,3326000,None,0.046,,101226000,-73440000,16229000,71488000,None,None,None,,,,,1.347,4.215,,,,,,,,0.151,,None,2025-11-17,quarterly,0.03,USD,post-market,52003000,-569851000,-0.0002,0.0486,0.011,0.524,12196000,4649000,3798000,194536000,2.49,2.236,0.0,1103780000,903016000,94337000,96332000,200764000,1995000,105789000,1007448000,27.62,None,4.462,1.513
2025-12-28,TUYA,0.08,319363000.0,27.62,None,0.441,1.633,,4969000,610901000,610901000,,,,,,,,,29000,569821000,None,78003000,78003000,18040000,None,None,17664000,None,None,3398000,,0.115,0.0519,,,,2.579,0.0,-73440000,-70042000,0.03,2024-09-30,None,154037000.0,27786000,-70353000,124000,None,None,None,2848000,3326000,28303000,None,None,None,None,222830000,-70477000,-70477000,3326000,None,0.046,,101226000,-73440000,17419000,63606000,None,1534000,None,,,,,1.347,4.215,,,,,,,,0.151,,None,2025-11-17,quarterly,0.03,USD,post-market,52003000,-579636000,-0.0002,0.0486,0.011,0.524,12196000,4969000,3718000,201114000,2.49,2.236,0.0,1115703000,875401000,122573000,125954000,240302000,3381000,105789000,989749000,27.62,None,4.462,1.513
2025-12-28,TUYA,0.08,319363000.0,27.62,None,0.441,1.633,,5992000,614767000,614767000,,,,,,,,,29000,592736000,None,78003000,78003000,11638000,None,None,14034000,None,None,3398000,,0.115,0.0519,,,,2.579,0.0,-73440000,-70042000,0.03,2024-06-30,None,154037000.0,27786000,-70353000,124000,876000,876000,None,2848000,3326000,28088000,None,None,None,None,220401000,-70477000,-70477000,3326000,None,0.046,,101226000,-73440000,19179000,26367888,None,2300000,None,,,,,1.347,4.215,,,,,,,,0.151,,None,2025-11-17,quarterly,0.03,USD,post-market,52003000,-575263000,-0.0002,0.0486,0.011,0.524,12196000,10249112,8129112,175218000,2.49,2.236,0.0,1089650000,851286000,84938000,89783000,238364000,4845000,105789000,999867000,27.62,None,4.462,1.513
2025-12-28,TUYA,0.08,319363000.0,27.62,None,0.441,1.633,,7058000,529501000,529501000,,,,,,,,,29000,559133184,None,78003000,78003000,16112000,None,None,13986000,None,None,3398000,,0.115,0.0519,,,,2.579,0.0,-73440000,-70042000,0.03,2024-03-31,None,154037000.0,27786000,-70353000,124000,None,None,None,2848000,3326000,32831000,None,None,None,None,217320000,-70477000,-70477000,3326000,None,0.046,,101226000,-73440000,11470000,29467000,None,3113000,None,,,,,1.347,4.215,,,,,,,,0.151,,None,2025-11-17,quarterly,0.03,USD,post-market,52003000,-578391000,-0.0002,0.0486,0.011,0.524,12196000,7058000,3896000,261740000,2.49,2.236,0.0,1077221000,849528000,88116000,94828000,227693000,6712000,105789000,982393000,27.62,None,4.462,1.513
2025-12-28,TUYA,0.08,319363000.0,27.62,None,0.441,1.633,,7787000,498688000,498688000,,,,,,,,,29000,557103923,None,78003000,78003000,11577000,None,None,14169000,None,None,3398000,,0.115,0.0519,,,,2.579,0.0,-73440000,-70042000,0.03,2023-12-31,None,154037000.0,27786000,-70353000,124000,None,None,None,2848000,3326000,32865000,None,None,None,None,207489000,-70477000,-70477000,3326000,None,0.046,,101226000,-73440000,11053000,32807000,None,3891000,None,,,,,1.347,4.215,,,,,,,,0.151,,None,2025-11-17,quarterly,0.03,USD,post-market,52003000,-574848000,-0.0002,0.0486,0.011,0.524,12196000,7787000,3883000,291023000,2.49,2.236,0.0,1066400000,847798000,87534000,95835000,218602000,8301000,105789000,970565000,27.62,None,4.462,1.513
2025-12-28,TUYA,0.08,319363000.0,27.62,None,0.441,1.633,,6566000,166274000,166274000,,,,,,,,,29000,555782518,None,78003000,78003000,10494000,None,None,16685000,None,None,3398000,,0.115,0.0519,,,,2.579,0.0,-73440000,-70042000,0.03,2023-09-30,None,154037000.0,27786000,-70353000,124000,None,None,None,2848000,3326000,32843000,None,None,None,None,199731000,-70477000,-70477000,3326000,None,0.046,,101226000,-73440000,10914000,30538000,None,4669000,None,,,,,1.347,4.215,,,,,,,,0.151,,9156000,2025-11-17,quarterly,0.03,USD,post-market,52003000,-564032000,-0.0002,0.0486,0.011,0.524,12196000,6566000,3062000,612541000,2.49,2.236,0.0,1049039000,839257000,78933000,87576000,209782000,8643000,105789000,961463000,27.62,None,4.462,1.513
2025-12-28,TUYA,0.08,319363000.0,27.62,None,0.441,1.633,,7151000,86266000,86266000,,,,,,,,,29000,554945739,None,78003000,78003000,9221000,None,None,16419000,None,None,3398000,,0.115,0.0519,,,,2.579,0.0,-73440000,-70042000,0.03,2023-06-30,None,154037000.0,27786000,-70353000,124000,None,None,None,2848000,3326000,37023000,None,None,None,None,16947000,-70477000,-70477000,3326000,None,0.046,,101226000,-73440000,16353000,32957000,None,5447000,None,,,,,1.347,4.215,,,,,,,,0.151,,9684000,2025-11-17,quarterly,0.03,USD,post-market,52003000,-559127000,-0.0002,0.0486,0.011,0.524,12196000,7151000,3244000,856028000,2.49,2.236,0.0,1039338000,1012089000,77355000,87116000,27249000,9761000,105789000,952222000,27.62,None,4.462,1.513
2025-12-28,TUYA,0.08,319363000.0,27.62,None,0.441,1.633,,8614000,74815000,74815000,,,,,,,,,29000,553994418,None,78003000,78003000,7154000,None,None,16208000,None,None,3398000,,0.115,0.0519,,,,2.579,0.0,-73440000,-70042000,0.03,2023-03-31,None,154037000.0,27786000,-70353000,124000,None,None,None,2848000,3326000,42126000,None,None,None,None,18031000,-70477000,-70477000,3326000,None,0.046,,101226000,-73440000,14396000,27179000,None,6226000,None,,,,,1.347,4.215,,,,,,,,0.151,,None,2025-11-17,quarterly,0.03,USD,post-market,52003000,-535578000,-0.0002,0.0486,0.011,0.524,12196000,8614000,3876000,862724000,2.49,2.236,0.0,1041613000,1010269000,71608000,82939000,31344000,11331000,105789000,958674000,27.62,None,4.462,1.513
2025-12-28,TUYA,0.08,319363000.0,27.62,None,0.441,1.633,,9142000,74815000,74815000,,,,,,,,,29000,553994418,None,78003000,78003000,7154000,None,None,16208000,None,None,3398000,,0.115,0.0519,,,,2.579,0.0,-73440000,-70042000,0.03,2022-12-31,None,154037000.0,27786000,-70353000,124000,None,None,None,2848000,3326000,42126000,None,None,None,None,18031000,-70477000,-70477000,3326000,None,0.046,,101226000,-73440000,14396000,27179000,None,7004000,None,,,,,1.347,4.215,,,,,,,,0.151,,13563000,2025-11-17,quarterly,0.03,USD,post-market,52003000,-535578000,-0.0002,0.0486,0.011,0.524,12196000,8614000,3876000,862724000,2.49,2.236,0.0,1041613000,1010269000,71608000,82939000,31344000,11331000,105789000,958674000,27.62,None,4.462,1.513
2025-12-28,TUYA,0.08,319363000.0,27.62,None,0.441,1.633,,10376000,299898000,299898000,,,,,,,,,29000,553043213,None,78003000,78003000,6171000,None,None,20941000,None,None,3398000,,0.115,0.0519,,,,2.579,0.0,-73440000,-70042000,0.03,2022-09-30,None,154037000.0,27786000,-70353000,124000,None,None,None,2848000,3326000,46179000,None,None,None,None,26562000,-70477000,-70477000,3326000,None,0.046,,101226000,-73440000,13650000,33441000,None,7782000,None,,,,,1.347,4.215,,,,,,,,0.151,,15228000,2025-11-17,quarterly,0.03,USD,post-market,52003000,-491343000,-0.0002,0.0486,0.011,0.524,12196000,10376000,4163000,646031000,2.49,2.236,0.0,1069805000,1026699000,78047000,92290000,43106000,14243000,105789000,977515000,27.62,None,4.462,1.513
2025-12-28,TUYA,0.08,319363000.0,27.62,None,0.441,1.633,,13331000,599213000,599213000,,,,,,,,,29000,556808050,None,78003000,78003000,14945000,None,None,27549000,None,None,3398000,,0.115,0.0519,,,,2.579,0.0,-73440000,-70042000,0.03,2022-06-30,None,154037000.0,27786000,-70353000,124000,None,None,None,2848000,3326000,57152000,None,None,None,None,26562000,-70477000,-70477000,3326000,None,0.046,,101226000,-73440000,18115000,32858000,None,8560000,None,,,,,1.347,4.215,,,,,,,,0.151,,19257000,2025-11-17,quarterly,0.03,USD,post-market,52003000,-458720000,-0.0002,0.0486,0.011,0.524,12196000,13331000,4918000,352300000,2.49,2.236,0.0,1101622000,1054329000,90524000,108084000,47293000,17560000,105789000,993538000,27.62,None,4.462,1.513
2025-12-28,TUYA,0.08,319363000.0,27.62,None,0.441,1.633,,19396000,743709000,743709000,,,,,,,,,29000,556808050,None,78003000,78003000,10327000,None,None,32533000,None,None,3398000,,0.115,0.0519,,,,2.579,0.0,-73440000,-70042000,0.03,2022-03-31,None,154037000.0,27786000,-70353000,124000,None,None,None,2848000,3326000,65153000,None,None,None,None,27714000,-70477000,-70477000,3326000,None,0.046,,101226000,-73440000,25012000,31707000,None,7832000,None,,,,,1.347,4.215,,,,,,,,0.151,,25856000,2025-11-17,quarterly,0.03,USD,post-market,52003000,-422851000,-0.0002,0.0486,0.011,0.524,12196000,19396000,5607000,240451000,2.49,2.236,0.0,1162217000,1106858000,87851000,110150000,55359000,22299000,105789000,1052067000,27.62,None,4.462,1.513
2025-12-28,TUYA,0.08,319363000.0,27.62,None,0.441,1.633,,21745000,963938000,963938000,,,,,,,,,29000,562082216,None,78003000,78003000,12212000,None,None,34094000,None,None,3398000,,0.115,0.0519,,,,2.579,0.0,-73440000,-70042000,0.03,2021-12-31,None,154037000.0,27786000,-70353000,124000,None,None,None,2848000,3326000,62582000,None,None,None,None,26078000,-70477000,-70477000,3326000,None,0.046,,101226000,-73440000,28520000,49051000,None,8484000,None,,,,,1.347,4.215,,,,,,,,0.151,,28986000,2025-11-17,quarterly,0.03,USD,post-market,52003000,-367898000,-0.0002,0.0486,0.011,0.524,12196000,21745000,5697000,102134000,2.49,2.236,0.0,1248150000,1191268000,109098000,134489000,56882000,25391000,105789000,1113661000,27.62,None,4.462,1.513
2025-12-28,TUYA,0.08,319363000.0,27.62,None,0.441,1.633,,16125000,1035551000,1035551000,,,,,,,,,28000,561390691,None,78003000,78003000,19856000,None,None,37277000,None,None,3398000,,0.115,0.0519,,,,2.579,0.0,-73440000,-70042000,0.03,2021-09-30,None,154037000.0,27786000,-70353000,124000,None,None,None,2848000,3326000,51145000,None,None,None,None,4720000,-70477000,-70477000,3326000,None,0.046,,101226000,-73440000,10619000,57352000,None,9137000,None,,,,,1.347,4.215,,,,,,,,0.151,,24178000,2025-11-17,quarterly,0.03,USD,post-market,52003000,-319054000,-0.0002,0.0486,0.011,0.524,12196000,16125000,5096000,144000000,2.49,2.236,0.0,1309264000,1278592000,119923000,141034000,30672000,21111000,105789000,1168230000,27.62,None,4.462,1.513
2025-12-28,TUYA,0.08,319363000.0,27.62,None,0.441,1.633,,18469000,1085037000,1085037000,,,,,,,,,28000,560936196,None,78003000,78003000,31054000,None,None,26790000,None,None,3398000,,0.115,0.0519,,,,2.579,0.0,-73440000,-70042000,0.03,2021-06-30,None,154037000.0,27786000,-70353000,124000,None,None,None,2848000,3326000,51313000,None,None,None,None,869000,-70477000,-70477000,3326000,None,0.046,,101226000,-73440000,6966000,40238000,None,9789000,None,,,,,1.347,4.215,,,,,,,,0.151,,25930000,2025-11-17,quarterly,0.03,USD,post-market,52003000,-271137000,-0.0002,0.0486,0.011,0.524,12196000,18469000,6629000,171112000,2.49,2.236,0.0,1369580000,1341218000,119613000,142230000,28362000,22617000,105789000,1227350000,27.62,None,4.462,1.513
2025-12-28,TUYA,0.08,319363000.0,27.62,None,0.441,1.633,,11437000,1142927000,1142927000,,,,,,,,,28000,536330624,None,78003000,78003000,23620000,None,None,23547000,None,None,3398000,,0.115,0.0519,,,,2.579,0.0,-73440000,-70042000,0.03,2021-03-31,None,154037000.0,27786000,-70353000,124000,None,None,None,2848000,3326000,45026000,None,None,None,None,913000,-70477000,-70477000,3326000,None,0.046,,101226000,-73440000,5477000,28584000,None,None,None,,,,,1.347,4.215,,,,,,,,0.151,,16533000,2025-11-17,quarterly,0.03,USD,post-market,52003000,-233007000,-0.0002,0.0486,0.011,0.524,12196000,11437000,6405000,80358000,2.49,2.236,0.0,1316554000,1297335000,90979000,96912000,19219000,5933000,105789000,1219642000,27.62,None,4.462,1.513
2025-12-28,TUYA,0.08,319363000.0,27.62,None,0.441,1.633,,12014000,158792000,158792000,,,,,,,,,25000,443960000,None,78003000,78003000,23159000,None,None,21790000,None,None,3398000,,0.115,0.0519,,,,2.579,0.0,-73440000,-70042000,0.03,2020-12-31,None,154037000.0,27786000,-70353000,124000,None,None,None,2848000,3326000,42267000,None,None,None,None,920000,-70477000,-70477000,3326000,None,0.046,,101226000,-73440000,27000,31897000,None,None,None,,,,,1.347,4.215,,,,,,,,0.151,,16641000,2025-11-17,quarterly,0.03,USD,post-market,52003000,-192474000,-0.0002,0.0486,0.011,0.524,12196000,12014000,6326000,20976000,2.49,2.236,0.0,267323000,248033000,91928000,98323000,19290000,6395000,105789000,169000000,27.62,None,4.462,1.513
2025-12-28,TUYA,0.08,319363000.0,27.62,None,0.441,1.633,,None,140736000,140736000,,,,,,,,,11000,550135440,None,78003000,78003000,31148000,None,None,18711000,None,None,3398000,,0.115,0.0519,,,,2.579,0.0,-73440000,-70042000,0.03,2020-09-30,None,154037000.0,27786000,-70353000,124000,None,None,None,2848000,3326000,38186000,None,None,None,None,None,-70477000,-70477000,3326000,None,0.046,,101226000,-73440000,5993000,42226000,None,None,None,,,,,1.347,4.215,,,,,,,,0.151,,None,2025-11-17,quarterly,0.03,USD,post-market,52003000,-174093000,-0.0002,0.0486,0.011,0.524,12196000,7444000,4584000,48106000,2.49,2.236,0.0,263949000,251732000,77958000,81324000,12217000,3366000,105789000,182625000,27.62,None,4.462,1.513
2025-12-28,TUYA,0.08,319363000.0,27.62,None,0.441,1.633,,None,None,None,,,,,,,,,None,550135440,None,78003000,78003000,None,None,None,None,None,None,3398000,,0.115,0.0519,,,,2.579,0.0,-73440000,-70042000,0.03,2020-06-30,None,154037000.0,27786000,-70353000,124000,None,None,None,2848000,3326000,None,None,None,None,None,None,-70477000,-70477000,3326000,None,0.046,,101226000,-73440000,None,None,None,None,None,,,,,1.347,4.215,,,,,,,,0.151,,None,2025-11-17,quarterly,0.03,USD,post-market,52003000,None,-0.0002,0.0486,0.011,0.524,12196000,None,None,None,2.49,2.236,0.0,None,None,None,None,None,None,105789000,None,27.62,None,4.462,1.513
2025-12-28,TUYA,0.08,319363000.0,27.62,None,0.441,1.633,,None,-230067000,-230067000,,,,,,,,,None,550135440,None,78003000,78003000,None,None,None,None,None,None,3398000,,0.115,0.0519,,,,2.579,0.0,-73440000,-70042000,0.03,2020-03-31,None,154037000.0,27786000,-70353000,124000,None,None,None,2848000,3326000,None,None,None,None,None,None,-70477000,-70477000,3326000,None,0.046,,101226000,-73440000,None,None,None,None,None,,,,,1.347,4.215,,,,,,,,0.151,,None,2025-11-17,quarterly,0.03,USD,post-market,52003000,None,-0.0002,0.0486,0.011,0.524,12196000,None,None,460134000,2.49,2.236,0.0,None,230067000,None,None,-230067000,None,105789000,223574000,27.62,None,4.462,1.513
2025-12-28,TUYA,0.08,319363000.0,27.62,None,0.441,1.633,,None,213258000,213258000,,,,,,,,,11000,555691000,None,78003000,78003000,12176000,None,None,7074000,None,None,3398000,,0.115,0.0519,,,,2.579,0.0,-73440000,-70042000,0.03,2019-12-31,None,154037000.0,27786000,-70353000,124000,None,None,None,2848000,3326000,23019000,None,None,None,None,None,-70477000,-70477000,3326000,None,0.046,,101226000,-73440000,159000,34420000,None,None,None,,,,,1.347,4.215,,,,,,,,0.151,,11498000,2025-11-17,quarterly,0.03,USD,post-market,52003000,-125562000,-0.0002,0.0486,0.011,0.524,12196000,5210000,3763000,16809000,2.49,2.236,0.0,279404000,266707000,50359000,55830000,12697000,5471000,105789000,223574000,27.62,None,4.462,1.513
2025-12-28,TUYA,0.08,319363000.0,27.62,None,0.441,1.633,,None,53314500,53314500,,,,,,,,,None,500143799,None,78003000,78003000,None,None,None,1768500,None,None,3398000,,0.115,0.0519,,,,2.579,0.0,-73440000,-70042000,0.03,2019-09-30,None,154037000.0,27786000,-70353000,124000,None,None,None,2848000,3326000,5754750,None,None,None,None,None,-70477000,-70477000,3326000,None,0.046,,101226000,-73440000,None,None,None,None,None,,,,,1.347,4.215,,,,,,,,0.151,,None,2025-11-17,quarterly,0.03,USD,post-market,52003000,-31390500,-0.0002,0.0486,0.011,0.524,12196000,2243250,None,4165750,2.49,2.236,0.0,69851000,66676750,12589750,96704250,3174250,84114500,105789000,-26853250,27.62,None,4.462,1.513
2025-12-28,TUYA,0.08,319363000.0,27.62,None,0.441,1.633,,None,53314500,53314500,,,,,,,,,None,500143799,None,78003000,78003000,None,None,None,1768500,None,None,3398000,,0.115,0.0519,,,,2.579,0.0,-73440000,-70042000,0.03,2019-06-30,None,154037000.0,27786000,-70353000,124000,None,None,None,2848000,3326000,5754750,None,None,None,None,None,-70477000,-70477000,3326000,None,0.046,,101226000,-73440000,None,None,None,None,None,,,,,1.347,4.215,,,,,,,,0.151,,None,2025-11-17,quarterly,0.03,USD,post-market,52003000,-31390500,-0.0002,0.0486,0.011,0.524,12196000,2243250,None,4165750,2.49,2.236,0.0,69851000,66676750,12589750,96704250,3174250,84114500,105789000,-26853250,27.62,None,4.462,1.513
2025-12-28,TUYA,0.08,319363000.0,27.62,None,0.441,1.633,,None,53314500,53314500,,,,,,,,,None,500143799,None,78003000,78003000,None,None,None,1768500,None,None,3398000,,0.115,0.0519,,,,2.579,0.0,-73440000,-70042000,0.03,2019-03-31,None,154037000.0,27786000,-70353000,124000,None,None,None,2848000,3326000,5754750,None,None,None,None,None,-70477000,-70477000,3326000,None,0.046,,101226000,-73440000,None,None,None,None,None,,,,,1.347,4.215,,,,,,,,0.151,,None,2025-11-17,quarterly,0.03,USD,post-market,52003000,-31390500,-0.0002,0.0486,0.011,0.524,12196000,2243250,None,4165750,2.49,2.236,0.0,69851000,66676750,12589750,96704250,3174250,84114500,105789000,-26853250,27.62,None,4.462,1.513
2025-12-28,TUYA,0.08,319363000.0,27.62,None,0.441,1.633,,None,53314500,53314500,,,,,,,,,None,500143799,None,78003000,78003000,None,None,None,1768500,None,None,3398000,,0.115,0.0519,,,,2.579,0.0,-73440000,-70042000,0.03,2018-12-31,None,154037000.0,27786000,-70353000,124000,None,None,None,2848000,3326000,5754750,None,None,None,None,None,-70477000,-70477000,3326000,None,0.046,,101226000,-73440000,None,None,None,None,None,,,,,1.347,4.215,,,,,,,,0.151,,None,2025-11-17,quarterly,0.03,USD,post-market,52003000,-31390500,-0.0002,0.0486,0.011,0.524,12196000,2243250,None,4165750,2.49,2.236,0.0,69851000,66676750,12589750,96704250,3174250,84114500,105789000,None,27.62,None,4.462,1.513
2025-12-28,TUYA,0.08,319363000.0,27.62,None,0.441,1.633,,4649000,653334000,653334000,,,,,,,,,29000,591007000,None,78003000,78003000,19051000,None,None,22709000,None,None,3398000,,0.115,0.0519,,,,2.579,0.0,-73440000,-70042000,0.03,2024-12-31,None,154037000.0,27786000,-70353000,124000,8825000,8825000,None,2848000,3326000,23840000,None,None,None,None,180092000,-70477000,-70477000,3326000,None,0.046,,101226000,-73440000,8597000,69907000,None,None,None,,,,,1.347,4.215,,,,,,,,0.151,,None,2025-11-17,annual,0.03,USD,post-market,52003000,-569851000,-0.0002,0.0486,0.011,0.524,12196000,4649000,3798000,194536000,2.49,2.236,0.0,1103780000,903016000,94337000,96332000,200764000,1995000,105789000,1007448000,27.62,None,4.462,1.513
2025-12-28,TUYA,0.08,319363000.0,27.62,None,0.441,1.633,,7787000,498688000,498688000,,,,,,,,,29000,555466061,None,78003000,78003000,11577000,None,None,14169000,None,None,3398000,,0.115,0.0519,,,,2.579,0.0,-73440000,-70042000,0.03,2023-12-31,None,154037000.0,27786000,-70353000,124000,None,None,None,2848000,3326000,32865000,None,None,None,None,207489000,-70477000,-70477000,3326000,None,0.046,,101226000,-73440000,11053000,32807000,None,3891000,None,,,,,1.347,4.215,,,,,,,,0.151,,None,2025-11-17,annual,0.03,USD,post-market,52003000,-574848000,-0.0002,0.0486,0.011,0.524,12196000,7787000,3883000,291023000,2.49,2.236,0.0,1066400000,847798000,87534000,95835000,218602000,8301000,105789000,970565000,27.62,None,4.462,1.513
2025-12-28,TUYA,0.08,319363000.0,27.62,None,0.441,1.633,,9142000,133161000,133161000,,,,,,,,,29000,553527529,None,78003000,78003000,9595000,None,None,14939000,None,None,3398000,,0.115,0.0519,,,,2.579,0.0,-73440000,-70042000,0.03,2022-12-31,None,154037000.0,27786000,-70353000,124000,None,None,None,2848000,3326000,45380000,None,None,None,None,18031000,-70477000,-70477000,3326000,None,0.046,,101226000,-73440000,8752000,32596000,None,7004000,None,,,,,1.347,4.215,,,,,,,,0.151,,13563000,2025-11-17,annual,0.03,USD,post-market,52003000,-514073000,-0.0002,0.0486,0.011,0.524,12196000,9142000,3850000,821134000,2.49,2.236,0.0,1056139000,1023366000,81282000,93972000,32773000,12690000,105789000,962167000,27.62,None,4.462,1.513
2025-12-28,TUYA,0.08,319363000.0,27.62,None,0.441,1.633,,21745000,963938000,963938000,,,,,,,,,29000,489149533,None,78003000,78003000,12212000,None,None,35013000,None,None,3398000,,0.115,0.0519,,,,2.579,0.0,-73440000,-70042000,0.03,2021-12-31,None,154037000.0,27786000,-70353000,124000,None,None,None,2848000,3326000,62582000,None,None,None,None,26078000,-70477000,-70477000,3326000,None,0.046,,101226000,-73440000,28520000,49051000,None,8484000,None,,,,,1.347,4.215,,,,,,,,0.151,,28986000,2025-11-17,annual,0.03,USD,post-market,52003000,-367898000,-0.0002,0.0486,0.011,0.524,12196000,21745000,5697000,102134000,2.49,2.236,0.0,1248150000,1191268000,109098000,134489000,56882000,25391000,105789000,1113661000,27.62,None,4.462,1.513
2025-12-28,TUYA,0.08,319363000.0,27.62,None,0.441,1.633,,12014000,158792000,158792000,,,,,,,,,11000,561246560,None,78003000,78003000,23159000,None,None,21790000,None,None,3398000,,0.115,0.0519,,,,2.579,0.0,-73440000,-70042000,0.03,2020-12-31,None,154037000.0,27786000,-70353000,124000,None,None,None,2848000,3326000,42267000,None,None,None,None,920000,-70477000,-70477000,3326000,None,0.046,,101226000,-73440000,4208000,28549000,None,None,None,,,,,1.347,4.215,,,,,,,,0.151,,16641000,2025-11-17,annual,0.03,USD,post-market,52003000,-192474000,-0.0002,0.0486,0.011,0.524,12196000,12014000,6326000,20976000,2.49,2.236,0.0,267323000,248033000,91928000,431990000,19290000,340062000,105789000,-164667000,27.62,None,4.462,1.513
2025-12-28,TUYA,0.08,319363000.0,27.62,None,0.441,1.633,,8973000,213258000,213258000,,,,,,,,,11000,561246560,None,78003000,78003000,12176000,None,None,7074000,None,None,3398000,,0.115,0.0519,,,,2.579,0.0,-73440000,-70042000,0.03,2019-12-31,None,154037000.0,27786000,-70353000,124000,None,None,None,2848000,3326000,23019000,None,None,None,None,430000,-70477000,-70477000,3326000,None,0.046,,101226000,-73440000,6693000,18682000,None,None,None,,,,,1.347,4.215,,,,,,,,0.151,,11498000,2025-11-17,annual,0.03,USD,post-market,52003000,-125562000,-0.0002,0.0486,0.011,0.524,12196000,8973000,3763000,16663000,2.49,2.236,0.0,279404000,266707000,50359000,389497000,12697000,339138000,105789000,-110093000,27.62,None,4.462,1.513
2025-12-28,TUYA,0.08,319363000.0,27.62,None,0.441,1.633,0,8973000,213258000,213258000,None,None,None,None,None,None,None,None,11000,561246560,None,78003000,78003000,12176000,None,None,7074000,None,None,3398000,None,0.115,0.0519,None,None,None,2.579,0.0,-73440000,-70042000,0.03,2025-09-30,None,154037000.0,27786000,-70353000,124000,None,None,None,2848000,3326000,23019000,None,None,None,None,430000,14972000,-70477000,3326000,None,0.046,29971000,101226000,-73440000,6693000,18682000,None,None,None,None,None,None,None,1.347,4.215,None,None,None,None,None,None,None,0.151,None,11498000,2025-11-17,quarterly,0.03,USD,post-market,52003000,-125562000,-0.0002,0.0486,0.011,0.524,12196000,8973000,3763000,16663000,2.49,2.236,0.0,279404000,266707000,50359000,389497000,12697000,339138000,105789000,-110093000,27.62,None,4.462,1.513
2025-12-28,TUYA,0.08,319363000.0,27.62,None,0.441,1.633,18258704,8973000,213258000,213258000,-37004735,-21018427,None,None,None,None,None,None,11000,561246560,None,78003000,78003000,12176000,None,None,7074000,None,None,3398000,None,0.115,0.0519,None,None,None,2.579,0.0,-73440000,-70042000,0.03,2025-06-30,None,154037000.0,27786000,-70353000,124000,None,None,None,2848000,3326000,23019000,None,None,None,None,430000,12631249,-70477000,3326000,None,0.046,18258704,101226000,-73440000,6693000,18682000,None,None,None,None,None,None,None,1.347,4.215,None,None,None,None,None,None,None,0.151,None,11498000,2025-11-17,quarterly,0.03,USD,post-market,52003000,-125562000,-0.0002,0.0486,0.011,0.524,12196000,8973000,3763000,16663000,2.49,2.236,0.0,279404000,266707000,50359000,389497000,12697000,339138000,105789000,-110093000,27.62,None,4.462,1.513
2025-12-28,TUYA,0.08,319363000.0,27.62,None,0.441,1.633,9352000,8973000,213258000,213258000,1999,101183000,None,None,7028000,None,None,None,11000,561246560,None,78003000,78003000,12176000,None,None,7074000,None,None,3398000,5065000,0.115,0.0519,33022000,33022000,None,2.579,0.0,-73440000,-70042000,0.03,2025-03-31,None,154037000.0,27786000,-70353000,124000,None,None,None,2848000,3326000,23019000,None,None,None,None,430000,11032686,-70477000,3326000,None,0.046,9352000,101226000,-73440000,6693000,18682000,None,None,None,None,None,None,None,1.347,4.215,None,None,None,None,None,-70000,None,0.151,None,11498000,2025-11-17,quarterly,0.03,USD,post-market,52003000,-125562000,-0.0002,0.0486,0.011,0.524,12196000,8973000,3763000,16663000,2.49,2.236,0.0,279404000,266707000,50359000,389497000,12697000,339138000,105789000,-110093000,27.62,None,4.462,1.513
2025-12-28,TUYA,0.08,319363000.0,27.62,None,0.441,1.633,0,8973000,213258000,213258000,-33022000,None,None,None,None,None,None,None,11000,561246560,None,78003000,78003000,12176000,None,None,7074000,None,None,3398000,None,0.115,0.0519,None,None,None,2.579,0.0,-73440000,-70042000,0.03,2024-12-31,None,154037000.0,27786000,-70353000,124000,None,None,None,2848000,3326000,23019000,None,None,None,None,430000,9785000,-70477000,3326000,None,0.046,30182000,101226000,-73440000,6693000,18682000,None,None,None,None,None,None,None,1.347,4.215,None,None,None,None,None,None,None,0.151,None,11498000,2025-11-17,quarterly,0.03,USD,post-market,52003000,-125562000,-0.0002,0.0486,0.011,0.524,12196000,8973000,3763000,16663000,2.49,2.236,0.0,279404000,266707000,50359000,389497000,12697000,339138000,105789000,-110093000,27.62,None,4.462,1.513
2025-12-28,TUYA,0.08,319363000.0,27.62,None,0.441,1.633,23851000,8973000,213258000,213258000,-327999,-28213000,None,None,None,None,None,None,11000,561246560,None,78003000,78003000,12176000,None,None,7074000,None,None,3398000,None,0.115,0.0519,None,None,None,2.579,0.0,-73440000,-70042000,0.03,2024-09-30,None,154037000.0,27786000,-70353000,124000,None,None,None,2848000,3326000,23019000,None,None,None,None,430000,-4408899,-70477000,3326000,None,0.046,23851000,101226000,-73440000,6693000,18682000,None,None,None,None,None,None,None,1.347,4.215,None,None,None,None,None,None,None,0.151,None,11498000,2025-11-17,quarterly,0.03,USD,post-market,52003000,-125562000,-0.0002,0.0486,0.011,0.524,12196000,8973000,3763000,16663000,2.49,2.236,0.0,279404000,266707000,50359000,389497000,12697000,339138000,105789000,-110093000,27.62,None,4.462,1.513
2025-12-28,TUYA,0.08,319363000.0,27.62,None,0.441,1.633,0,8973000,213258000,213258000,-104000,73890000,None,None,None,None,None,None,11000,561246560,None,78003000,78003000,12176000,None,None,7074000,None,None,3398000,None,0.115,0.0519,None,None,None,2.579,0.0,-73440000,-70042000,0.03,2024-06-30,None,154037000.0,27786000,-70353000,124000,None,None,None,2848000,3326000,23019000,None,None,None,None,430000,3128000,-70477000,3326000,None,0.046,11829000,101226000,-73440000,6693000,18682000,None,None,None,None,None,None,None,1.347,4.215,None,None,None,None,None,None,None,0.151,None,11498000,2025-11-17,quarterly,0.03,USD,post-market,52003000,-125562000,-0.0002,0.0486,0.011,0.524,12196000,8973000,3763000,16663000,2.49,2.236,0.0,279404000,266707000,50359000,389497000,12697000,339138000,105789000,-110093000,27.62,None,4.462,1.513
2025-12-28,TUYA,0.08,319363000.0,27.62,None,0.441,1.633,1499000,8973000,213258000,213258000,254000,16195000,None,None,9217000,None,None,None,11000,561246560,None,78003000,78003000,12176000,None,None,7074000,None,None,3398000,6549000,0.115,0.0519,None,None,None,2.579,0.0,-73440000,-70042000,0.03,2024-03-31,None,154037000.0,27786000,-70353000,124000,None,None,None,2848000,3326000,23019000,None,None,None,None,430000,-3543000,-70477000,3326000,None,0.046,14490000,101226000,-73440000,6693000,18682000,None,None,None,None,None,None,None,1.347,4.215,None,None,None,None,None,-3339000,None,0.151,None,11498000,2025-11-17,quarterly,0.03,USD,post-market,52003000,-125562000,-0.0002,0.0486,0.011,0.524,12196000,8973000,3763000,16663000,2.49,2.236,0.0,279404000,266707000,50359000,389497000,12697000,339138000,105789000,-110093000,27.62,None,4.462,1.513
2025-12-28,TUYA,0.08,319363000.0,27.62,None,0.441,1.633,1499000,8973000,213258000,213258000,162000,299763000,None,None,9217000,None,None,None,11000,561246560,None,78003000,78003000,12176000,None,None,7074000,None,None,3398000,6549000,0.115,0.0519,None,None,None,2.579,0.0,-73440000,-70042000,0.03,2023-12-31,None,154037000.0,27786000,-70353000,124000,None,None,None,2848000,3326000,23019000,None,None,None,None,430000,-10816000,-70477000,3326000,None,0.046,31760000,101226000,-73440000,6693000,18682000,None,None,None,None,None,None,None,1.347,4.215,None,None,None,None,None,-3339000,None,0.151,None,11498000,2025-11-17,quarterly,0.03,USD,post-market,52003000,-125562000,-0.0002,0.0486,0.011,0.524,12196000,8973000,3763000,16663000,2.49,2.236,0.0,279404000,266707000,50359000,389497000,12697000,339138000,105789000,-110093000,27.62,None,4.462,1.513
2025-12-28,TUYA,0.08,319363000.0,27.62,None,0.441,1.633,1499000,8973000,213258000,213258000,-318000,55027000,None,None,9217000,None,None,None,11000,561246560,None,78003000,78003000,12176000,None,None,7074000,None,None,3398000,6549000,0.115,0.0519,None,None,None,2.579,0.0,-73440000,-70042000,0.03,2023-09-30,None,154037000.0,27786000,-70353000,124000,None,None,None,2848000,3326000,23019000,None,None,None,None,430000,-4905000,-70477000,3326000,None,0.046,16070000,101226000,-73440000,6693000,18682000,None,None,None,None,None,None,None,1.347,4.215,None,None,None,None,None,-3339000,None,0.151,None,11498000,2025-11-17,quarterly,0.03,USD,post-market,52003000,-125562000,-0.0002,0.0486,0.011,0.524,12196000,8973000,3763000,16663000,2.49,2.236,0.0,279404000,266707000,50359000,389497000,12697000,339138000,105789000,-110093000,27.62,None,4.462,1.513
2025-12-28,TUYA,0.08,319363000.0,27.62,None,0.441,1.633,313000,8973000,213258000,213258000,104000,11489000,None,None,7937000,None,None,None,11000,561246560,None,78003000,78003000,12176000,None,None,7074000,None,None,3398000,3313000,0.115,0.0519,None,None,None,2.579,0.0,-73440000,-70042000,0.03,2023-06-30,None,154037000.0,27786000,-70353000,124000,None,None,None,2848000,3326000,23019000,None,None,None,None,430000,-23549000,-70477000,3326000,None,0.046,7495000,101226000,-73440000,6693000,18682000,None,None,None,None,None,None,None,1.347,4.215,None,None,None,None,None,-2443000,None,0.151,None,11498000,2025-11-17,quarterly,0.03,USD,post-market,52003000,-125562000,-0.0002,0.0486,0.011,0.524,12196000,8973000,3763000,16663000,2.49,2.236,0.0,279404000,266707000,50359000,389497000,12697000,339138000,105789000,-110093000,27.62,None,4.462,1.513
2025-12-28,TUYA,0.08,319363000.0,27.62,None,0.441,1.633,710000,8973000,213258000,213258000,-2171000,-33824000,None,None,4067000,None,None,None,11000,561246560,None,78003000,78003000,12176000,None,None,7074000,None,None,3398000,8209000,0.115,0.0519,None,None,None,2.579,0.0,-73440000,-70042000,0.03,2023-03-31,None,154037000.0,27786000,-70353000,124000,None,None,None,2848000,3326000,23019000,None,None,None,None,430000,-21045000,-70477000,3326000,None,0.046,-18882000,101226000,-73440000,6693000,18682000,None,None,None,None,None,None,None,1.347,4.215,None,None,None,None,None,-48678000,None,0.151,None,11498000,2025-11-17,quarterly,0.03,USD,post-market,52003000,-125562000,-0.0002,0.0486,0.011,0.524,12196000,8973000,3763000,16663000,2.49,2.236,0.0,279404000,266707000,50359000,389497000,12697000,339138000,105789000,-110093000,27.62,None,4.462,1.513
2025-12-28,TUYA,0.08,319363000.0,27.62,None,0.441,1.633,710000,8973000,213258000,213258000,-2171000,-165305000,None,None,4067000,None,None,None,11000,561246560,None,78003000,78003000,12176000,None,None,7074000,None,None,3398000,8209000,0.115,0.0519,None,None,None,2.579,0.0,-73440000,-70042000,0.03,2022-12-31,None,154037000.0,27786000,-70353000,124000,None,None,None,2848000,3326000,23019000,None,None,None,None,430000,-21045000,-70477000,3326000,None,0.046,-18882000,101226000,-73440000,6693000,18682000,None,None,None,None,None,None,None,1.347,4.215,None,None,None,None,None,None,None,0.151,None,11498000,2025-11-17,quarterly,0.03,USD,post-market,52003000,-125562000,-0.0002,0.0486,0.011,0.524,12196000,8973000,3763000,16663000,2.49,2.236,0.0,279404000,266707000,50359000,389497000,12697000,339138000,105789000,-110093000,27.62,None,4.462,1.513
2025-12-28,TUYA,0.08,319363000.0,27.62,None,0.441,1.633,710000,8973000,213258000,213258000,13495000,-294131000,None,None,13135000,None,None,None,11000,561246560,None,78003000,78003000,12176000,None,None,7074000,None,None,3398000,8209000,0.115,0.0519,None,None,None,2.579,0.0,-73440000,-70042000,0.03,2022-09-30,None,154037000.0,27786000,-70353000,124000,None,None,None,2848000,3326000,23019000,None,None,None,None,430000,-32623000,-70477000,3326000,None,0.046,-13543000,101226000,-73440000,6693000,18682000,None,None,None,None,None,None,None,1.347,4.215,None,None,None,None,None,None,None,0.151,None,11498000,2025-11-17,quarterly,0.03,USD,post-market,52003000,-125562000,-0.0002,0.0486,0.011,0.524,12196000,8973000,3763000,16663000,2.49,2.236,0.0,279404000,266707000,50359000,389497000,12697000,339138000,105789000,-110093000,27.62,None,4.462,1.513
2025-12-28,TUYA,0.08,319363000.0,27.62,None,0.441,1.633,543000,8973000,213258000,213258000,-26894000,-112848000,None,None,3735000,None,None,None,11000,561246560,None,78003000,78003000,12176000,None,None,7074000,None,None,3398000,4835000,0.115,0.0519,None,None,None,2.579,0.0,-73440000,-70042000,0.03,2022-06-30,None,154037000.0,27786000,-70353000,124000,None,None,None,2848000,3326000,23019000,None,None,None,None,430000,-35869000,-70477000,3326000,None,0.046,401000,101226000,-73440000,6693000,18682000,None,None,None,None,None,None,None,1.347,4.215,None,None,None,None,None,-45133000,None,0.151,None,11498000,2025-11-17,quarterly,0.03,USD,post-market,52003000,-125562000,-0.0002,0.0486,0.011,0.524,12196000,8973000,3763000,16663000,2.49,2.236,0.0,279404000,266707000,50359000,389497000,12697000,339138000,105789000,-110093000,27.62,None,4.462,1.513
2025-12-28,TUYA,0.08,319363000.0,27.62,None,0.441,1.633,543000,8973000,213258000,213258000,-21751000,-141941000,None,None,3735000,None,None,None,11000,561246560,None,78003000,78003000,12176000,None,None,7074000,None,None,3398000,4835000,0.115,0.0519,None,None,None,2.579,0.0,-73440000,-70042000,0.03,2022-03-31,None,154037000.0,27786000,-70353000,124000,None,None,None,2848000,3326000,23019000,None,None,None,None,430000,-54953000,-70477000,3326000,None,0.046,-57374000,101226000,-73440000,6693000,18682000,None,None,None,None,None,None,None,1.347,4.215,None,None,None,None,None,-45133000,None,0.151,None,11498000,2025-11-17,quarterly,0.03,USD,post-market,52003000,-125562000,-0.0002,0.0486,0.011,0.524,12196000,8973000,3763000,16663000,2.49,2.236,0.0,279404000,266707000,50359000,389497000,12697000,339138000,105789000,-110093000,27.62,None,4.462,1.513
2025-12-28,TUYA,0.08,319363000.0,27.62,None,0.441,1.633,6193000,8973000,213258000,213258000,-43841000,23627000,None,None,-22121000,None,None,None,11000,561246560,None,78003000,78003000,12176000,None,None,7074000,None,None,3398000,10350000,0.115,0.0519,None,None,None,2.579,0.0,-73440000,-70042000,0.03,2021-12-31,None,154037000.0,27786000,-70353000,124000,None,None,None,2848000,3326000,23019000,None,None,None,None,430000,-48844000,-70477000,3326000,None,0.046,-53194000,101226000,-73440000,6693000,18682000,None,None,None,None,None,None,None,1.347,4.215,None,None,None,None,None,-64000000,None,0.151,None,11498000,2025-11-17,quarterly,0.03,USD,post-market,52003000,-125562000,-0.0002,0.0486,0.011,0.524,12196000,8973000,3763000,16663000,2.49,2.236,0.0,279404000,266707000,50359000,389497000,12697000,339138000,105789000,-110093000,27.62,None,4.462,1.513
2025-12-28,TUYA,0.08,319363000.0,27.62,None,0.441,1.633,6193000,8973000,213258000,213258000,-19207000,16150000,None,None,-22121000,None,None,None,11000,561246560,None,78003000,78003000,12176000,None,None,7074000,None,None,3398000,10350000,0.115,0.0519,None,None,None,2.579,0.0,-73440000,-70042000,0.03,2021-09-30,None,154037000.0,27786000,-70353000,124000,None,None,None,2848000,3326000,23019000,None,None,None,None,430000,-47917000,-70477000,3326000,None,0.046,-46067000,101226000,-73440000,6693000,18682000,None,None,None,None,None,None,None,1.347,4.215,None,None,None,None,None,-64000000,None,0.151,None,11498000,2025-11-17,quarterly,0.03,USD,post-market,52003000,-125562000,-0.0002,0.0486,0.011,0.524,12196000,8973000,3763000,16663000,2.49,2.236,0.0,279404000,266707000,50359000,389497000,12697000,339138000,105789000,-110093000,27.62,None,4.462,1.513
2025-12-28,TUYA,0.08,319363000.0,27.62,None,0.441,1.633,3065000,8973000,213258000,213258000,27309000,-92504000,None,None,-9649000,None,None,None,11000,561246560,None,78003000,78003000,12176000,None,None,7074000,None,None,3398000,5027000,0.115,0.0519,None,None,None,2.579,0.0,-73440000,-70042000,0.03,2021-06-30,None,154037000.0,27786000,-70353000,124000,None,None,None,2848000,3326000,23019000,None,None,None,None,430000,-38130000,-70477000,3326000,None,0.046,5813000,101226000,-73440000,6693000,18682000,None,None,None,None,None,None,None,1.347,4.215,None,None,None,None,None,None,None,0.151,None,11498000,2025-11-17,quarterly,0.03,USD,post-market,52003000,-125562000,-0.0002,0.0486,0.011,0.524,12196000,8973000,3763000,16663000,2.49,2.236,0.0,279404000,266707000,50359000,389497000,12697000,339138000,105789000,-110093000,27.62,None,4.462,1.513
2025-12-28,TUYA,0.08,319363000.0,27.62,None,0.441,1.633,6193000,8973000,213258000,213258000,1077541000,-60230000,None,None,-22121000,None,None,None,11000,561246560,None,78003000,78003000,12176000,None,None,7074000,None,None,3398000,10350000,0.115,0.0519,None,None,None,2.579,0.0,-73440000,-70042000,0.03,2021-03-31,None,154037000.0,27786000,-70353000,124000,None,None,None,2848000,3326000,23019000,None,None,None,None,430000,-40533000,-70477000,3326000,None,0.046,-32655000,101226000,-73440000,6693000,18682000,None,None,None,None,None,None,None,1.347,4.215,None,None,None,None,None,None,None,0.151,None,11498000,2025-11-17,quarterly,0.03,USD,post-market,52003000,-125562000,-0.0002,0.0486,0.011,0.524,12196000,8973000,3763000,16663000,2.49,2.236,0.0,279404000,266707000,50359000,389497000,12697000,339138000,105789000,-110093000,27.62,None,4.462,1.513
2025-12-28,TUYA,0.08,319363000.0,27.62,None,0.441,1.633,3201000,8973000,213258000,213258000,-172000,25537000,None,None,-19787000,None,None,None,11000,561246560,None,78003000,78003000,12176000,None,None,7074000,None,None,3398000,5684000,0.115,0.0519,None,None,None,2.579,0.0,-73440000,-70042000,0.03,2020-12-31,None,154037000.0,27786000,-70353000,124000,None,None,None,2848000,3326000,23019000,None,None,None,None,430000,-18381000,-70477000,3326000,None,0.046,-9006000,101226000,-73440000,6693000,18682000,None,None,None,None,None,None,None,1.347,4.215,None,None,None,None,None,None,None,0.151,None,11498000,2025-11-17,quarterly,0.03,USD,post-market,52003000,-125562000,-0.0002,0.0486,0.011,0.524,12196000,8973000,3763000,16663000,2.49,2.236,0.0,279404000,266707000,50359000,389497000,12697000,339138000,105789000,-110093000,27.62,None,4.462,1.513
2025-12-28,TUYA,0.08,319363000.0,27.62,None,0.441,1.633,0,8973000,213258000,213258000,None,-27143000,None,None,None,None,None,None,11000,561246560,None,78003000,78003000,12176000,None,None,7074000,None,None,3398000,None,0.115,0.0519,None,None,None,2.579,0.0,-73440000,-70042000,0.03,2020-09-30,None,154037000.0,27786000,-70353000,124000,None,None,None,2848000,3326000,23019000,None,None,None,None,430000,-13150000,-70477000,3326000,None,0.046,-2151000,101226000,-73440000,6693000,18682000,None,None,None,None,None,None,None,1.347,4.215,None,None,None,None,None,None,None,0.151,None,11498000,2025-11-17,quarterly,0.03,USD,post-market,52003000,-125562000,-0.0002,0.0486,0.011,0.524,12196000,8973000,3763000,16663000,2.49,2.236,0.0,279404000,266707000,50359000,389497000,12697000,339138000,105789000,-110093000,27.62,None,4.462,1.513
2025-12-28,TUYA,0.08,319363000.0,27.62,None,0.441,1.633,1008000,8973000,213258000,213258000,-172000,-10776000,None,None,-4417000,None,None,None,11000,561246560,None,78003000,78003000,12176000,None,None,7074000,None,None,3398000,1638000,0.115,0.0519,None,None,None,2.579,0.0,-73440000,-70042000,0.03,2020-06-30,None,154037000.0,27786000,-70353000,124000,None,None,None,2848000,3326000,23019000,None,None,None,None,430000,-14742000,-70477000,3326000,None,0.046,-7013000,101226000,-73440000,6693000,18682000,None,None,None,None,None,None,None,1.347,4.215,None,None,None,None,None,None,None,0.151,None,11498000,2025-11-17,quarterly,0.03,USD,post-market,52003000,-125562000,-0.0002,0.0486,0.011,0.524,12196000,8973000,3763000,16663000,2.49,2.236,0.0,279404000,266707000,50359000,389497000,12697000,339138000,105789000,-110093000,27.62,None,4.462,1.513
2025-12-28,TUYA,0.08,319363000.0,27.62,None,0.441,1.633,1008000,8973000,213258000,213258000,-172000,4530000,None,None,-4417000,None,None,None,11000,561246560,None,78003000,78003000,12176000,None,None,7074000,None,None,3398000,1638000,0.115,0.0519,None,None,None,2.579,0.0,-73440000,-70042000,0.03,2020-03-31,None,154037000.0,27786000,-70353000,124000,None,None,None,2848000,3326000,23019000,None,None,None,None,430000,-20639000,-70477000,3326000,None,0.046,-31041000,101226000,-73440000,6693000,18682000,None,None,None,None,None,None,None,1.347,4.215,None,None,None,None,None,None,None,0.151,None,11498000,2025-11-17,quarterly,0.03,USD,post-market,52003000,-125562000,-0.0002,0.0486,0.011,0.524,12196000,8973000,3763000,16663000,2.49,2.236,0.0,279404000,266707000,50359000,389497000,12697000,339138000,105789000,-110093000,27.62,None,4.462,1.513
2025-12-28,TUYA,0.08,319363000.0,27.62,None,0.441,1.633,818000,8973000,213258000,213258000,1250000,104833000,None,None,-7076000,None,None,None,11000,561246560,None,78003000,78003000,12176000,None,None,7074000,None,None,3398000,1220000,0.115,0.0519,None,None,None,2.579,0.0,-73440000,-70042000,0.03,2019-12-31,None,154037000.0,27786000,-70353000,124000,None,None,None,2848000,3326000,23019000,None,None,None,None,430000,-24219000,-70477000,3326000,None,0.046,-15677000,101226000,-73440000,6693000,18682000,None,None,None,None,None,None,None,1.347,4.215,None,None,None,None,None,None,None,0.151,None,11498000,2025-11-17,quarterly,0.03,USD,post-market,52003000,-125562000,-0.0002,0.0486,0.011,0.524,12196000,8973000,3763000,16663000,2.49,2.236,0.0,279404000,266707000,50359000,389497000,12697000,339138000,105789000,-110093000,27.62,None,4.462,1.513
2025-12-28,TUYA,0.08,319363000.0,27.62,None,0.441,1.633,621750,8973000,213258000,213258000,43557500,None,None,None,-2759250,None,None,None,11000,561246560,None,78003000,78003000,12176000,None,None,7074000,None,None,3398000,849500,0.115,0.0519,None,None,None,2.579,0.0,-73440000,-70042000,0.03,2019-09-30,None,154037000.0,27786000,-70353000,124000,None,None,None,2848000,3326000,23019000,None,None,None,None,430000,-17619250,-70477000,3326000,None,0.046,-14140750,101226000,-73440000,6693000,18682000,None,None,None,None,None,None,None,1.347,4.215,None,None,None,None,None,-937500,None,0.151,None,11498000,2025-11-17,quarterly,0.03,USD,post-market,52003000,-125562000,-0.0002,0.0486,0.011,0.524,12196000,8973000,3763000,16663000,2.49,2.236,0.0,279404000,266707000,50359000,389497000,12697000,339138000,105789000,-110093000,27.62,None,4.462,1.513
2025-12-28,TUYA,0.08,319363000.0,27.62,None,0.441,1.633,621750,8973000,213258000,213258000,43557500,None,None,None,-2759250,None,None,None,11000,561246560,None,78003000,78003000,12176000,None,None,7074000,None,None,3398000,849500,0.115,0.0519,None,None,None,2.579,0.0,-73440000,-70042000,0.03,2019-06-30,None,154037000.0,27786000,-70353000,124000,None,None,None,2848000,3326000,23019000,None,None,None,None,430000,-17619250,-70477000,3326000,None,0.046,-14140750,101226000,-73440000,6693000,18682000,None,None,None,None,None,None,None,1.347,4.215,None,None,None,None,None,-937500,None,0.151,None,11498000,2025-11-17,quarterly,0.03,USD,post-market,52003000,-125562000,-0.0002,0.0486,0.011,0.524,12196000,8973000,3763000,16663000,2.49,2.236,0.0,279404000,266707000,50359000,389497000,12697000,339138000,105789000,-110093000,27.62,None,4.462,1.513
2025-12-28,TUYA,0.08,319363000.0,27.62,None,0.441,1.633,621750,8973000,213258000,213258000,43557500,None,None,None,-2759250,None,None,None,11000,561246560,None,78003000,78003000,12176000,None,None,7074000,None,None,3398000,849500,0.115,0.0519,None,None,None,2.579,0.0,-73440000,-70042000,0.03,2019-03-31,None,154037000.0,27786000,-70353000,124000,None,None,None,2848000,3326000,23019000,None,None,None,None,430000,-17619250,-70477000,3326000,None,0.046,-14140750,101226000,-73440000,6693000,18682000,None,None,None,None,None,None,None,1.347,4.215,None,None,None,None,None,-937500,None,0.151,None,11498000,2025-11-17,quarterly,0.03,USD,post-market,52003000,-125562000,-0.0002,0.0486,0.011,0.524,12196000,8973000,3763000,16663000,2.49,2.236,0.0,279404000,266707000,50359000,389497000,12697000,339138000,105789000,-110093000,27.62,None,4.462,1.513
2025-12-28,TUYA,0.08,319363000.0,27.62,None,0.441,1.633,621750,8973000,213258000,213258000,43557500,None,None,None,-2759250,None,None,None,11000,561246560,None,78003000,78003000,12176000,None,None,7074000,None,None,3398000,849500,0.115,0.0519,None,None,None,2.579,0.0,-73440000,-70042000,0.03,2018-12-31,None,154037000.0,27786000,-70353000,124000,None,None,None,2848000,3326000,23019000,None,None,None,None,430000,-17619250,-70477000,3326000,None,0.046,-14140750,101226000,-73440000,6693000,18682000,None,None,None,None,None,None,None,1.347,4.215,None,None,None,None,None,-937500,None,0.151,None,11498000,2025-11-17,quarterly,0.03,USD,post-market,52003000,-125562000,-0.0002,0.0486,0.011,0.524,12196000,8973000,3763000,16663000,2.49,2.236,0.0,279404000,266707000,50359000,389497000,12697000,339138000,105789000,-110093000,27.62,None,4.462,1.513
2025-12-28,TUYA,0.08,319363000.0,27.62,None,0.441,1.633,4186102,8973000,213258000,213258000,-33216652,107481883,None,None,7031525,None,None,None,11000,561246560,None,78003000,78003000,12176000,None,None,7074000,None,None,3398000,5067540,0.115,0.0519,33038563,33038563,None,2.579,0.0,-73440000,-70042000,0.03,2024-12-31,None,154037000.0,27786000,-70353000,124000,None,None,None,2848000,3326000,23019000,None,None,None,None,430000,4999506,-70477000,3326000,None,0.046,80392302,101226000,-73440000,6693000,18682000,None,None,None,None,None,None,None,1.347,4.215,None,None,None,None,None,-70035,None,0.151,None,11498000,2025-11-17,annual,0.03,USD,post-market,52003000,-125562000,-0.0002,0.0486,0.011,0.524,12196000,8973000,3763000,16663000,2.49,2.236,0.0,279404000,266707000,50359000,389497000,12697000,339138000,105789000,-110093000,27.62,None,4.462,1.513
2025-12-28,TUYA,0.08,319363000.0,27.62,None,0.441,1.633,1497701,8973000,213258000,213258000,-2221067,332166007,None,None,9208987,None,None,None,11000,561246560,None,78003000,78003000,12176000,None,None,7074000,None,None,3398000,6543307,0.115,0.0519,0,0,None,2.579,0.0,-73440000,-70042000,0.03,2023-12-31,None,154037000.0,27786000,-70353000,124000,None,None,None,2848000,3326000,23019000,None,None,None,None,430000,-60262570,-70477000,3326000,None,0.046,36411321,101226000,-73440000,6693000,18682000,None,None,None,None,None,None,None,1.347,4.215,None,None,None,None,None,-3336097,None,0.151,None,11498000,2025-11-17,annual,0.03,USD,post-market,52003000,-125562000,-0.0002,0.0486,0.011,0.524,12196000,8973000,3763000,16663000,2.49,2.236,0.0,279404000,266707000,50359000,389497000,12697000,339138000,105789000,-110093000,27.62,None,4.462,1.513
2025-12-28,TUYA,0.08,319363000.0,27.62,None,0.441,1.633,709151,8973000,213258000,213258000,-38536156,-713376351,None,None,13119392,None,None,None,11000,561246560,None,78003000,78003000,12176000,None,None,7074000,None,None,3398000,8199245,0.115,0.0519,0,0,None,2.579,0.0,-73440000,-70042000,0.03,2022-12-31,None,154037000.0,27786000,-70353000,124000,None,None,None,2848000,3326000,23019000,None,None,None,None,430000,-146001313,-70477000,3326000,None,0.046,-70570048,101226000,-73440000,6693000,18682000,None,None,None,None,None,None,None,1.347,4.215,None,None,None,None,None,-48620160,None,0.151,None,11498000,2025-11-17,annual,0.03,USD,post-market,52003000,-125562000,-0.0002,0.0486,0.011,0.524,12196000,8973000,3763000,16663000,2.49,2.236,0.0,279404000,266707000,50359000,389497000,12697000,339138000,105789000,-110093000,27.62,None,4.462,1.513
2025-12-28,TUYA,0.08,319363000.0,27.62,None,0.441,1.633,6201224,8973000,213258000,213258000,1043184856,-113106935,None,None,-22150362,None,None,None,11000,561246560,None,78003000,78003000,12176000,None,None,7074000,None,None,3398000,10363738,0.115,0.0519,None,None,None,2.579,0.0,-73440000,-70042000,0.03,2021-12-31,None,154037000.0,27786000,-70353000,124000,None,None,None,2848000,3326000,23019000,None,None,None,None,430000,-175656852,-70477000,3326000,None,0.046,-126270385,101226000,-73440000,6693000,18682000,None,None,None,None,None,None,None,1.347,4.215,None,None,None,None,None,-64084951,None,0.151,None,11498000,2025-11-17,annual,0.03,USD,post-market,52003000,-125562000,-0.0002,0.0486,0.011,0.524,12196000,8973000,3763000,16663000,2.49,2.236,0.0,279404000,266707000,50359000,389497000,12697000,339138000,105789000,-110093000,27.62,None,4.462,1.513
2025-12-28,TUYA,0.08,319363000.0,27.62,None,0.441,1.633,3201000,8973000,213258000,213258000,-172000,-7852000,None,None,-19787000,None,None,None,11000,561246560,None,78003000,78003000,12176000,None,None,7074000,None,None,3398000,5684000,0.115,0.0519,None,None,None,2.579,0.0,-73440000,-70042000,0.03,2020-12-31,None,154037000.0,27786000,-70353000,124000,None,None,None,2848000,3326000,23019000,None,None,None,None,430000,-66912000,-70477000,3326000,None,0.046,-49211000,101226000,-73440000,6693000,18682000,None,None,None,None,None,None,None,1.347,4.215,None,None,None,None,None,0,None,0.151,None,11498000,2025-11-17,annual,0.03,USD,post-market,52003000,-125562000,-0.0002,0.0486,0.011,0.524,12196000,8973000,3763000,16663000,2.49,2.236,0.0,279404000,266707000,50359000,389497000,12697000,339138000,105789000,-110093000,27.62,None,4.462,1.513
2025-12-28,TUYA,0.08,319363000.0,27.62,None,0.441,1.633,2487000,8973000,213258000,213258000,174230000,8491000,None,None,-11037000,None,None,None,11000,561246560,None,78003000,78003000,12176000,None,None,7074000,None,None,3398000,3398000,0.115,0.0519,None,None,None,2.579,0.0,-73440000,-70042000,0.03,2019-12-31,None,154037000.0,27786000,-70353000,124000,None,None,None,2848000,3326000,23019000,None,None,None,None,430000,-70477000,-70477000,3326000,None,0.046,-56563000,101226000,-73440000,6693000,18682000,None,None,None,None,None,None,None,1.347,4.215,None,None,None,None,None,-3750000,None,0.151,None,11498000,2025-11-17,annual,0.03,USD,post-market,52003000,-125562000,-0.0002,0.0486,0.011,0.524,12196000,8973000,3763000,16663000,2.49,2.236,0.0,279404000,266707000,50359000,389497000,12697000,339138000,105789000,-110093000,27.62,None,4.462,1.513
