date,open,high,low,close,volume,adx_14_adx,atr_14_atr,bbands_20_real lower band,bbands_20_real middle band,bbands_20_real upper band,ema_12_ema,ema_26_ema,ema_5_ema,mfi_14_mfi,mom_10_mom,rsi_14_rsi,sar_14_sar,sma_100_sma,sma_20_sma,sma_50_sma,sma_8_sma,stochrsi_14_fastd,stochrsi_14_fastk
2017-11-10,19.06,20.85,18.1,20.76,2407496,,,,,,,,,,,,,,,,,,
2017-11-17,20.62,24.33,20.5,24.16,1837896,,,,,,,,,,,,18.101,,,,,,
2017-11-24,24.28,25.59,23.68,24.9,1057454,,,,,,,,,,,,18.1633,,,,,,
2017-12-01,24.5,25.09,21.35,23.46,1862231,,,,,,,,,,,,18.3118,,,,,,
2017-12-08,23.48,23.94,20.5,21.6,1433290,,,,,,,,22.976,,,,18.4574,,,,,,
2017-12-15,21.68,23.58,20.61,21.26,1507165,,,,,,,,22.404,,,,18.6,,,,,,
2017-12-22,21.36,24.64,21.04,23.13,1693941,,,,,,,,22.646,,,,18.7398,,,,,,
2017-12-29,23.12,24.45,22.63,23.92,531778,,,,,,,,23.0707,,,,18.8768,,,,22.8988,,
2018-01-05,24.14,25.54,23.77,25.0,1052444,,,,,,,,23.7138,,,,19.0111,,,,23.4288,,
2018-01-12,25.12,28.9,24.52,25.88,1183445,,,,,,,,24.4359,,,,19.1427,,,,23.6438,,
2018-01-19,25.87,27.09,23.88,26.75,997722,,,,,,,,25.2072,,5.99,,19.4354,,,,23.875,,
2018-01-26,27.15,27.49,24.5,26.27,788398,,,,,,23.9242,,25.5615,,2.11,,19.7193,,,,24.2262,,
2018-02-02,26.27,28.26,24.9,26.95,1352828,,,,,,24.3897,,26.0243,,2.05,,19.9948,,,,24.895,,
2018-02-09,26.95,28.0,24.21,25.24,1393406,,,,,,24.5205,,25.7629,,1.78,,20.2619,,,,25.3925,,
2018-02-16,25.3,27.02,24.97,26.84,942347,,3.0613,,,,24.8773,,26.1219,60.3898,5.24,67.1364,20.5211,,,,25.8563,,
2018-02-23,26.69,26.94,25.2,26.16,800584,,2.9669,,,,25.0747,,26.1346,53.1747,4.9,64.4749,20.7724,,,,26.1362,,
2018-03-02,26.34,26.85,25.82,26.48,1017650,,2.8286,,,,25.2909,,26.2497,53.2557,3.35,65.1746,21.0163,,,,26.3212,,
2018-03-09,26.44,30.65,25.63,29.4,1612026,,2.9851,,,,25.9231,,27.2998,64.1333,5.48,70.8218,21.2528,,,,26.7612,,
2018-03-16,29.4,30.76,28.0,29.58,1428372,,2.969,,,,26.4857,,28.0599,72.5275,4.58,71.1326,21.6287,,,,27.115,,
2018-03-23,29.3,33.38,28.48,30.31,2414261,,3.1073,20.2489,25.4025,30.5561,27.074,,28.8099,82.099,4.43,72.4157,22.0852,,25.4025,,27.62,,
2018-03-29,30.79,32.7,29.72,31.36,1018930,,3.0982,20.6199,25.9325,31.2451,27.7334,,29.6599,81.8237,4.61,74.1925,22.7632,,25.9325,,28.1712,100.0,100.0
2018-04-06,31.17,31.8,29.2,30.13,1131476,,3.0626,20.6845,26.231,31.7775,28.1021,,29.8166,75.4465,3.86,68.6166,23.4005,,26.231,,28.7825,66.6667,0.0
2018-04-13,30.45,30.98,29.49,29.6,876050,,2.95,20.7688,26.466,32.1632,28.3326,,29.7444,69.9459,2.65,66.3042,23.9996,,26.466,,29.1275,33.3333,0.0
2018-04-20,29.71,30.54,29.11,29.82,809888,,2.8414,21.0835,26.784,32.4845,28.5614,,29.7696,64.3507,4.58,66.8043,24.5627,,26.784,,29.585,2.1132,6.3395
2018-04-27,29.99,30.26,27.75,28.96,1065239,,2.8177,21.9054,27.152,32.3986,28.6227,,29.4997,63.669,2.12,62.876,25.092,,27.152,,29.895,2.1132,0.0
2018-05-04,29.0,29.96,27.94,29.66,1551280,,2.7607,22.9746,27.572,32.1694,28.7823,26.4454,29.5532,65.4655,3.5,64.6957,25.5896,,27.572,,29.9275,12.6798,31.6999
2018-05-11,29.99,31.63,29.89,31.45,1087375,,2.7043,23.5715,27.988,32.4045,29.1927,26.8161,30.1854,65.2971,4.97,68.8946,26.0573,,27.988,,30.1612,43.9,100.0
2018-05-18,31.5,37.19,30.13,35.84,3487254,52.083,3.0154,23.3777,28.584,33.7903,30.2154,27.4845,32.0703,76.498,6.44,76.33,26.497,,28.584,,30.8525,77.2333,100.0
2018-05-25,36.05,36.15,34.68,35.31,1008253,52.8523,2.905,23.3968,29.0995,34.8022,30.9992,28.0642,33.1502,76.931,5.73,74.0293,27.2455,,29.0995,,31.3462,94.2998,82.8993
2018-06-01,35.15,36.26,34.9,35.78,681959,53.5856,2.795,23.3982,29.5945,35.7908,31.7347,28.6357,34.0268,80.5718,5.47,74.7559,27.9416,,29.5945,,32.0525,89.7899,86.4704
2018-06-08,35.86,36.89,34.35,35.91,5633061,54.3774,2.7768,23.4258,30.0525,36.6792,32.377,29.1746,34.6545,84.9713,4.55,74.9646,28.589,,30.0525,,32.8412,83.6687,81.6364
2018-06-15,35.99,37.77,35.62,36.37,2865874,55.263,2.732,23.6283,30.5575,37.4867,32.9913,29.7076,35.2264,86.0379,6.24,75.7291,29.1911,,30.5575,,33.66,80.6626,73.881
2018-06-22,36.38,37.22,33.23,34.73,5424119,54.3179,2.8222,23.9975,30.9465,37.8955,33.2588,30.0796,35.0609,68.6862,5.13,67.7822,29.8774,,30.9465,,34.3812,51.8391,0.0
2018-06-29,34.3,34.76,33.05,34.18,2191810,53.3196,2.7427,24.8309,31.3935,37.9561,33.4005,30.3833,34.7673,61.0714,4.36,65.3071,30.5088,,31.3935,,34.9462,24.627,0.0
2018-07-06,33.84,34.81,33.39,34.59,777461,52.4077,2.6482,25.4278,31.781,38.1342,33.5835,30.6949,34.7082,60.8626,5.63,66.2951,31.0897,,31.781,,35.3387,3.1602,9.4805
2018-07-13,34.75,35.02,33.79,34.63,883834,51.628,2.5469,26.2926,32.2045,38.1164,33.7445,30.9864,34.6821,64.2555,4.97,66.3957,31.6241,,32.2045,,35.1875,6.6419,10.4453
2018-07-20,34.68,36.03,33.3,34.77,1377306,51.2189,2.5598,27.2315,32.619,38.0065,33.9023,31.2667,34.7114,67.6897,3.32,66.7694,32.1158,,32.619,,35.12,26.3349,59.079
2018-07-27,34.65,37.21,34.13,35.6,2182503,51.1752,2.597,27.6049,32.929,38.2531,34.1635,31.5877,35.0076,71.6666,-0.24,68.9722,32.5681,,32.929,,35.0975,56.5081,100.0
2018-08-03,35.61,36.35,34.22,35.3,1140425,51.1347,2.5634,28.0285,33.215,38.4015,34.3383,31.8627,35.1051,71.0289,-0.01,67.2373,32.9843,,33.215,,35.0212,64.7573,35.1928
2018-08-10,35.25,39.2,34.73,38.04,2636759,51.7866,2.6994,28.1913,33.6015,39.0117,34.9078,32.3202,36.0834,72.4211,2.26,73.7355,33.3671,,33.6015,,35.23,78.3976,100.0
2018-08-17,38.61,41.81,38.61,40.2,2170416,52.8514,2.7758,28.0275,34.0435,40.0595,35.722,32.9039,37.4556,73.6954,4.29,77.5206,33.8918,,34.0435,,35.9137,78.3976,100.0
2018-08-24,40.25,40.83,39.68,40.51,1726150,53.8402,2.6593,28.2052,34.5625,40.9198,36.4586,33.4673,38.4737,72.5028,4.14,78.0104,34.6836,,34.5625,,36.705,100.0,100.0
2018-08-31,40.75,41.86,40.08,41.77,1295250,54.9224,2.597,28.5078,35.171,41.8342,37.2758,34.0824,39.5725,72.9357,7.04,79.9251,35.3963,,35.171,,37.6025,100.0,100.0
2018-09-07,41.92,43.06,39.82,40.44,1189006,56.1034,2.6429,29.1372,35.702,42.2668,37.7626,34.5533,39.8617,69.2679,6.26,72.7268,36.1074,,35.702,,38.3287,66.6667,0.0
2018-09-14,40.7,41.5,39.45,39.98,1317140,56.8823,2.6004,30.2155,36.253,42.2905,38.1037,34.9553,39.9011,59.4386,5.39,70.3663,36.9417,,36.253,,38.98,33.3333,0.0
2018-09-21,39.63,41.02,38.24,40.9,2724263,56.6171,2.6132,31.2641,36.815,42.3659,38.5339,35.3956,40.2341,48.7792,6.27,72.3025,37.6759,,36.815,,39.6425,6.7521,20.2563
2018-09-28,40.61,43.66,40.48,43.45,1403967,56.9175,2.6534,31.7211,37.415,43.1089,39.2902,35.9922,41.306,62.8448,8.68,76.8229,38.241,,37.415,,40.6612,29.2675,67.5463
2018-10-05,43.6,43.99,41.0,41.69,1309314,57.2567,2.6774,31.7714,37.7075,43.6436,39.6594,36.4143,41.434,64.2534,6.09,68.5118,38.241,,37.7075,,41.1175,29.2675,0.0
2018-10-12,41.7,41.7,33.88,34.94,2115560,53.7217,3.0447,31.7209,37.689,43.6571,38.9334,36.3051,39.2694,57.6972,-0.36,47.3531,43.99,,37.689,,40.46,22.5154,0.0
2018-10-19,34.9,36.73,33.9,35.86,1817451,50.4392,3.0294,31.7299,37.693,43.6561,38.4605,36.2721,38.1329,52.3834,-2.18,49.6361,43.99,,37.693,31.5964,39.8787,2.5823,7.747
2018-10-26,35.85,37.45,35.21,36.83,1797625,47.639,2.973,31.8176,37.739,43.6604,38.2097,36.3134,37.6986,53.2662,-3.37,51.9996,43.8889,,37.739,31.9178,39.2612,7.838,15.767
2018-11-02,37.53,39.07,36.11,37.9,1275692,45.5687,2.9718,31.9273,37.8155,43.7037,38.162,36.431,37.7657,51.7751,-2.61,54.5342,43.7888,,37.8155,32.1926,38.9437,19.1511,33.9394
2018-11-09,37.9,37.9,30.16,32.12,4080009,43.0877,3.3124,31.4251,37.685,43.9449,37.2325,36.1116,35.8838,46.9364,-9.65,41.7189,43.6897,,37.685,32.337,37.9612,16.5688,0.0
2018-11-16,32.15,33.59,31.91,33.17,1167812,40.784,3.1958,31.2473,37.6345,44.0217,36.6075,35.8937,34.9792,39.6733,-7.27,44.2805,43.4191,,37.6345,32.5312,36.995,17.976,19.9887
2018-11-23,32.81,33.01,28.48,29.5,787621,39.5513,3.3024,30.1747,37.38,44.5853,35.514,35.4201,33.1528,32.8,-10.48,37.9946,43.1539,,37.38,32.6892,35.2512,6.6629,0.0
2018-11-30,29.75,32.44,28.59,32.31,1212102,38.4067,3.3415,29.8147,37.264,44.7133,35.0211,35.1897,32.8719,30.3396,-8.59,44.4919,42.7138,,37.264,32.9102,34.0787,19.7574,39.2836
2018-12-07,32.93,33.91,29.03,29.26,1559452,36.7605,3.4514,28.818,36.9885,45.159,34.1348,34.7505,31.6679,24.3671,-14.19,39.637,42.2868,,36.9885,33.0328,33.3687,21.5205,25.2779
2018-12-14,29.23,30.37,27.35,27.4,1123449,35.6868,3.4206,27.4086,36.5785,45.7484,33.0987,34.206,30.2453,24.8548,-14.29,36.9864,41.8727,,36.5785,33.1024,32.3112,21.5205,0.0
2018-12-21,27.19,28.97,25.59,25.73,1788595,35.1273,3.4177,25.7858,36.1,46.4142,31.965,33.5782,28.7402,25.0085,-9.21,34.7401,41.2918,,36.1,33.117,30.9237,8.426,0.0
2018-12-28,25.33,27.53,25.28,26.74,623818,34.6831,3.3343,24.4953,35.535,46.5747,31.1612,33.0716,28.0735,28.0888,-9.12,37.2233,40.5067,,35.535,33.1342,29.5287,8.4879,25.4638
2019-01-04,27.03,27.87,25.54,27.11,922268,34.1142,3.2625,23.4786,34.8805,46.2824,30.5379,32.63,27.7523,24.5809,-9.72,38.1517,39.5931,,34.8805,33.1414,28.9025,31.7111,69.6696
2019-01-11,27.01,29.26,26.87,29.23,766575,32.9564,3.2002,22.9684,34.3165,45.6646,30.3367,32.3782,28.2449,28.978,-8.67,43.3239,38.7343,,34.3165,33.2006,28.41,65.0445,100.0
2019-01-18,28.96,31.57,28.51,30.93,938014,30.9489,3.1902,22.8756,33.7745,44.6734,30.428,32.2709,29.1399,35.7312,-1.19,47.1413,37.927,,33.7745,33.2802,28.5887,89.8899,100.0
2019-01-25,30.74,31.98,30.64,31.25,773724,28.9296,3.058,22.8111,33.315,43.8189,30.5544,32.1953,29.8433,42.238,-1.92,47.8533,37.1682,,33.315,33.4004,28.4562,100.0,100.0
2019-02-01,30.94,32.99,30.28,32.81,1069686,27.054,3.0332,22.9074,32.9565,43.0056,30.9014,32.2408,30.8322,39.0162,3.31,51.2974,36.4549,,32.9565,33.5198,28.9,100.0,100.0
2019-02-08,32.6,33.98,32.56,33.71,675586,25.675,2.9179,23.2183,32.597,41.9757,31.3335,32.3496,31.7915,36.1166,1.4,53.2171,35.7844,,32.597,33.6708,29.6887,100.0,100.0
2019-02-15,33.97,34.9,33.38,34.64,772963,24.7212,2.8181,24.1277,32.1565,40.1853,31.8422,32.5193,32.741,51.6148,5.38,55.1829,35.1542,,32.1565,33.834,30.8025,100.0,100.0
2019-02-22,34.46,34.72,32.67,33.08,870421,23.5179,2.7632,24.9648,31.726,38.4872,32.0326,32.5608,32.854,52.7594,5.68,51.2896,34.9,,31.726,33.9076,31.595,82.2942,46.8825
2019-03-01,33.36,37.44,32.76,36.48,2189103,23.3247,2.9001,24.8644,31.803,38.7416,32.7169,32.8511,34.0627,63.2318,10.75,58.2099,25.28,,31.803,34.0456,32.7662,82.2942,100.0
2019-03-08,36.83,37.12,35.17,36.0,1395466,23.1453,2.8319,24.8548,31.81,38.7652,33.222,33.0844,34.7084,64.1933,9.26,56.9792,25.4016,,31.81,34.1594,33.6125,76.366,82.2155
2019-03-15,36.33,39.57,36.33,39.02,1356053,23.7021,2.8846,24.5926,31.9195,39.2464,34.114,33.5241,36.1456,74.3055,11.91,62.37,25.522,,31.9195,34.3126,34.6237,94.0718,100.0
2019-03-22,39.03,39.49,36.11,36.19,927125,24.1049,2.92,24.7524,31.834,38.9156,34.4334,33.7215,36.1604,73.9011,6.96,55.3683,25.8029,,31.834,34.4338,35.2412,73.0086,36.8102
2019-03-29,36.07,37.67,34.82,36.81,1049869,23.8149,2.9154,24.6615,32.0685,39.4755,34.799,33.9503,36.3769,75.3783,5.88,56.5199,26.0783,,32.0685,34.578,35.7412,51.086,16.4477
2019-04-05,37.48,39.95,36.58,37.56,1242200,24.2302,2.9479,24.5124,32.288,40.0636,35.2238,34.2177,36.7713,80.086,6.31,57.9339,26.3481,,32.288,34.7328,36.2225,29.9669,36.6428
2019-04-12,37.24,37.86,36.11,36.51,582301,24.3758,2.8627,24.7658,32.6385,40.5112,35.4216,34.3875,36.6842,75.7402,3.7,55.2261,26.7562,,32.6385,34.8838,36.4562,17.6968,0.0
2019-04-18,36.49,37.32,35.98,36.79,606757,24.4418,2.7539,24.7876,32.8625,40.9374,35.6322,34.5655,36.7195,71.3881,3.08,55.8192,27.152,,32.8625,35.0264,36.92,19.5144,21.9005
2019-04-26,36.67,39.44,36.67,38.42,802569,25.1363,2.7551,25.0775,33.3205,41.5635,36.0611,34.851,37.2863,71.5103,3.78,59.2065,27.5359,,33.3205,35.1658,37.1625,40.6335,100.0
2019-05-03,38.41,39.54,36.44,37.29,828174,25.6529,2.7793,25.8709,33.815,41.7591,36.2501,35.0317,37.2875,65.8654,4.21,56.001,27.9084,,33.815,35.1948,37.3237,47.1226,19.4672
2019-05-10,36.27,37.72,35.18,35.99,1104504,25.424,2.7622,27.2619,34.328,41.3941,36.2101,35.1026,36.855,58.5967,-0.49,52.4808,28.2696,,34.328,35.2084,36.945,39.8224,0.0
2019-05-17,35.12,36.95,33.64,36.0,1209437,24.4289,2.8014,28.6172,34.791,40.9648,36.1778,35.1691,36.57,52.2563,0.0,52.5055,28.62,,34.791,35.2128,36.9212,6.6117,0.3677
2019-05-24,35.57,38.09,35.06,37.32,1553313,23.9258,2.8177,30.1486,35.3015,40.4544,36.3535,35.3284,36.82,54.8027,-1.7,55.7774,28.9599,,35.3015,35.241,36.985,16.4609,49.0148
2019-05-31,37.19,38.95,37.19,38.11,1401487,23.7614,2.7421,31.2769,35.7455,40.2141,36.6237,35.5345,37.25,61.4918,1.92,57.6574,29.2896,,35.7455,35.2758,37.0537,49.7942,100.0
2019-06-07,37.87,38.16,33.7,35.3,5736266,22.1109,2.8649,32.0679,35.964,39.8601,36.4201,35.5171,36.6,40.0231,-1.51,49.5829,29.6094,,35.964,35.2872,36.9025,49.6716,0.0
2019-06-14,35.43,37.05,33.94,36.97,2648045,20.5782,2.8824,32.9926,36.25,39.5074,36.5047,35.6247,36.7233,43.5155,-0.59,53.7301,29.9196,,36.25,35.343,36.925,50.4539,51.3616
2019-06-21,37.19,40.25,37.06,40.1,3155757,20.2338,2.9108,33.3469,36.6145,39.8821,37.0578,35.9562,37.8489,48.3104,3.59,60.3184,30.2206,,36.6145,35.4532,37.135,50.4539,100.0
2019-06-28,40.05,40.96,38.52,40.39,4060673,20.1395,2.8771,33.5729,36.9485,40.3241,37.5705,36.2847,38.6959,58.6697,3.6,60.8743,30.6217,,36.9485,35.5684,37.5225,83.7872,100.0
2019-07-05,40.92,42.0,40.06,41.57,1656940,20.3754,2.8102,33.5373,37.295,41.0527,38.1858,36.6762,39.654,63.7322,3.15,63.1371,31.1386,,37.295,35.7044,38.22,100.0,100.0
2019-07-12,41.47,42.92,41.02,41.18,2469830,20.8707,2.7452,34.1043,37.7,41.2957,38.6464,37.0098,40.1626,65.6466,3.89,61.8637,31.7903,,37.7,35.816,38.8675,95.4875,86.4626
2019-07-19,41.14,42.58,40.75,41.4,1075540,21.1877,2.6798,34.0566,37.946,41.8354,39.07,37.335,40.5751,64.2317,5.41,62.3253,32.5694,,37.946,35.938,39.3775,85.8869,71.198
2019-07-26,41.67,43.28,41.25,42.87,1307460,21.7063,2.6334,33.9597,38.2895,42.6193,39.6547,37.745,41.3401,67.301,6.87,65.344,33.2939,,38.2895,36.0346,39.9725,85.8869,100.0
2019-08-02,43.0,43.02,39.94,40.64,1455919,21.4714,2.6653,33.9299,38.3705,42.8111,39.8062,37.9594,41.1067,62.8901,3.32,57.7805,34.0928,,38.3705,36.0434,40.64,57.066,0.0
2019-08-09,39.51,42.11,34.4,35.06,4332956,20.8412,3.0256,33.7372,38.314,42.8908,39.0761,37.7447,39.0911,56.4702,-3.05,44.0431,43.28,,38.314,35.9344,40.4012,33.3333,0.0
2019-08-16,35.05,35.4,33.42,34.89,2738522,20.553,2.9509,33.4428,38.218,42.9932,38.432,37.5332,37.6908,54.1472,-0.41,43.7022,43.1912,,38.218,35.7968,39.75,-0.0,0.0
2019-08-23,35.18,35.25,32.17,32.3,2191909,20.6501,2.9602,32.5287,37.955,43.3813,37.4887,37.1456,35.8938,52.9543,-4.67,38.7776,42.9958,,37.955,35.634,38.7387,-0.0,0.0
2019-08-30,32.63,34.59,31.75,34.36,1525288,20.8614,2.9516,32.2292,37.8475,43.4658,37.0073,36.9392,35.3826,52.7454,-5.74,44.1666,42.671,,37.8475,35.5216,37.8375,9.453,28.3589
2019-09-06,34.16,34.58,32.92,33.18,2166010,21.0576,2.8593,31.7031,37.667,43.6309,36.4185,36.6608,34.6484,48.1059,-7.21,41.8919,42.2342,,37.667,35.3672,36.8375,28.7162,57.7896
2019-09-13,33.43,35.36,30.59,33.77,2355262,21.9081,2.9956,31.2477,37.4345,43.6213,36.011,36.4466,34.3556,53.0041,-7.8,43.4599,41.8148,,37.4345,35.1736,35.8837,57.6781,86.8858
2019-09-20,33.79,35.13,33.46,34.07,2541724,22.6979,2.9009,30.9149,37.2735,43.6321,35.7124,36.2706,34.2604,52.6877,-7.11,44.2832,41.2537,,37.2735,35.0212,34.7837,81.5585,100.0
2019-09-27,34.13,35.69,33.36,34.39,2154015,23.1174,2.8601,30.7328,37.1935,43.6542,35.509,36.1313,34.3036,50.7234,-7.01,45.1998,40.7207,,37.1935,35.0102,34.0025,95.6286,100.0
2019-10-04,34.49,34.99,32.15,33.93,1267767,23.8713,2.8587,30.4913,37.09,43.6887,35.2661,35.9682,34.1791,41.1938,-8.94,44.0772,40.2143,33.284,37.09,34.9716,33.8612,88.6881,66.0643
2019-10-11,33.93,35.41,33.15,34.56,1740334,24.323,2.8163,30.2635,36.952,43.6405,35.1574,35.8639,34.306,40.7233,-6.08,46.0533,39.7332,33.422,36.952,34.9262,33.82,88.6881,100.0
2019-10-18,34.58,35.3,33.68,33.82,930063,24.7425,2.7308,29.9371,36.7375,43.5379,34.9517,35.7125,34.144,33.2198,-1.24,44.0829,39.2762,33.5186,36.7375,34.8446,34.01,55.45,0.2857
2019-10-25,34.31,35.75,33.75,35.71,1935349,24.8409,2.6786,29.9726,36.758,43.5434,35.0683,35.7123,34.666,39.179,0.82,49.9705,38.8421,33.6267,36.758,34.9164,34.1787,66.7619,100.0
2019-11-01,35.75,37.48,35.53,37.42,873880,23.8988,2.6266,29.9895,36.7805,43.5715,35.4301,35.8388,35.584,37.7391,5.12,54.6256,38.4296,33.7663,36.7805,35.0014,34.7087,66.7619,100.0
2019-11-08,37.76,38.34,29.0,30.0,4401225,25.031,3.1061,29.0582,36.2755,43.4928,34.5947,35.4063,33.7227,34.8162,-4.36,38.0718,29.0,33.8503,36.2755,35.0114,34.2375,66.6667,0.0
2019-11-15,29.65,29.93,27.91,28.88,2620638,26.315,3.0335,28.0634,35.7,43.3366,33.7155,34.9229,32.1084,37.8375,-4.3,36.2844,38.34,33.9265,35.7,34.9428,33.5887,33.3333,0.0
2019-11-22,28.76,32.2,28.61,32.19,2239529,26.4024,3.0733,27.9502,35.231,42.5118,33.4808,34.7204,32.1356,46.0754,-1.58,44.5672,38.34,34.0171,35.231,35.0014,33.3137,15.0532,45.1596
2019-11-29,32.26,33.91,31.79,33.17,932417,25.7487,3.0052,28.0379,34.8305,41.6231,33.433,34.6056,32.4804,51.5458,-0.9,46.7734,38.2357,34.1096,34.8305,35.1168,33.2187,34.116,57.1883
2019-12-06,33.33,33.33,31.08,32.0,2044175,25.3474,2.9512,28.1777,34.3605,40.5433,33.2126,34.4126,32.3203,45.2445,-2.39,44.4965,38.1324,34.1796,34.3605,35.2422,32.8987,60.2134,78.2923
2019-12-13,31.86,34.0,31.16,33.99,1782084,24.6815,2.9433,29.1224,33.9165,38.7106,33.3322,34.3813,32.8769,52.3458,0.06,49.0404,38.0302,34.2607,33.9165,35.3872,32.92,78.4935,100.0
2019-12-20,34.06,36.54,33.96,36.36,1856867,23.0486,2.9177,29.8355,33.7025,37.5695,33.798,34.5279,34.0379,60.3557,1.8,53.8827,37.929,34.3568,33.7025,35.5722,33.0012,92.7641,100.0
2019-12-27,36.26,37.33,36.09,36.64,763599,21.5588,2.7979,29.7459,33.7815,37.8171,34.2352,34.6843,34.9053,57.5931,2.82,54.4336,37.8288,34.4605,33.7815,35.7204,32.9037,100.0,100.0
2020-01-03,36.45,37.07,35.68,36.81,875545,20.0196,2.6973,29.654,33.8775,38.101,34.6313,34.8418,35.5402,51.3843,1.1,54.7867,37.7296,34.5591,33.8775,35.838,33.755,100.0,100.0
2020-01-10,36.48,38.0,36.48,37.59,1237221,18.946,2.6132,29.6904,34.142,38.5936,35.0865,35.0453,36.2235,56.8855,0.17,56.4542,27.91,34.6826,34.142,35.9648,34.8437,100.0,100.0
2020-01-17,37.86,39.74,37.66,39.1,1334624,18.5702,2.5801,29.4294,34.379,39.3286,35.704,35.3457,37.1823,56.4546,9.1,59.5634,28.0109,34.8052,34.379,36.0906,35.7075,100.0,100.0
2020-01-24,39.16,39.66,35.9,36.38,2094096,17.487,2.6644,29.548,34.539,39.53,35.808,35.4223,36.9149,53.3654,7.5,52.317,28.2455,34.9074,34.539,36.144,36.1087,66.6667,0.0
2020-01-31,35.55,38.44,35.46,36.95,1571620,16.3013,2.6877,29.6134,34.698,39.7826,35.9837,35.5355,36.9266,45.8711,4.76,53.5912,28.4754,35.0121,34.698,36.1902,36.7275,39.1946,17.5837
2020-02-07,37.37,39.47,37.02,38.97,1199402,15.5995,2.6757,29.5408,34.943,40.3452,36.4431,35.7899,37.6077,46.7624,5.8,57.8861,28.7007,35.1078,34.943,36.308,37.35,31.4791,76.8537
2020-02-14,38.97,39.24,37.47,38.18,1051304,14.9477,2.6114,29.558,35.1325,40.707,36.7103,35.9669,37.7985,53.1791,6.18,55.7145,28.9215,35.1938,35.1325,36.342,37.5775,47.1076,46.8853
2020-02-21,38.29,38.66,36.0,36.32,1554728,14.0676,2.6145,29.6833,35.252,40.8207,36.6503,35.9931,37.3057,54.5096,2.33,50.8752,29.1378,35.2539,35.252,36.3484,37.5375,41.2463,0.0
2020-02-28,34.95,36.49,32.86,34.8,3280760,14.3964,2.687,29.7003,35.264,40.8277,36.3656,35.9047,36.4704,42.4008,-1.56,47.2623,29.3499,35.2883,35.264,36.264,37.2862,15.6284,0.0
2020-03-06,35.01,35.63,30.32,31.01,2391693,15.431,2.8744,29.2858,35.1235,40.9612,35.5417,35.5421,34.6503,36.2461,-5.63,39.6933,29.5577,35.2971,35.1235,36.1604,36.4637,-0.0,0.0
2020-03-13,28.83,30.2,25.36,29.22,2197934,17.4526,3.0726,28.4304,34.799,41.1676,34.5691,35.0738,32.8402,36.405,-7.59,36.7036,39.74,35.2933,34.799,36.0086,35.2287,-0.0,0.0
2020-03-20,27.8,32.44,23.81,25.72,2785391,18.3827,3.4697,26.8451,34.214,41.5829,33.2077,34.3809,30.4668,28.5892,-11.87,31.6792,39.5962,35.2523,34.214,35.7718,33.8962,-0.0,0.0
2020-03-27,26.22,27.31,24.26,24.96,2243246,19.2464,3.4397,25.7387,33.962,42.1853,31.9388,33.6831,28.6312,20.8797,-14.14,30.6965,39.2805,35.2123,33.962,35.5408,32.3975,-0.0,0.0
2020-04-03,25.15,27.22,23.04,23.49,2149571,20.3218,3.4923,24.5219,33.6925,42.8631,30.639,32.9281,26.9175,16.9725,-12.89,28.8335,38.9711,35.1506,33.6925,35.2748,30.4625,-0.0,0.0
2020-04-09,24.64,28.4,24.38,28.34,1587158,20.7964,3.5939,24.0538,33.5,42.9462,30.2853,32.5882,27.3916,21.7438,-8.61,41.4576,38.4931,35.1195,33.5,35.0732,29.2325,33.3333,100.0
2020-04-17,28.08,30.73,27.57,30.51,1114579,20.3018,3.5629,23.8315,33.367,42.9025,30.3199,32.4343,28.4311,20.5226,-8.46,46.0674,38.0295,35.0662,33.367,34.9376,28.5062,66.6667,100.0
2020-04-24,30.05,31.03,28.78,30.15,1020636,19.7276,3.4691,23.6523,33.2745,42.8967,30.2937,32.2651,29.0041,18.481,-8.03,45.4283,37.5799,35.0146,33.2745,34.8208,27.925,98.7639,96.2917
2020-05-01,30.68,33.33,30.28,31.09,1166372,18.3567,3.4485,23.4675,33.1295,42.7915,30.4162,32.178,29.6994,24.1454,-5.23,47.4772,37.1437,34.9677,33.1295,34.7226,27.935,98.7639,100.0
2020-05-08,31.05,35.03,30.44,34.34,1301570,17.5586,3.53,23.4619,33.0285,42.5951,31.0199,32.3382,31.2463,30.2319,-0.46,53.9192,36.7205,34.952,33.0285,34.663,28.575,98.7639,100.0
2020-05-15,33.52,34.36,30.88,32.25,1097601,16.8175,3.5264,23.3835,32.809,42.2345,31.2091,32.3316,31.5808,24.5722,1.24,49.6978,36.3101,34.9108,32.809,34.5458,29.3912,83.4278,50.2833
2020-05-22,33.37,36.54,32.64,36.29,1123151,16.8088,3.581,23.399,32.783,42.167,31.9908,32.6248,33.1506,29.8011,7.07,56.7472,23.04,34.9264,32.783,34.5656,30.8075,83.4278,100.0
2020-05-29,37.1,39.2,36.5,39.09,1089134,17.5069,3.5331,23.2992,32.858,42.4168,33.083,33.1037,35.1304,36.0456,13.37,60.8429,23.175,34.9755,32.858,34.608,32.7575,83.4278,100.0
2020-06-05,39.27,41.23,38.34,40.21,2077913,18.6211,3.4872,23.1987,32.9135,42.6283,34.1795,33.6301,36.8236,49.2634,15.25,62.3775,23.4955,35.0317,32.9135,34.6102,34.2412,100.0,100.0
2020-06-12,40.0,40.33,35.79,37.02,1165770,18.6358,3.5624,23.1812,32.9455,42.7098,34.6165,33.8812,36.8891,51.6831,13.53,55.6836,24.0275,35.0556,32.9455,34.5428,35.055,82.4024,47.2073
2020-06-19,36.54,39.92,35.86,37.84,1877621,18.6494,3.5983,23.1453,32.99,42.8347,35.1124,34.1745,37.206,61.3477,9.5,56.9621,24.5436,35.0863,32.99,34.4682,36.0162,55.4357,19.0999
2020-06-26,37.99,39.97,37.95,38.14,1528392,18.6748,3.4934,23.1985,32.9485,42.6985,35.5782,34.4682,37.5174,71.7165,7.63,57.4458,25.0442,35.1117,32.9485,34.4074,36.8975,30.8777,26.3259
2020-07-02,38.43,41.0,37.91,39.4,964166,18.9948,3.4646,23.1151,33.0095,42.9039,36.1662,34.8335,38.1449,79.6665,9.25,59.5044,25.5298,35.1527,33.0095,34.3674,37.53,34.1683,57.0791
2020-07-10,39.0,39.98,37.96,38.56,1429789,19.2921,3.3614,23.0313,33.1213,43.2112,36.5337,35.1092,38.2816,79.3401,7.465,57.4956,26.0008,35.1578,33.1213,34.2811,38.3181,43.6101,47.4253
2020-07-17,38.86,39.16,36.21,38.05,892455,18.7611,3.332,22.9883,33.2838,43.5792,36.7669,35.327,38.2044,73.815,3.71,56.273,26.4577,35.1364,33.2838,34.2293,38.5381,34.8348,0.0
2020-07-24,38.1,40.48,37.73,38.19,961165,18.7046,3.2905,23.1899,33.6428,44.0956,36.9859,35.5391,38.1996,73.9883,5.94,56.5488,26.9008,35.1132,33.6428,34.2919,38.4256,18.654,8.5368
2020-07-31,38.44,40.81,38.44,40.3,951639,18.7596,3.2426,23.5673,34.1968,44.8262,37.4957,35.8918,38.8997,74.2782,4.01,60.5848,27.3307,35.0984,34.1968,34.4001,38.4369,36.1789,100.0
2020-08-07,40.76,44.34,39.93,41.03,1951171,19.8134,3.326,24.6856,34.9623,45.2389,38.0395,36.2724,39.6098,75.9168,1.94,61.9032,27.7477,35.1044,34.9623,34.5747,38.9381,69.5123,100.0
2020-08-14,40.94,41.21,38.08,39.96,942585,19.9392,3.3117,26.313,35.7123,45.1115,38.3349,36.5455,39.7265,70.3271,-0.25,58.7986,28.4114,35.1042,35.7123,34.6867,39.2031,81.6195,44.8584
2020-08-21,40.1,42.06,39.8,40.91,829741,20.2939,3.2366,28.7834,36.5833,44.3831,38.7311,36.8688,40.121,75.3953,3.89,60.684,29.0485,35.1042,36.5833,34.8413,39.5494,74.029,77.2284
2020-08-28,41.48,43.16,40.98,42.6,769639,20.9228,3.1661,30.0537,37.2962,44.5388,39.3263,37.2934,40.9474,75.1455,4.76,63.8528,29.6602,35.0958,37.2962,35.0179,39.9494,74.029,100.0
2020-09-04,42.51,43.51,38.47,39.93,1212614,20.3938,3.2999,31.1533,37.7673,44.3812,39.4192,37.4887,40.6082,68.3212,1.79,56.1525,30.2474,35.0782,37.7673,35.1351,40.1212,59.0761,0.0
2020-09-11,38.74,41.49,37.24,37.67,950266,19.4172,3.3678,32.524,38.1432,43.7625,39.1501,37.5021,39.6288,60.3815,-1.73,50.5911,30.8111,35.1054,38.1432,35.2007,40.0737,33.3333,0.0
2020-09-18,37.8,42.15,37.8,41.93,1375757,18.7331,3.4472,33.8563,38.6852,43.5142,39.5778,37.8301,40.3959,67.7564,3.375,58.8618,31.3522,35.1661,38.6852,35.3607,40.5412,20.7886,62.3658
2020-09-25,41.3,42.77,39.36,41.43,1238733,18.3086,3.4442,34.5069,39.0397,43.5726,39.8627,38.0968,40.7406,66.7443,3.38,57.6422,31.8717,35.2121,39.0397,35.4981,40.6825,38.5116,53.1692
2020-10-02,42.0,43.77,41.32,43.0,1107260,18.2495,3.3736,35.9293,39.5772,43.2252,40.3454,38.46,41.4937,66.1168,4.81,60.4157,32.3705,35.2631,39.5772,35.6817,40.9287,71.845,100.0
2020-10-09,43.33,46.22,42.76,45.1,1784491,18.9272,3.3797,35.9594,40.0177,44.0761,41.0769,38.9518,42.6958,68.2273,4.8,63.8275,32.8493,35.393,40.0177,35.8695,41.5712,84.3897,100.0
2020-10-16,45.15,47.43,44.97,46.28,988577,19.8765,3.314,35.5167,40.3772,45.2378,41.8773,39.4946,43.8905,76.1645,5.25,65.6206,33.5178,35.524,40.3772,36.0467,42.2425,100.0,100.0
2020-10-23,46.36,47.42,44.8,47.39,819233,20.6702,3.2645,34.997,40.7362,46.4755,42.7254,40.0795,45.057,81.3989,7.43,67.2645,34.3525,35.7029,40.7362,36.3945,42.8412,100.0,100.0
2020-10-30,47.06,47.09,42.48,43.03,844160,20.2829,3.382,35.4808,41.0367,46.5927,42.7723,40.298,44.3814,75.7851,2.12,55.9482,35.1372,35.8102,41.0367,36.6775,43.2287,66.6667,0.0
2020-11-06,43.42,50.33,43.26,50.05,1574902,20.8498,3.6619,35.0456,41.6472,48.2489,43.8919,41.0204,46.2709,77.0779,7.45,65.8965,35.8747,36.018,41.6472,37.0347,44.7762,62.6373,87.9119
2020-11-13,50.5,51.04,47.78,49.01,1600756,21.5551,3.6332,35.0646,42.1907,49.3169,44.6793,41.6122,47.1839,76.9923,9.08,63.6048,36.8866,36.2342,42.1907,37.3515,45.6612,51.8575,67.6606
2020-11-20,48.81,51.94,48.28,51.03,1289621,22.4348,3.6351,34.8037,42.7722,50.7408,45.6564,42.3098,48.466,83.018,13.36,66.0729,38.0189,36.4872,42.7722,37.7321,46.8612,81.6808,89.4699
2020-11-27,51.0,53.46,50.11,53.18,923335,23.6121,3.6147,34.5891,43.5035,52.4179,46.8138,43.115,50.0373,83.3454,11.25,68.5197,39.2718,36.7516,43.5035,38.1159,48.1337,85.7101,100.0
2020-12-04,53.0,54.48,51.4,53.96,2060764,24.9335,3.5765,34.6637,44.2987,53.9338,47.9125,43.918,51.3432,84.9177,12.525,69.3771,40.6906,37.02,44.2987,38.4678,49.2406,96.49,100.0
2020-12-11,54.17,57.71,52.0,56.5,984567,26.7861,3.7289,34.641,45.2142,55.7875,49.2336,44.85,53.0621,90.9956,13.5,72.0674,42.2074,37.2927,45.2142,38.865,50.5181,100.0,100.0
2020-12-18,57.07,58.93,55.91,57.92,1838518,28.7098,3.6783,34.4271,46.0952,57.7634,50.57,45.8181,54.6814,95.821,12.82,73.468,44.0677,37.5626,46.0952,39.2872,51.8344,100.0,100.0
2020-12-24,57.0,59.94,56.93,59.21,837945,30.6586,3.6305,34.2721,47.0042,59.7364,51.8992,46.8101,56.1909,95.7894,12.93,74.7087,45.9998,37.8422,47.0042,39.7196,53.8569,100.0,100.0
2020-12-31,59.94,60.0,57.66,58.18,555335,32.478,3.5384,34.7303,47.9152,61.1002,52.8655,47.6523,56.854,91.9483,10.79,71.8209,47.9515,38.0959,47.9152,40.1012,54.8731,81.9452,45.8355
2021-01-08,58.24,61.57,57.08,60.51,1393205,34.4218,3.606,35.042,48.8952,62.7485,54.0416,48.6048,58.0726,92.2684,17.48,74.2461,49.7587,38.3639,48.8952,40.5838,56.3106,76.6052,83.98
2021-01-15,59.79,63.14,58.77,59.9,1639502,36.4581,3.6605,35.4349,49.7602,64.0856,54.9429,49.4414,58.6818,92.4326,9.85,72.4872,51.6485,38.6165,49.7602,41.0428,57.4194,50.9628,23.0729
2021-01-22,60.99,62.74,59.09,59.75,1060453,38.349,3.6598,36.5414,50.7512,64.9611,55.6824,50.205,59.0378,85.7651,10.74,72.0352,53.6021,38.8832,50.7512,41.4584,58.2406,38.159,7.424
2021-01-29,59.61,60.67,54.64,55.93,1591816,37.6727,3.8291,38.6364,51.6642,64.6921,55.7205,50.6291,58.0019,77.3829,4.9,61.5169,63.14,39.0777,51.6642,41.8134,58.4875,10.1656,0.0
2021-02-05,56.36,64.74,56.36,64.64,1558222,37.9118,4.1849,39.4098,52.7998,66.1897,57.0927,51.667,60.2146,82.1944,11.46,71.6733,54.6401,39.3641,52.7998,42.3798,59.505,29.0707,79.7882
2021-02-12,66.15,67.38,64.04,67.34,1414045,38.5828,4.1245,40.3473,54.0952,67.8432,58.6692,52.8279,62.5897,82.498,13.385,73.9669,54.6401,39.6473,54.0952,43.0306,60.6825,59.9294,100.0
2021-02-19,67.8,68.58,60.25,63.08,998150,37.7177,4.4249,41.814,55.0992,68.3845,59.3478,53.5873,62.7532,76.2074,6.58,65.0212,54.8949,39.9162,55.0992,43.672,61.1662,69.3118,28.1471
2021-02-26,62.18,62.98,57.0,61.59,1676322,35.8709,4.5431,43.1876,55.9238,68.6599,59.6928,54.1801,62.3654,67.7203,3.67,62.1882,55.3055,40.164,55.9238,44.3194,61.5925,44.5131,5.3922
2021-03-05,63.31,64.64,55.8,58.44,2750472,34.5322,4.8504,44.5569,56.5318,68.5066,59.5,54.4957,61.057,57.2463,-0.77,56.576,55.7037,40.3728,56.5318,44.9738,61.3337,11.1798,0.0
2021-03-12,58.56,63.39,55.5,60.63,1608581,33.1944,5.0675,45.8673,57.1938,68.5202,59.6739,54.9501,60.9146,56.7622,2.45,59.3244,68.58,40.614,57.1938,45.6872,61.425,7.0652,15.8036
2021-03-19,59.75,62.11,58.45,61.4,1481472,31.9522,4.967,48.7139,58.1122,67.5106,59.9394,55.4278,61.0764,58.0026,0.89,60.2764,68.4492,40.8601,58.1122,46.4454,61.6312,19.8732,43.8161
2021-03-26,61.96,64.2,58.03,63.45,1193636,31.3099,5.0529,49.881,58.7823,67.6835,60.4795,56.0221,61.8676,56.8817,3.55,62.7743,68.3197,41.1104,58.7823,47.1476,62.5712,53.2066,100.0
2021-04-01,63.16,66.03,60.72,63.32,1088482,31.1217,5.0716,51.6109,59.4978,67.3846,60.9165,56.5627,62.3517,57.5816,3.57,62.5059,68.1915,41.3707,59.4978,47.8038,62.4062,79.8285,95.6693
2021-04-09,63.56,65.5,63.3,65.15,1356192,30.947,4.8662,52.9748,60.2038,67.4327,61.5678,57.1988,63.2845,61.9731,9.22,64.7885,68.0646,41.6623,60.2038,48.5038,62.1325,98.5564,100.0
2021-04-16,64.75,66.84,60.55,63.3,1387335,29.7296,4.9681,54.1306,60.7098,67.2889,61.8343,57.6507,63.2897,55.2248,-1.34,60.7614,67.9389,41.9353,60.7098,49.148,62.16,68.8059,10.7482
2021-04-23,62.47,67.44,62.3,67.11,991580,28.7601,4.9804,54.994,61.3675,67.741,62.646,58.3514,64.5631,53.9908,-0.23,65.5154,67.8146,42.2332,61.3675,49.8034,62.85,70.2494,100.0
2021-04-30,67.37,69.0,64.27,65.0,1341211,28.2691,4.9625,55.6443,61.7925,67.9407,63.0081,58.8439,64.7087,59.9362,1.92,61.1004,55.5,42.5021,61.7925,50.4584,63.67,39.293,7.1308
2021-05-07,65.31,67.47,62.06,65.85,2078149,26.9913,4.9945,56.0682,62.189,68.3098,63.4453,59.3629,65.0892,57.9061,4.26,62.2053,55.635,42.8076,62.189,51.0496,64.3225,45.8346,30.3731
2021-05-14,65.79,66.38,62.13,66.02,1626895,25.8048,4.9413,56.352,62.5295,68.707,63.8414,59.856,65.3994,50.2155,7.58,62.4351,55.7686,43.0981,62.5295,51.5882,64.9,24.2371,35.2074
2021-05-21,65.53,66.28,60.25,64.86,1281091,24.0314,5.019,56.9459,62.8635,68.7811,63.9981,60.2266,65.2196,43.5242,4.23,59.7646,55.901,43.3457,62.8635,52.0812,65.0762,21.8602,0.0
2021-05-28,65.39,68.39,64.72,67.37,1340468,23.0435,4.9223,57.0827,63.2065,69.3303,64.5169,60.7558,65.9364,49.3905,5.97,63.4114,56.032,43.6155,63.2065,52.6882,65.5825,45.0691,100.0
2021-06-04,67.33,67.99,65.32,65.45,1207003,22.1262,4.7614,57.4829,63.484,69.4851,64.6604,61.1035,65.7743,50.1978,2.0,59.0057,56.1616,43.8543,63.484,53.2404,65.62,33.3333,0.0
2021-06-11,65.33,67.1,64.34,65.49,1173020,20.8974,4.6185,57.9659,63.771,69.5761,64.7881,61.4284,65.6795,53.7551,2.17,59.0695,56.29,44.0974,63.771,53.7874,65.8937,33.8161,1.4482
2021-06-18,65.51,67.33,62.39,64.28,1330968,19.7506,4.6415,59.6324,64.1885,68.7446,64.7099,61.6397,65.213,46.2984,-0.87,56.2191,56.4171,44.3262,64.1885,54.285,65.54,0.4827,0.0
2021-06-25,64.41,71.39,63.76,69.57,1344265,19.287,4.8551,59.3099,64.435,69.5601,65.4576,62.2271,66.6653,46.381,6.27,64.3244,56.5429,44.5932,64.435,54.9053,66.1112,33.8161,100.0
2021-07-02,69.57,71.53,68.41,70.47,1098850,18.8959,4.7312,58.9555,64.5915,70.2275,66.2287,62.8377,67.9336,46.521,3.36,65.4949,56.8399,44.8915,64.5915,55.5537,66.6887,66.6667,100.0
2021-07-09,71.0,72.16,66.01,69.08,679930,17.6773,4.8322,58.9774,64.8915,70.8056,66.6674,63.3001,68.3157,41.6289,4.08,62.1059,57.2806,45.2317,64.8915,56.1715,67.0712,87.8216,63.4648
2021-07-16,69.17,69.5,64.07,64.17,1350448,16.894,4.8747,59.2904,65.0205,70.7506,66.2832,63.3645,66.9338,34.2874,-1.68,51.8918,57.8756,45.5245,65.0205,56.6489,66.985,54.4883,0.0
2021-07-23,62.96,68.47,61.92,68.05,1017968,16.7734,4.9943,60.4924,65.501,70.5096,66.555,63.7116,67.3059,40.5941,2.03,57.7983,58.4467,45.882,65.501,57.1893,67.07,35.6285,43.4207
2021-07-30,68.18,69.76,66.03,69.76,602342,16.2041,4.904,61.1476,65.9575,70.7674,67.0481,64.1596,68.1239,39.3726,4.9,60.1221,58.9951,46.236,65.9575,57.7853,67.6087,34.6414,60.5035
2021-08-06,70.0,71.85,68.36,71.66,1608975,15.1046,4.803,61.5276,66.4705,71.4134,67.7576,64.7152,69.3026,40.6542,4.29,62.5872,59.5215,46.6208,66.4705,58.4003,68.38,67.9748,100.0
2021-08-13,71.83,72.5,69.07,72.11,979985,14.2874,4.7047,61.5914,66.9035,72.2156,68.4272,65.263,70.2384,49.2914,6.66,63.1679,60.0268,47.0042,66.9035,58.9905,69.3587,86.8345,100.0
2021-08-20,71.68,74.19,70.22,73.62,827766,14.0411,4.6523,61.621,67.4185,73.216,69.2261,65.882,71.3656,56.9926,8.13,65.1241,60.6505,47.3997,67.4185,59.6643,69.865,100.0,100.0
2021-08-27,74.04,76.91,73.17,74.95,865077,14.5407,4.5871,61.3536,67.9085,74.4634,70.1067,66.5537,72.5604,64.0564,10.67,66.7969,61.4628,47.8053,67.9085,60.4099,70.425,100.0,100.0
2021-09-03,75.23,76.2,73.52,75.07,754057,15.0047,4.4509,61.5984,68.497,75.3956,70.8703,67.1845,73.3969,57.3608,5.5,66.9509,62.5441,48.2167,68.497,61.0727,71.1737,100.0,100.0
2021-09-10,75.12,75.41,73.58,73.9,718118,15.4355,4.2637,61.5851,68.8365,76.0879,71.3364,67.682,73.5646,58.8953,3.43,63.8414,63.5498,48.6101,68.8365,61.7221,72.39,72.601,17.8029
2021-09-17,74.37,76.44,73.43,74.89,1988917,16.1244,4.174,61.8483,69.331,76.8137,71.8831,68.2159,74.0064,68.8878,5.81,65.3096,64.485,49.0208,69.331,62.3599,73.245,55.0062,47.2158
2021-09-24,73.1,74.89,70.93,74.45,801281,15.7074,4.1587,62.1408,69.761,77.3812,72.278,68.6777,74.1543,70.6926,10.28,64.0645,65.3547,49.4082,69.761,62.9469,73.8312,24.0648,7.1757
2021-10-01,73.91,73.92,68.46,69.93,767958,14.7312,4.2895,62.5321,69.9565,77.3809,71.9168,68.7705,72.7462,64.1764,1.88,52.9064,66.1636,49.7333,69.9565,63.4199,73.615,18.1305,0.0
2021-10-08,69.42,73.1,67.31,70.69,1596595,14.196,4.3963,63.1985,70.248,77.2975,71.728,68.9126,72.0608,54.5656,0.93,54.3462,66.9158,50.1402,70.248,63.8859,73.4375,6.2614,11.6085
2021-10-15,70.25,74.36,70.2,72.75,656304,13.246,4.3794,63.5169,70.517,77.5171,71.8853,69.1969,72.2905,59.1156,1.09,58.0868,67.31,50.5789,70.517,64.4803,73.3287,17.7917,41.7667
2021-10-22,72.17,76.07,72.17,75.89,765658,12.8072,4.3452,64.0712,71.039,78.0068,72.5014,69.6927,73.4904,66.6692,3.78,63.0556,67.31,51.0159,71.039,64.9971,73.4462,48.1112,90.9583
2021-10-29,76.34,78.36,75.39,77.79,546035,13.0793,4.247,64.5834,71.654,78.7246,73.315,70.2925,74.9236,65.8132,4.17,65.705,67.982,51.4621,71.654,65.5727,73.7862,77.575,100.0
2021-11-05,78.06,82.0,77.32,79.91,1251672,14.2229,4.2783,65.3427,72.4355,79.5283,74.3296,71.0049,76.5857,67.7384,4.96,68.4258,68.8118,51.9412,72.4355,66.1503,74.5375,96.9861,100.0
2021-11-12,80.09,82.96,76.41,78.78,951052,15.4911,4.4405,65.4215,72.896,80.3705,75.0143,71.5808,77.3171,58.9709,3.71,65.4454,69.9988,52.3891,72.896,66.6623,75.0237,90.3912,71.1735
2021-11-19,79.26,80.8,77.2,79.77,1711260,16.6686,4.3805,65.4064,73.361,81.3156,75.7459,72.1874,78.1348,48.7934,5.87,66.8094,71.2949,52.8232,73.361,67.1786,75.6887,80.358,69.9004
2021-11-26,79.96,80.36,73.01,74.16,857426,16.1515,4.5922,65.9026,73.615,81.3274,75.502,72.3335,76.8098,42.9606,-0.73,53.84,72.4614,53.1984,73.615,67.5318,76.2175,47.0246,0.0
2021-12-03,75.16,76.35,70.14,71.62,984516,15.1993,4.7078,67.516,73.9875,80.459,74.9047,72.2807,75.0799,36.6794,-2.83,49.1845,82.96,53.5465,73.9875,67.8058,76.3337,23.3001,0.0
2021-12-10,71.91,75.62,70.57,73.05,655327,14.3151,4.7323,68.3422,74.2375,80.1328,74.6194,72.3377,74.4033,41.4494,3.12,51.7159,82.8318,53.9011,74.2375,68.0826,76.3712,4.7875,14.3624
2021-12-17,73.16,74.92,69.13,72.16,1472787,13.9185,4.8078,68.7405,74.3575,79.9745,74.241,72.3245,73.6555,39.501,1.47,50.045,82.7049,54.2317,74.3575,68.3622,75.905,6.4148,4.8819
2021-12-23,70.77,75.02,69.88,73.74,641689,13.5148,4.8316,68.9725,74.4615,79.9505,74.1639,72.4294,73.6837,33.4412,0.99,52.9512,82.4334,54.6053,74.4615,68.6268,75.3987,33.3841,80.9081
2021-12-31,73.85,77.77,73.55,77.32,941852,12.8776,4.7879,69.2097,74.722,80.2343,74.6495,72.7916,74.8958,39.9664,1.43,58.7999,82.1673,55.009,74.722,68.9752,75.075,61.93,100.0
2022-01-07,77.34,78.38,67.37,67.52,889258,13.2979,5.2323,68.081,74.417,80.753,73.5526,72.4011,72.4372,39.6264,-10.27,43.0305,81.9066,55.2945,74.417,69.1306,73.6675,60.3027,0.0
2022-01-14,66.31,69.64,62.91,64.2,1030882,14.5462,5.3389,66.1459,73.8795,81.6131,72.1138,71.7937,69.6915,41.403,-15.71,39.1954,81.4705,55.5547,73.8795,69.296,71.7212,33.3333,0.0
2022-01-21,62.79,63.47,57.95,59.35,1343683,16.4494,5.404,63.1298,73.0935,83.0572,70.1501,70.8719,66.2443,35.4511,-19.43,34.3756,80.728,55.785,73.0935,69.1902,69.87,-0.0,0.0
2022-01-28,58.45,61.57,56.82,59.78,1394324,18.3665,5.3575,60.8722,72.3875,83.9028,68.5547,70.0503,64.0895,29.1798,-19.99,35.1371,79.5891,56.0348,72.3875,69.039,68.39,1.0393,3.118
2022-02-04,59.99,63.18,57.56,60.73,809841,19.6167,5.3763,59.1685,71.6795,84.1905,67.3509,69.3599,62.9697,29.6356,-13.43,36.8799,78.2228,56.332,71.6795,68.992,66.85,10.6846,28.9358
2022-02-11,60.76,63.99,58.32,60.58,930091,20.5127,5.3973,57.6554,70.986,84.3166,66.3092,68.7095,62.1731,26.6635,-11.04,36.7122,76.9384,56.6456,70.986,68.9718,65.4025,26.8444,48.4793
2022-02-18,60.6,62.59,58.45,58.69,802037,21.3446,5.3075,56.0554,70.424,84.7926,65.137,67.9673,61.0121,27.4004,-14.36,34.5783,75.7311,56.9753,70.424,68.9768,63.5212,28.5029,8.0935
2022-02-25,58.01,64.92,56.71,64.92,1344051,21.3293,5.5148,55.5695,70.1355,84.7015,65.1037,67.7416,62.3147,37.7967,-7.24,45.7684,74.5963,57.3749,70.1355,69.0626,61.9712,52.1909,100.0
2022-03-04,64.3,68.84,64.13,65.09,1619959,20.1774,5.4576,55.0792,69.7525,84.4258,65.1016,67.5452,63.2398,47.0646,-8.65,46.0396,73.3442,57.7909,69.7525,69.1364,61.6675,69.3645,100.0
2022-03-11,64.55,65.61,60.97,61.05,924509,19.8007,5.3996,54.154,69.0105,83.867,64.4782,67.0641,62.5099,47.7325,-16.27,40.8154,72.1798,58.118,69.0105,69.0884,61.2737,84.8063,54.4188
2022-03-18,59.96,64.45,58.48,64.15,1529056,19.9367,5.4403,53.9006,68.3285,82.7564,64.4277,66.8482,63.0566,40.794,-3.37,45.8893,71.097,58.4544,68.3285,69.105,61.8737,84.3689,98.6881
2022-03-25,63.66,64.8,61.84,62.4,620784,19.959,5.2632,53.8404,67.453,81.0656,64.1158,66.5187,62.8377,47.792,-1.8,43.6161,70.0899,58.7769,67.453,69.05,62.2012,68.9053,53.6092
2022-04-01,62.36,66.97,62.36,63.8,677327,19.345,5.2165,54.0522,66.704,79.3558,64.0672,66.3173,63.1585,47.6176,4.45,45.9239,69.1533,59.104,66.704,69.06,62.585,83.3607,97.7849
2022-04-08,64.06,65.34,59.03,59.17,665886,19.4639,5.295,54.1401,65.674,77.2079,63.3138,65.7879,61.829,41.3915,-0.61,40.081,68.2822,59.3523,65.674,68.9012,62.4087,50.4647,0.0
2022-04-14,59.62,62.13,57.72,57.8,668849,19.823,5.2318,53.5267,64.856,76.1853,62.4655,65.1962,60.486,42.4872,-2.93,38.5193,67.4722,59.6078,64.856,68.7572,62.2975,32.595,0.0
2022-04-22,57.93,59.39,55.21,55.51,661522,20.6061,5.1566,52.4714,64.0505,75.6296,61.3954,64.4787,58.8273,43.971,-5.07,35.9947,66.7188,59.8,64.0505,68.5504,61.1212,-0.0,0.0
2022-04-29,55.06,56.32,53.44,54.32,1551774,21.6276,4.994,51.5681,63.114,74.6599,60.3069,63.7262,57.3249,43.7726,-4.37,34.7212,65.7981,59.9523,63.114,68.3164,59.775,-0.0,0.0
2022-05-06,54.37,56.44,50.72,51.57,1794832,22.9932,5.0459,50.2797,62.0845,73.8893,58.9628,62.8257,55.4066,43.1664,-13.35,31.9114,64.6859,60.0659,62.0845,68.0506,58.59,-0.0,0.0
2022-05-13,50.44,54.71,48.77,53.07,3273472,24.5354,5.1097,49.9081,61.051,72.1939,58.0562,62.1031,54.6277,33.0054,-12.02,35.0012,63.2893,60.2264,61.051,67.7646,57.205,15.5864,46.7593
2022-05-20,52.41,53.68,49.26,52.03,1545000,25.9674,5.0605,50.7805,59.7865,68.7925,57.1291,61.3569,53.7618,26.716,-9.02,33.8541,61.6922,60.3683,59.7865,67.4962,55.9087,31.4454,47.577
2022-05-27,52.02,55.22,50.34,55.09,1765008,26.7188,5.0479,50.679,59.165,67.651,56.8154,60.8927,54.2045,34.3942,-9.06,40.0769,60.2707,60.5378,59.165,67.2882,54.82,64.7788,100.0
2022-06-03,55.05,56.9,53.02,55.0,1247260,26.8147,4.9645,50.3644,58.705,67.0456,56.5361,60.4562,54.4697,33.46,-7.4,39.9578,59.0057,60.6938,58.705,67.1026,54.2987,82.0396,98.5418
2022-06-10,56.24,56.75,51.47,51.94,3318275,27.2008,4.9871,49.4979,58.3345,67.1711,55.829,59.8254,53.6265,21.8596,-11.86,36.0376,57.8797,60.8276,58.3345,66.75,53.5662,77.8767,35.0881
2022-06-17,50.28,53.67,48.5,51.95,1947048,28.0751,5.0001,48.7122,57.943,67.1738,55.2322,59.242,53.0676,21.0689,-7.22,36.0597,56.9,60.9666,57.943,66.3796,53.1212,56.3576,35.4429
2022-06-24,52.25,56.11,51.6,55.73,1798003,28.0289,4.9651,48.507,57.693,66.879,55.3088,58.9819,53.9551,29.3995,-2.07,43.937,56.75,61.142,57.693,66.1126,53.2975,56.8437,100.0
2022-07-01,54.04,54.4,50.31,52.07,2406464,28.2284,4.9976,47.8699,57.2675,66.6651,54.8105,58.4699,53.3267,24.2565,-3.44,38.9352,56.11,61.2597,57.2675,65.8706,53.36,57.375,36.6821
2022-07-08,51.5,53.91,51.05,53.23,764890,28.4136,4.8449,47.4618,56.9945,66.5272,54.5674,58.0818,53.2945,24.0587,-1.09,41.2192,56.11,61.3817,56.9945,65.5742,53.38,67.4258,65.5952
2022-07-15,53.06,53.96,48.2,51.36,1509128,29.1151,4.9106,47.2159,56.3165,65.4171,54.0739,57.5838,52.6497,23.3778,-0.21,38.7059,55.1968,61.4957,56.3165,65.2062,53.2962,45.2902,33.5934
2022-07-22,51.78,55.02,50.98,54.91,1260118,29.3608,4.8485,47.6352,55.8075,63.9798,54.2026,57.3858,53.4031,28.0128,1.84,45.4997,48.195,61.6357,55.8075,64.8712,53.2737,66.3962,100.0
2022-07-29,54.89,59.06,53.26,58.91,953546,28.2243,4.9161,47.7527,55.7005,63.6483,54.9268,57.4987,55.2387,31.7373,6.88,51.9608,48.195,61.7988,55.7005,64.6072,53.7625,77.8645,100.0
2022-08-05,58.32,61.1,55.56,57.89,1701017,26.5779,4.9606,48.355,55.3875,62.42,55.3827,57.5277,56.1225,38.7469,2.8,50.3225,48.4122,61.9784,55.3875,64.2926,54.5062,95.88,87.64
2022-08-12,58.25,58.9,55.26,56.41,1416891,25.1263,4.8663,48.8054,55.088,61.3706,55.5407,57.4449,56.2183,39.1654,1.41,47.9596,48.7928,62.1658,55.088,63.9218,55.0637,85.8179,69.8136
2022-08-19,56.52,57.78,54.55,54.77,894975,23.9673,4.7494,49.7892,54.6365,59.4838,55.4221,57.2467,55.7356,43.0721,2.83,45.4149,49.162,62.2942,54.6365,63.5158,54.9437,52.4845,0.0
2022-08-26,53.84,55.48,52.81,53.73,1251093,23.3421,4.6009,49.9765,54.3645,58.7525,55.1618,56.9862,55.067,43.5114,1.78,43.8268,49.5202,62.4172,54.3645,63.1124,55.1512,23.2712,0.0
2022-09-02,53.29,53.53,48.56,48.66,1543178,23.6952,4.6415,49.157,53.9075,58.658,54.1615,56.3695,52.9314,36.1494,-7.07,37.0288,61.1,62.4738,53.9075,62.5878,54.58,-0.0,0.0
2022-09-09,48.52,52.11,48.52,51.67,605560,24.0311,4.5664,48.9294,53.7155,58.5016,53.7782,56.0214,52.5109,34.0415,-0.4,42.7102,60.9746,62.5395,53.7155,62.1322,54.6187,17.3255,51.9766
2022-09-16,51.73,52.29,46.46,47.06,1405497,24.7503,4.6567,47.7698,53.3525,58.9352,52.7446,55.3576,50.6939,37.6148,-6.17,37.1777,60.7255,62.5473,53.3525,61.6748,53.6375,17.9177,1.7765
2022-09-23,46.63,48.0,44.92,45.71,1196183,25.7019,4.5441,46.5889,53.0595,59.5301,51.6624,54.6429,49.0326,39.3115,-5.65,35.7186,60.2975,62.5305,53.0595,61.1752,51.9875,17.9177,0.0
2022-09-30,45.47,46.72,44.14,44.22,1005112,26.7253,4.4034,45.0862,52.617,60.1478,50.5174,53.8709,47.4284,31.0894,-10.69,34.1266,59.6824,62.5424,52.617,60.6046,50.2787,0.5922,0.0
2022-10-07,44.43,49.08,44.2,47.76,1493670,26.7358,4.4378,44.5818,52.4035,60.2252,50.0932,53.4182,47.5389,40.9877,-11.15,40.8698,58.9056,62.5195,52.4035,60.042,49.1975,26.1861,78.5583
2022-10-14,47.61,48.15,43.17,43.93,3842716,26.9654,4.4765,43.3102,51.8455,60.3808,49.145,52.7154,46.336,31.6632,-13.96,36.5146,58.1675,62.4687,51.8455,59.3648,47.8425,37.9908,35.4143
2022-10-21,44.45,46.9,44.18,45.76,1535654,27.1787,4.3693,42.585,51.3835,60.182,48.6242,52.2002,46.144,38.8265,-10.65,39.8147,57.2677,62.416,51.3835,58.6818,46.8462,66.1088,84.354
2022-10-28,45.58,49.06,45.05,48.98,918785,26.5126,4.3436,42.38,51.2355,60.091,48.679,51.9616,47.0893,37.3518,-5.79,45.2115,56.4218,62.374,51.2355,58.0858,46.8862,73.2561,100.0
2022-11-04,48.49,50.01,44.35,45.49,1784492,25.5377,4.4377,41.72,50.9125,60.105,48.1884,51.4823,46.5562,30.9289,-8.24,40.9278,55.6267,62.2894,50.9125,57.4002,46.1137,78.3662,50.7447
2022-11-11,45.49,49.47,44.53,48.78,1757622,24.6325,4.4735,41.6047,50.565,59.5253,48.2794,51.2821,47.2975,29.8699,0.12,46.1113,54.8793,62.2122,50.565,56.8926,46.3287,83.5816,100.0
2022-11-18,49.01,50.74,46.86,47.09,1823352,23.2955,4.4311,41.2606,50.316,59.3714,48.0964,50.9716,47.2283,38.3868,-4.58,43.9766,54.1768,62.1039,50.316,56.402,46.5012,72.2808,66.0976
2022-11-25,46.9,48.12,44.76,47.3,2246096,22.7182,4.3543,40.9768,50.0195,59.0622,47.9739,50.6996,47.2522,36.3947,0.24,44.3215,53.5164,61.9848,50.0195,55.887,46.8862,77.1898,65.4718
2022-12-02,47.06,50.37,46.29,49.88,2000494,21.338,4.3347,40.9237,49.9455,58.9673,48.2671,50.6389,48.1281,44.339,4.17,48.5155,52.8956,61.9018,49.9455,55.4414,47.1512,77.1898,100.0
2022-12-09,49.48,49.54,46.42,47.49,1797360,20.0564,4.2726,40.7928,49.5745,58.3562,48.1476,50.4056,47.9154,44.0007,3.27,45.1246,52.312,61.7716,49.5745,54.9164,47.5962,63.5882,25.2927
2022-12-16,47.31,50.23,44.7,44.97,1665187,19.4389,4.3626,41.0044,48.8775,56.7506,47.6587,50.003,46.9336,39.5217,-2.79,41.8067,51.7635,61.6223,48.8775,54.2694,47.4975,41.7642,0.0
2022-12-23,44.75,45.9,43.73,44.59,1279749,19.1697,4.206,41.3097,48.2125,55.1153,47.1866,49.602,46.1524,39.9062,0.66,41.3134,51.2479,61.4707,48.2125,53.8108,46.9487,8.4309,0.0
2022-12-30,44.5,45.92,43.68,45.47,634807,18.9368,4.0658,41.7905,47.6655,53.5405,46.9225,49.296,45.9249,43.4425,-0.29,42.991,50.7632,61.3661,47.6655,53.4362,46.9462,7.7645,23.2934
2023-01-06,46.19,47.43,45.05,46.95,1043602,18.0607,3.9453,42.3845,47.2745,52.1645,46.9267,49.1222,46.2666,47.6748,-2.03,45.7973,50.3076,61.1892,47.2745,53.1882,46.7175,41.0978,100.0
2023-01-13,47.86,50.29,47.45,49.78,819402,17.3595,3.9021,42.9933,47.077,51.1607,47.3657,49.1709,47.4378,46.2286,4.29,50.7861,43.17,61.0136,47.077,52.9882,47.0537,74.4311,100.0
2023-01-20,49.65,52.19,49.62,51.93,1042218,17.3044,3.8073,42.6821,47.2405,51.7989,48.0679,49.3753,48.9352,57.5278,3.15,54.2324,43.2412,60.9021,47.2405,52.8122,47.6325,100.0,100.0
2023-01-27,52.12,54.01,50.89,53.26,1351122,17.7642,3.7582,42.4132,47.32,52.2268,48.8667,49.663,50.3768,57.5799,6.17,56.2724,43.4202,60.8188,47.32,52.6658,48.055,100.0,100.0
2023-02-03,52.76,59.89,52.16,57.77,1675264,19.4431,4.0419,41.1655,47.8555,54.5455,50.2364,50.2636,52.8412,59.7114,10.47,62.3937,43.7379,60.8121,47.8555,52.6474,49.34,100.0,100.0
2023-02-10,57.14,58.46,55.82,55.82,903487,21.002,3.9418,40.9111,48.361,55.8109,51.0954,50.6751,53.8341,66.8627,5.94,58.5756,44.384,60.764,48.361,52.4654,50.6962,89.0357,67.1071
2023-02-17,56.07,58.31,55.52,55.56,1040066,22.3142,3.8595,41.1082,48.928,56.7478,51.7823,51.037,54.4094,59.8724,8.07,58.0654,45.0042,60.7056,48.928,52.2748,52.0675,71.3575,46.9654
2023-02-24,54.73,63.66,53.92,63.54,2034061,24.4205,4.2799,39.6627,49.717,59.7713,53.5912,51.9631,57.4529,61.2812,18.57,67.4396,45.5996,60.7065,49.717,52.3246,54.3262,71.3575,100.0
2023-03-03,63.94,66.0,61.88,65.73,2685314,26.6787,4.2686,38.9359,50.807,62.6781,55.4587,52.9829,60.212,73.6615,21.14,69.4575,46.5029,60.7306,50.807,52.3562,56.6737,82.3218,100.0
2023-03-10,65.64,67.61,63.24,63.3,2198314,28.9683,4.2761,38.8791,51.684,64.4889,56.665,53.7471,61.2413,74.7224,17.83,64.6685,47.6727,60.7121,51.684,52.3742,58.3637,85.9874,57.9622
2023-03-17,62.49,70.54,61.74,69.57,2471952,31.4098,4.5992,37.8056,52.7135,67.6214,58.6504,54.9192,64.0175,83.6788,22.62,70.3492,49.0686,60.7748,52.7135,52.4896,60.5687,85.9874,100.0
2023-03-24,69.38,70.08,67.93,68.86,1495144,33.6768,4.4247,37.8044,53.882,69.9596,60.2211,55.9518,65.6317,90.4294,19.08,68.9964,50.7863,60.7923,53.882,52.6834,62.5187,78.0493,76.1856
2023-03-31,69.11,72.51,68.32,72.11,1547038,36.027,4.4076,37.3202,55.0485,72.7768,62.0502,57.1487,67.7911,95.3555,20.18,71.681,52.3666,60.8634,55.0485,52.9696,64.3112,92.0619,100.0
2023-04-06,71.38,72.66,69.76,70.29,1250136,38.2244,4.3002,37.6962,56.2085,74.7208,63.3178,58.1222,68.6241,88.8738,17.03,68.1236,54.1792,60.9078,56.2085,53.2652,66.12,75.152,49.2705
2023-04-14,69.54,72.13,69.34,71.16,1296877,40.0494,4.1924,38.2743,57.4015,76.5287,64.5243,59.0879,69.4694,82.5072,13.39,68.9177,56.0273,60.9592,57.4015,53.602,68.07,57.1976,22.3225
2023-04-21,70.97,71.52,69.18,70.79,986313,41.6569,4.0601,38.7998,58.447,78.0942,65.4883,59.9548,69.9096,77.8965,14.97,68.1402,57.6905,61.0185,58.447,53.9864,68.9762,24.0203,0.4678
2023-04-28,70.95,71.94,68.3,69.05,1256431,42.6594,4.0301,40.0356,59.525,79.0144,66.0362,60.6285,69.6231,72.3015,13.49,64.4577,59.1875,61.0353,59.525,54.306,69.3912,7.5968,0.0
2023-05-05,68.63,69.55,65.56,68.23,1790990,42.2112,4.0269,42.0543,60.688,79.3217,66.3737,61.1916,69.1587,65.0457,4.69,62.7369,60.5347,61.0631,60.688,54.63,70.0075,0.1559,0.0
2023-05-12,68.49,68.84,66.78,67.6,955208,41.7949,3.8864,44.5283,61.8385,79.1487,66.5624,61.6663,68.6391,59.862,1.87,61.3811,61.7473,61.0842,61.8385,54.8802,69.7612,-0.0,0.0
2023-05-19,67.47,70.36,66.77,69.89,1065170,41.7452,3.8656,47.1516,63.0595,78.9674,67.0743,62.2754,69.0561,60.4688,6.59,64.3933,62.8385,61.1403,63.0595,55.178,69.89,14.8549,44.5646
2023-05-26,69.97,75.0,68.69,74.52,1648912,42.5204,4.0402,49.6115,64.438,79.2645,68.2198,63.1824,70.8774,65.8713,4.95,69.5624,63.8207,61.1898,64.438,55.6296,70.1912,48.1882,100.0
2023-06-02,75.12,76.16,71.5,74.61,1770604,43.4095,4.0844,51.8454,65.6795,79.5136,69.2029,64.0289,72.1216,66.0566,5.75,69.6547,65.0504,61.2312,65.6795,56.0828,70.7312,81.5215,100.0
2023-06-09,73.72,75.88,73.28,75.19,1776747,44.2351,3.9784,53.9486,66.8425,79.7364,70.124,64.8557,73.1444,65.1435,3.08,70.2796,66.3836,61.2923,66.8425,56.472,71.235,100.0,100.0
2023-06-16,75.67,78.49,74.33,74.44,2347753,45.3729,3.9914,56.2219,67.9015,79.5811,70.788,65.5656,73.5763,65.9496,4.15,68.3202,67.5567,61.395,67.9015,56.9194,71.6912,88.9044,66.7132
2023-06-23,73.71,74.83,71.6,71.73,1140354,45.1134,3.937,57.789,68.5995,79.41,70.9329,66.0222,72.9608,58.2986,0.57,61.6337,68.978,61.4318,68.5995,57.2894,72.0262,55.5711,0.0
2023-06-30,71.6,76.48,70.89,75.84,1209452,45.1623,4.0551,60.0778,69.6005,79.1232,71.6879,66.7495,73.9206,57.9193,5.05,66.9213,70.2146,61.4926,69.6005,57.779,72.9775,42.6234,61.157
2023-07-07,75.5,75.5,71.69,71.79,824494,45.2078,4.0618,63.3708,70.412,77.4532,71.7036,67.1228,73.2104,52.0969,2.74,58.3827,70.89,61.4939,70.412,58.1166,73.5012,20.3857,0.0
2023-07-14,71.36,76.48,71.36,74.97,1147460,45.4272,4.1374,64.4274,70.9835,77.5396,72.2061,67.7041,73.7969,58.3611,6.74,62.4355,70.89,61.5225,70.9835,58.4378,74.1362,33.98,40.7829
2023-07-21,74.63,75.67,72.18,73.47,1182134,45.631,4.0912,65.198,71.3705,77.543,72.4006,68.1312,73.6879,58.5596,5.87,59.4925,71.36,61.521,71.3705,58.7494,74.005,17.9267,12.9974
2023-07-28,73.57,74.72,72.0,74.06,794245,45.7179,3.993,66.8724,71.9085,76.9446,72.6559,68.5704,73.812,59.0322,4.17,60.2854,71.36,61.5121,71.9085,59.1024,73.9362,25.3548,22.2842
2023-08-04,74.47,75.07,62.45,63.8,1751700,42.8362,4.6092,65.5303,71.62,77.7097,71.2934,68.217,70.4746,57.7742,-10.72,44.1132,78.4899,61.3994,71.62,59.283,72.5125,11.7605,0.0
2023-08-11,63.67,64.18,61.1,62.63,1507867,40.5074,4.5,64.1435,71.3085,78.4735,69.9606,67.8032,67.8598,58.9054,-11.98,42.7063,78.3295,61.2867,71.3085,59.461,71.0362,7.4281,0.0
2023-08-18,62.26,63.1,60.03,61.03,1100336,38.6142,4.3978,62.3218,70.7545,79.1872,68.5866,67.3015,65.5832,58.7841,-14.16,40.7903,77.9849,61.1481,70.7545,59.7084,69.6987,-0.0,0.0
2023-08-25,61.15,64.28,61.15,64.18,972800,36.4695,4.3159,61.5417,70.449,79.3563,67.9087,67.0702,65.1154,58.4216,-10.26,45.9331,77.4463,61.0454,70.449,59.9586,68.2412,8.7932,26.3797
2023-09-01,64.24,67.86,63.96,67.07,1345512,34.2932,4.2862,61.2248,70.2445,79.2642,67.7797,67.0702,65.767,57.4652,-4.66,50.2063,76.9238,61.0168,70.2445,60.3588,67.6512,42.1266,100.0
2023-09-08,66.77,66.94,64.91,65.5,674560,32.2725,4.1343,60.7325,69.98,79.2275,67.429,66.9539,65.678,50.9577,-10.34,47.9874,76.417,60.9649,69.98,60.7546,66.4675,67.6049,76.4349
2023-09-15,65.79,66.93,63.53,65.42,1120359,29.9676,4.0818,60.3449,69.7985,79.2521,67.1199,66.8403,65.592,42.3463,-6.37,47.8713,75.9254,60.8916,69.7985,61.1786,65.4612,83.8789,75.2019
2023-09-22,65.18,65.65,61.57,62.27,836428,28.397,4.0817,59.5075,69.5005,79.4935,66.3737,66.5017,64.4847,30.613,-12.7,43.4171,75.4485,60.7554,69.5005,61.4688,63.9875,50.5456,0.0
2023-09-29,61.74,62.84,60.0,62.56,1309661,27.3617,3.993,58.8313,69.2485,79.6657,65.787,66.2098,63.8431,30.6703,-10.91,43.9343,74.9859,60.6031,69.2485,61.8414,63.8325,27.6067,7.6181
2023-10-06,62.6,67.42,61.62,65.0,2008906,25.7841,4.1224,58.4302,69.004,79.5778,65.6659,66.1202,64.2287,33.1826,-9.06,48.2227,74.3865,60.454,69.004,62.2262,64.1287,35.8727,100.0
2023-10-13,64.5,68.08,64.01,65.57,1309977,24.4899,4.1187,58.199,68.5565,78.914,65.6512,66.0794,64.6758,40.0616,1.77,49.2002,73.811,60.3219,68.5565,62.558,64.6962,69.206,100.0
2023-10-20,65.88,66.07,60.89,61.14,1485097,23.0749,4.1945,57.4362,67.883,78.3298,64.9571,65.7135,63.4972,32.2851,-1.49,42.4867,73.2586,60.1356,67.883,62.871,64.3162,66.6667,0.0
2023-10-27,60.84,61.67,59.02,59.49,1276380,22.2302,4.0842,56.6061,67.098,77.5899,64.116,65.2525,62.1615,32.5876,-1.54,40.2819,72.7283,59.9889,67.098,63.0852,63.3687,33.3333,0.0
2023-11-03,60.07,65.94,57.59,65.74,2442273,20.9914,4.3892,56.7176,66.663,76.6084,64.3659,65.2886,63.3543,42.6496,1.56,50.7148,72.0428,59.9301,66.663,63.4582,63.3987,33.3333,100.0
2023-11-10,65.86,70.07,65.25,70.03,1951434,20.7311,4.42,56.7793,66.578,76.3767,65.2373,65.6398,65.5795,52.8899,2.96,56.3515,71.1757,59.8999,66.578,63.9128,63.975,66.6667,100.0
2023-11-17,69.9,74.6,68.96,74.0,1763221,21.2812,4.5068,57.0075,66.486,75.9645,66.5854,66.2591,68.3864,61.5592,8.5,60.8176,57.59,59.9183,66.486,64.3952,65.4412,100.0,100.0
2023-11-24,73.69,74.35,68.87,72.28,924070,21.7643,4.5762,56.9746,66.5108,76.0469,67.4623,66.7055,69.6859,61.6157,6.865,58.0542,57.7601,59.9037,66.5108,64.8911,66.6569,95.5145,86.5434
2023-12-01,71.76,73.83,71.12,72.3,1560109,22.213,4.4433,57.2527,66.3773,75.5018,68.2065,67.1199,70.5573,63.1115,10.03,58.0721,57.9285,59.8535,66.3773,65.4377,67.5694,86.456,72.8247
2023-12-08,71.11,73.08,70.07,71.35,1490098,22.2887,4.3409,57.434,66.2713,75.1085,68.6901,67.4332,70.8215,55.631,8.79,56.4257,58.0952,59.8918,66.2713,65.9729,68.2919,53.6763,1.6608
2023-12-15,71.16,74.85,71.16,74.18,1841591,22.7063,4.2944,57.4187,66.2773,75.1358,69.5347,67.933,71.941,61.5531,9.18,60.0585,58.2603,59.9916,66.2773,66.5471,69.9219,52.4006,82.7164
2023-12-22,74.04,84.58,73.33,83.29,2742425,24.4942,4.7907,55.7916,67.2518,78.7119,71.6509,69.0705,75.724,69.7845,17.72,69.014,58.5921,60.231,67.2518,67.2739,72.8969,61.4591,100.0
2023-12-29,83.1,84.92,82.58,84.15,1212475,26.1926,4.6156,54.9284,68.3278,81.7271,73.5739,70.1875,78.5327,73.9425,23.01,69.7046,59.3716,60.4747,68.3278,67.9613,75.1981,94.2388,100.0
2024-01-05,82.31,82.31,75.98,80.0,2241628,25.914,4.8695,55.4004,69.2763,83.1521,74.5625,70.9144,79.0218,69.7745,20.51,62.4695,60.3935,60.6674,69.2763,68.5227,76.4444,81.8381,45.5142
2024-01-12,79.99,84.54,79.99,84.23,1884166,25.9879,4.8466,55.1775,70.2788,85.38,76.0498,71.9007,80.7579,70.2288,18.49,66.3082,61.3746,60.9039,70.2788,69.1421,77.7231,70.1014,64.7899
2024-01-19,83.14,86.99,82.6,85.72,1787585,26.4022,4.8144,54.7736,71.2113,87.6489,77.5375,72.9244,82.4119,71.3084,15.69,67.5666,62.3164,61.1742,71.2113,69.7011,79.4025,60.2513,70.4498
2024-01-26,86.91,88.99,84.89,85.24,2315476,27.0548,4.7633,54.9026,72.1983,89.4939,78.7225,73.8366,83.3546,77.7491,11.24,66.7023,63.5501,61.3774,72.1983,70.2895,81.02,64.5811,58.5035
2024-02-02,85.4,88.04,84.02,87.66,1590112,27.4177,4.7099,55.067,73.3103,91.5535,80.0975,74.8606,84.7897,82.2997,15.375,68.8648,65.0765,61.6031,73.3103,70.9315,83.0587,76.3178,100.0
2024-02-09,86.64,92.92,85.57,92.26,1912700,28.3939,4.8986,55.5416,74.8098,94.0779,81.9687,76.1494,87.2798,82.4636,19.96,72.5183,66.5113,61.9152,74.8098,71.5059,85.3187,86.1678,100.0
2024-02-16,92.01,92.49,84.82,90.47,2126705,29.086,5.0966,56.6474,76.2053,95.7631,83.2766,77.2102,88.3432,73.7175,19.12,69.1194,68.3599,62.1784,76.2053,72.0007,86.2162,80.5199,41.5596
2024-02-23,89.31,90.88,82.5,85.52,2409357,29.0741,5.3315,57.9818,77.2313,96.4807,83.6217,77.8258,87.4021,64.975,11.34,60.6533,70.0791,62.4096,77.2313,72.4451,86.3875,47.1865,0.0
2024-03-01,86.0,86.5,83.48,85.68,3059485,29.063,5.1664,59.4331,78.2368,97.0404,83.9384,78.4076,86.8281,59.5601,2.39,60.8203,71.678,62.6284,78.2368,72.7673,87.0975,14.3225,1.4079
2024-03-08,85.32,86.41,81.09,82.47,1613095,28.376,5.1774,62.1524,79.3033,96.4541,83.7125,78.7085,85.3754,54.2173,-1.68,55.7101,73.1649,62.8614,79.3033,73.0395,86.8775,0.4693,0.0
2024-03-15,82.11,83.35,78.37,79.03,2092692,27.0333,5.1633,65.7257,80.2803,94.8348,82.9921,78.7323,83.2603,52.8389,-0.97,50.7855,74.5478,63.0737,80.2803,73.1779,86.0412,0.4693,0.0
2024-03-22,79.16,87.69,79.08,84.55,2024469,26.5894,5.413,68.1954,81.2208,94.2461,83.2318,79.1632,83.6902,53.5018,0.32,57.3071,75.8338,63.3641,81.2208,73.4631,85.955,21.6634,64.9901
2024-03-28,84.8,86.55,84.17,86.15,1400251,26.1772,5.1964,69.9076,82.0268,94.1459,83.6807,79.6808,84.5101,51.5102,0.43,59.003,77.0299,63.6824,82.0268,73.7629,85.7662,48.9599,81.8895
2024-04-05,86.54,86.79,82.95,84.57,1427477,25.4583,5.0995,70.9723,82.5553,94.1382,83.8175,80.0429,84.5301,46.7954,-0.67,56.6116,78.1422,64.0124,82.5553,74.0385,84.805,72.5927,70.8985
2024-04-12,84.66,86.98,81.65,82.1,1670598,24.436,5.116,72.456,83.046,93.636,83.5533,80.1953,83.7201,47.5673,-5.56,52.9954,79.1766,64.3027,83.046,74.2995,83.7587,59.8938,26.8932
2024-04-19,82.37,83.51,80.0,82.32,1906392,23.048,5.0012,74.158,83.547,92.936,83.3636,80.3527,83.2534,40.8611,-9.94,53.2817,92.92,64.6056,83.547,74.5813,83.3587,34.1855,4.7647
2024-04-26,83.06,84.62,81.3,83.58,1506233,22.0192,4.8808,76.615,84.1585,91.702,83.3969,80.5918,83.3622,40.1713,-6.89,54.9729,92.7908,64.8905,84.1585,74.9009,83.0962,21.5248,32.9165
2024-05-03,83.96,84.18,77.41,81.47,2504280,20.814,5.0156,78.3663,84.523,90.6797,83.1004,80.6568,82.7315,31.4466,-4.05,51.604,92.6629,65.1552,84.523,75.1325,82.9712,12.5604,0.0
2024-05-10,81.66,86.38,81.48,85.64,2092511,19.4994,5.0081,78.4927,84.6405,90.7883,83.4911,81.0259,83.701,32.5915,-0.04,57.188,92.3578,65.4922,84.6405,75.3549,83.7975,44.3055,100.0
2024-05-17,85.77,91.76,85.07,90.5,1707233,19.385,5.1278,78.3089,84.958,91.6071,84.5694,81.7277,85.9673,31.9972,8.03,62.6037,92.0588,65.8777,84.958,75.6727,84.5412,66.6667,100.0
2024-05-24,90.14,92.98,90.0,92.9,1435967,19.4987,4.9744,78.5146,85.603,92.6914,85.851,82.5553,88.2782,38.6391,13.87,64.9609,77.4069,66.2494,85.603,76.0269,85.385,100.0,100.0
2024-05-31,93.32,93.69,86.72,87.33,1182247,18.7612,5.117,78.6609,85.758,92.8551,86.0786,82.909,87.9621,40.4678,2.78,56.1196,77.5626,66.602,85.758,76.2847,85.73,77.9359,33.8077
2024-06-07,87.81,89.41,84.69,85.46,1443878,17.6002,5.0886,78.6468,85.745,92.8432,85.9834,83.0979,87.1281,43.1773,-0.69,53.4876,77.8852,66.9243,85.745,76.5593,86.15,44.6026,0.0
2024-06-14,89.0,98.41,89.0,96.61,5709393,18.094,5.6501,77.7899,86.3135,94.8371,87.6183,84.0988,90.2887,58.178,12.04,64.253,78.2013,67.3768,86.3135,76.9747,87.9362,42.5459,93.8301
2024-06-21,97.07,100.79,93.98,95.22,11057139,18.8782,5.733,77.333,86.6915,96.05,88.7878,84.9226,91.9325,74.5097,13.12,62.3166,78.8075,67.7799,86.6915,77.4433,89.3912,56.9276,76.9528
2024-06-28,95.26,99.83,95.26,98.08,3171313,19.6063,5.6528,76.6393,86.9825,97.3257,90.2173,85.8972,93.9817,75.5388,15.76,64.6755,79.6868,68.1716,86.9825,77.9055,91.4675,90.261,100.0
2024-07-05,98.04,99.24,96.55,98.87,1114099,20.2825,5.4411,75.9088,87.4025,98.8962,91.5485,86.8582,95.6111,75.4649,15.29,65.3213,80.531,68.5814,87.4025,78.4135,93.1212,92.3176,100.0
2024-07-12,99.17,101.38,95.92,100.25,1896937,21.2328,5.4429,75.4017,88.139,100.8763,92.8872,87.8502,97.1574,79.357,18.78,66.4742,81.3413,69.0198,88.139,78.9373,94.34,100.0,100.0
2024-07-19,97.34,99.9,89.46,89.73,2441933,20.4824,5.8248,75.6383,88.3415,101.0447,92.4015,87.9894,94.6816,77.4376,4.09,52.2211,82.3435,69.3694,88.3415,79.4559,93.9437,66.6667,0.0
2024-07-26,90.17,94.07,86.39,87.67,2843929,19.1486,5.9573,76.1799,88.6015,101.0231,91.6736,87.9658,92.3444,75.3971,-2.83,49.962,83.2956,69.7088,88.6015,79.9567,93.9862,33.3333,0.0
2024-08-02,87.99,89.79,75.71,82.79,2454259,19.3371,6.5375,76.8485,88.7895,100.7305,90.3069,87.5824,89.1596,70.5503,-10.11,44.9961,101.385,70.0501,88.7895,80.3919,93.6525,0.0,0.0
2024-08-09,78.53,89.75,78.33,89.26,2452777,19.5121,6.8859,77.243,89.025,100.807,90.1458,87.7066,89.1931,75.9433,1.93,51.8319,101.1283,70.426,89.025,80.8935,92.7337,10.6089,31.8267
2024-08-16,89.07,91.95,87.3,91.35,1665820,19.2185,6.7264,77.5388,89.285,101.0312,90.3311,87.9765,89.912,75.7741,5.89,53.828,100.8741,70.8689,89.285,81.3791,92.25,43.9422,100.0
2024-08-23,91.42,92.25,84.53,90.41,2607509,19.3465,6.7974,78.0254,89.577,101.1286,90.3432,88.1568,90.078,70.2557,-6.2,52.7688,100.6224,71.3159,89.577,81.8773,91.2912,73.2779,88.007
2024-08-30,90.77,91.32,88.35,90.36,1732302,19.4654,6.5244,78.9583,89.99,101.0217,90.3458,88.32,90.172,70.4387,-4.86,52.7094,100.3733,71.7773,89.99,82.3761,90.2275,91.7805,87.3343
2024-09-06,89.7,89.7,84.59,84.84,1061352,20.1099,6.4705,79.3841,90.116,100.8479,89.4987,88.0622,88.3947,70.6907,-13.24,46.4865,100.1267,72.1481,90.116,82.8275,88.3012,58.4471,0.0
2024-09-13,85.02,88.41,84.09,88.02,1161602,20.7768,6.3169,79.9789,90.338,100.6971,89.2712,88.0591,88.2698,73.7582,-10.85,50.1386,99.8825,72.589,90.338,83.3367,88.0875,45.6933,49.7457
2024-09-20,88.0,97.82,87.62,94.43,2462574,19.4239,6.5945,81.3293,90.986,100.6427,90.0649,88.531,90.3232,71.449,-5.82,56.5723,99.6408,73.0757,90.986,83.9253,88.9325,49.9152,100.0
2024-09-27,94.43,96.5,92.3,94.87,1390610,18.1676,6.4235,81.9765,91.4475,100.9185,90.8041,89.0006,91.8388,61.1345,5.14,56.9826,99.4015,73.5346,91.4475,84.5113,90.4425,83.2486,100.0
2024-10-04,94.83,96.32,91.27,95.43,1307124,17.186,6.3254,82.0789,91.694,101.3091,91.5158,89.4768,93.0359,53.0016,7.76,57.5326,99.1646,74.034,91.694,85.1971,91.2137,100.0,100.0
2024-10-11,94.71,96.88,93.04,94.82,1374450,16.161,6.1475,82.0907,91.79,101.4893,92.0242,89.8726,93.6306,53.4085,12.03,56.6825,98.93,74.4944,91.79,85.9037,91.6475,96.1677,88.5031
2024-10-18,95.0,97.47,93.07,95.66,1377307,15.0848,6.0227,82.594,92.2065,101.819,92.5835,90.3013,94.3071,52.2938,6.4,57.6113,98.6978,74.9801,92.2065,86.5021,92.3037,96.1677,100.0
2024-10-25,95.19,112.15,93.62,103.44,5142772,16.1849,6.9161,82.8438,93.1055,103.3672,94.2537,91.2745,97.3514,66.1875,12.09,65.0798,75.71,75.5415,93.1055,87.1703,93.9387,96.1677,100.0
2024-11-01,104.71,113.12,101.58,104.0,11947692,17.3144,7.2465,82.2483,93.475,104.7017,95.7532,92.2172,99.5676,82.3763,13.59,65.5503,76.0744,76.0827,93.475,87.7703,96.3337,100.0,100.0
2024-11-08,104.01,105.45,103.37,103.65,13175060,18.3633,6.8775,81.8373,93.8965,105.9557,96.9681,93.064,100.9284,62.5566,13.29,64.9611,76.8153,76.6443,93.8965,88.3976,98.2875,97.7856,93.3567
2024-11-15,103.65,104.05,103.51,103.75,5258996,19.3372,6.4248,81.4906,94.18,106.8694,98.0114,93.8556,101.8689,54.4681,18.91,65.0578,77.5414,77.2321,94.18,89.0266,99.4525,95.7177,93.7965
2024-11-22,103.89,105.25,103.7,105.2,5471173,20.3994,6.0766,81.0611,94.4965,107.9319,99.1174,94.6959,102.9793,57.8941,17.18,66.5003,78.253,77.8382,94.4965,89.7036,100.7437,95.7177,100.0
2024-11-29,105.39,106.18,104.9,105.61,2139912,21.51,5.734,80.6825,94.7645,108.8465,100.1162,95.5044,103.8562,61.9855,11.18,66.9163,78.9503,78.4396,94.7645,90.3322,102.0162,97.9322,100.0
2024-12-06,105.55,106.23,105.07,106.17,3341439,22.5487,5.4076,80.8709,95.5865,110.3021,101.0476,96.2944,104.6275,63.2792,11.3,67.5096,79.6337,79.0318,95.5865,90.7898,103.435,100.0,100.0
2024-12-13,105.83,106.96,105.7,106.65,3193077,23.6197,5.1113,81.5391,96.5355,111.5319,101.9095,97.0615,105.3016,66.2974,11.22,68.0387,80.3034,79.6005,96.5355,91.2398,104.8087,100.0,100.0
2024-12-20,106.41,109.2,105.5,109.0,6863710,24.9358,5.0109,83.3096,97.846,112.3824,103.0003,97.9458,106.5344,69.5171,14.18,70.566,80.9598,80.1712,97.846,91.8198,105.5037,100.0,100.0
2024-12-27,108.9,109.25,108.5,109.01,1743582,26.1642,4.7065,84.0826,98.8335,113.5844,103.9249,98.7654,107.3596,69.3348,13.35,70.5767,81.603,80.7287,98.8335,92.3154,106.13,100.0,100.0
2025-01-03,108.31,110.0,108.31,109.65,1813258,27.417,4.4911,84.7006,99.7485,114.7964,104.8057,99.5717,108.1231,69.6391,6.21,71.2934,82.2333,81.2475,99.7485,92.794,106.88,100.0,100.0
2025-01-10,109.65,110.52,109.65,110.25,3617805,28.6601,4.2324,85.6701,100.7405,115.8109,105.6433,100.3627,108.8321,72.5947,6.25,71.9824,82.851,81.7918,100.7405,93.2942,107.6925,100.0,100.0
2025-01-17,109.99,110.57,109.95,110.41,4289168,29.8225,3.9744,86.9023,101.743,116.5837,106.3766,101.1069,109.358,73.874,6.76,72.1742,83.4564,82.3403,101.743,93.7492,108.3437,100.0,100.0
2025-01-24,110.5,110.94,110.26,110.38,4743913,30.9651,3.7387,89.9241,103.02,116.1159,106.9925,101.7938,109.6987,75.2013,6.63,72.0746,84.0497,82.8087,103.02,94.1116,108.94,97.9212,93.7635
2025-01-31,110.23,110.76,109.94,110.35,3190731,31.8701,3.5299,92.636,104.1365,115.637,107.5091,102.4276,109.9158,69.9576,5.15,71.9676,84.6311,83.2549,104.1365,94.5092,109.4625,90.1021,76.5428
2025-02-07,110.29,110.64,110.11,110.47,3827343,32.7104,3.3154,94.0359,104.9385,115.8411,107.9646,103.0233,110.1005,66.1667,4.86,72.1457,85.2009,83.7266,104.9385,95.0082,109.94,85.5029,86.2024
2025-02-14,110.43,110.9,110.19,110.85,3110189,33.5463,3.1293,95.5872,105.7375,115.8878,108.4085,103.6031,110.3504,84.1975,4.68,72.7364,85.7593,84.1394,105.7375,95.5116,110.1712,87.5817,100.0
2025-02-21,110.65,112.2,110.65,111.78,3240495,34.5955,3.0165,97.2594,106.555,115.8506,108.9272,104.2088,110.8269,93.5951,5.13,74.1797,86.3065,84.5686,106.555,96.0978,110.5175,95.4008,100.0
2025-02-28,111.75,111.95,111.42,111.6,3088316,35.5697,2.8389,99.5747,107.394,115.2133,109.3384,104.7563,111.0846,93.3178,2.6,73.3701,86.8427,84.9635,107.394,96.7492,110.7612,87.8009,63.4026
2025-03-07,111.59,111.73,110.78,111.24,4901889,36.0714,2.7044,102.3305,108.173,114.0155,109.6309,105.2365,111.1364,83.9418,2.23,71.6851,87.3683,85.373,108.173,97.283,110.885,54.4675,0.0
2025-03-14,111.1,111.59,111.0,111.35,3301125,36.5373,2.5533,102.9965,108.5685,114.1405,109.8954,105.6894,111.2076,83.9815,1.7,71.8974,87.8833,85.7749,108.5685,97.787,111.0025,23.972,8.5135
2025-03-21,111.3,112.31,111.3,111.75,5074334,37.1624,2.4431,103.6365,108.956,114.2755,110.1807,106.1383,111.3884,84.6063,1.5,72.6994,88.3881,86.1845,108.956,98.3306,111.1737,16.3908,40.6589
2025-03-26,111.95,111.98,111.69,111.85,1443441,37.7429,2.2893,104.5009,109.366,114.2311,110.4375,106.5614,111.5423,82.9083,1.44,72.9075,88.8827,86.6125,109.366,98.9256,111.3612,40.5726,72.5453
