date,open,high,low,close,volume,ad_14_chaikin a/d,adosc_14_adosc,adx_14_adx,adxr_14_adxr,apo_14_apo,aroon_14_aroon down,aroon_14_aroon up,aroonosc_14_aroonosc,atr_14_atr,bbands_20_real lower band,bbands_20_real middle band,bbands_20_real upper band,bop_14_bop,cci_20_cci,cmo_14_cmo,dema_14_dema,dx_14_dx,ema_12_ema,ema_14_ema,ema_26_ema,ht_dcperiod_14_dcperiod,ht_dcphase_14_ht_dcphase,ht_phasor_14_phase,ht_phasor_14_quadrature,ht_sine_14_lead sine,ht_sine_14_sine,ht_trendline_14_ht_trendline,ht_trendmode_14_trendmode,kama_14_kama,macd_14_macd,macd_14_macd_hist,macd_14_macd_signal,macdext_14_macd,macdext_14_macd_hist,macdext_14_macd_signal,mama_14_fama,mama_14_mama,mfi_14_mfi,midpoint_14_midpoint,midprice_14_midprice,minus_di_14_minus_di,mom_10_mom,natr_14_natr,obv_14_obv,plus_di_14_plus_di,ppo_14_ppo,roc_10_roc,rocr_14_rocr,rsi_14_rsi,sar_14_sar,sma_20_sma,sma_50_sma,stoch_14_slowd,stoch_14_slowk,stochf_14_fastd,stochf_14_fastk,stochrsi_14_fastd,stochrsi_14_fastk,tema_14_tema,trange_14_trange,trima_14_trima,trix_14_trix,ultosc_14_ultosc,willr_14_willr,wma_14_wma
2022-12-09,32.6,36.13,31.38,28.84,106000,-78328.4211,,,,,,,,,,,,-0.1263,,,,,,,,,,,,,,,0,,,,,,,,,,,,,,,,106000.0,,,,,,,,,,,,,,,,,,,,,
2022-12-16,32.14,33.64,26.76,24.44,17833086,-16097001.6013,,,,,,,,,,,,-0.7311,,,,,,,,,,,,,,,0,,,,,,,,,,,,,,,,-17727086.0,,,,,,32.5657,,,,,,,,,,6.2013,,,,,
2022-12-23,27.12,29.6,27.1,25.27,15499895,-19940975.5613,,,,,,,,,,,,0.368,,,,,,,,,,,,,,,0,,,,,,,,,,,,,,,,-2227191.0,,,,,,32.4813,,,,,,,,,,2.2534,,,,,
2022-12-30,28.16,29.87,27.88,25.84,4896448,-20949791.4809,,,,,,,,,,,,0.2563,,,,,,,,,,,,,,,0,,,,,,,,,,,,,,,,2669257.0,,,,,,32.3977,,,,,,,,,,1.7937,,,,,
2023-01-06,29.0,29.97,28.26,26.84,5260866,-16858006.8142,,,,,,,,,,,,0.4561,,,,,,,,,,,,,,,0,,,,,,,,,,,,,,,,7930123.0,,,,,,32.3149,,,,,,,,,,1.5413,,,,,
2023-01-13,30.5,32.01,30.03,28.74,7377656,-10374612.1475,,,,,,,,,,,,0.702,,,,,,,,,,,,,,,0,,,,,,,,,,,,,,,,15307779.0,,,,,,32.2329,,,,,,,,,,2.01,,,,,
2023-01-20,32.47,32.48,30.94,28.84,4755524,-8573976.8466,,,,,,,,,,,,-0.3042,,,,,,,,,,,,,,,0,,,,,,,,,,,,,,,,20063303.0,,,,,,32.1518,,,,,65.9575,91.0781,,,,1.3926,,,,,
2023-01-27,32.26,32.84,31.26,29.29,7241797,-4458796.964,,,,,,,,,,,,0.1524,,,,,,,,,,,,,,,0,,,,,,,,,,,,,,,,27305100.0,,,,,,32.0715,,,,,86.2624,93.1452,,,,1.4196,,,,,
2023-02-03,32.11,34.01,31.55,30.38,8995124,2269263.2636,,,,,,,,,,,,0.6463,,,,,,,,,,,,,,,0,,,,,,,,,,,,,,,,36300224.0,,,,,,31.992,,,81.7213,92.944,92.944,94.6087,,,,2.2173,,,,,
2023-02-10,33.29,35.79,32.98,31.26,10530476,4480288.4736,5700059.3399,,,,,,,,,,,0.4947,,,,,,,,,,,,,,,0,,,,,,,,,,,,,,,,46830700.0,,,,,,24.1201,,,89.5669,89.4943,89.4943,80.7292,,,,2.5328,,,,,
2023-02-17,34.67,35.99,34.61,31.64,10738351,1367722.9663,4827311.886,,,,,,,,,,,0.3116,,,,,,,,,,,,,,,0,,,,,,,,,,,,,,2.7942,,57569051.0,,,9.6875,,,24.2015,,,89.4496,85.9105,85.9105,82.3937,,,,1.2439,,,,,
2023-02-24,34.75,35.0,33.36,30.6,7108168,-653866.0979,3388199.4175,,,,,,,,,,,-0.4893,,,,,28.4992,,,,,,,,,,0,,,,,,,,,,,,,,6.1652,,50460883.0,,,25.2305,,,24.3663,,,82.907,73.3161,73.3161,56.8254,,,,1.5638,,,,,
2023-03-03,34.0,34.5,33.21,31.19,6845139,3856496.8091,3926568.9311,,,,,,,,,,,0.2171,,,,,28.9137,,,,,,,,,,0,,,,,,,,,,,,,,5.9196,,57306022.0,,,23.4217,,,24.5277,,,76.1956,69.3602,69.3602,68.8615,,,,1.1738,,,,,
2023-03-10,34.19,34.7,31.4,28.79,14522510,-8553648.1,-158832.2782,,,,,,,,,,,-0.7727,,,,,28.8948,28.7125,,,,,,,,,0,,,,,,,,,,,28.0365,28.3429,,2.9494,,42783512.0,,,11.4134,,,24.686,,,62.1515,43.7782,43.7782,5.6478,,,,3.0029,28.9038,,,-44.6934,29.6153
2023-03-17,31.03,31.8,30.12,27.95,10690240,-11608002.3857,-2787533.4749,,,,7.1429,0.0,-7.1429,2.1339,,,,-0.1845,,-5.3965,,17.4094,28.75,28.6113,,,,,,,,,0,28.7832,,,,,,,,,52.0672,28.0365,28.2798,27.2992,1.1118,7.6338,32093272.0,19.2034,,4.1419,0.9692,47.3018,24.841,,,47.1973,28.4534,28.4534,10.851,,,,1.5287,29.3143,,,-53.9172,29.5142
2023-03-24,30.94,32.0,30.55,28.23,7509986,-14249445.7375,-4449958.3514,,,,0.0,64.2857,64.2857,2.0758,,,,0.0552,,-3.549,,15.6591,28.6696,28.5601,,,,,,,,,0,28.7486,,,,,,,,,61.8869,28.4556,28.4331,25.974,-0.5171,7.3538,39603258.0,18.9408,,-1.799,1.1552,48.2255,24.993,,,28.0938,12.0498,12.0498,19.6507,,,,1.3194,29.6784,,,-52.5724,29.4579
2023-03-31,31.24,32.79,30.65,29.77,9558803,-5315984.9898,-1883034.8037,,,,0.0,57.1429,57.1429,2.0666,,,,0.6916,,6.4571,,8.7621,28.8395,28.7219,,,,,,,,,0,28.8245,,,,,,,,,72.1629,28.7395,28.7846,24.1136,0.9307,6.9409,49162061.0,20.2283,,3.2267,1.1781,53.2286,25.1419,,,23.1978,29.0901,29.0901,56.7686,,,,1.9473,29.9098,,,-36.4667,29.5718
2023-04-06,32.5,32.78,31.4,28.77,5634393,-9153904.8594,-1882901.056,,,,0.0,50.0,50.0,2.0087,,,,-0.6377,,-0.2591,,8.7621,28.8292,28.7287,,,,,,,,,0,28.8225,,,,,,,,,67.709,29.2398,28.9558,22.9709,-0.5209,6.9811,43527668.0,19.2698,,-1.7783,1.1134,49.8705,25.2879,,,25.8433,36.3901,36.3901,32.7511,,,,1.2557,29.9833,,,-52.6256,29.5093
2023-04-14,31.5,33.78,31.28,30.47,5200685,-5159778.7794,-440815.2196,,,,0.0,42.8571,42.8571,2.0277,,,,0.796,,10.1218,,0.0071,29.0823,28.9615,,,,,,,,,0,28.9016,,,,,,,,,67.8615,29.7956,29.7535,21.027,0.0991,6.6537,48728353.0,21.024,,0.3261,1.1353,55.0609,25.4309,,,42.0041,60.5321,60.5321,92.0765,,,,2.2749,29.951,,,-36.5788,29.6459
2023-04-21,33.5,33.59,31.94,29.7,9672288,-6625276.9612,-277091.779,,,,0.0,35.7143,35.7143,1.9901,24.9596,28.8439,32.7282,-0.5212,41.5546,4.8096,,0.0071,29.1775,29.0601,,,,,,,,,0,28.911,,,,,,,,,60.4573,29.7956,29.9238,19.834,-1.5577,6.7004,39056065.0,19.8312,,-4.9833,1.0333,52.4048,25.5711,28.8439,,53.3667,63.1778,63.1778,64.7059,,,,1.5014,29.825,,,-54.426,29.6447
2023-04-28,32.67,33.59,32.16,30.53,5008163,-1897290.9122,1319435.3513,,,,57.1429,28.5714,-28.5714,1.9409,24.9751,28.9282,32.8813,0.6154,57.2057,9.8249,,0.0071,29.3855,29.256,,,,,,,,,0,28.9419,,,,,,,,,60.6186,29.7956,29.9238,18.8366,-1.1082,6.3575,44064228.0,18.8339,,-3.5029,1.0585,54.9125,25.7085,28.9282,,68.9515,83.1447,83.1447,92.6518,86.0939,97.1397,,1.3012,29.6862,,,-37.9687,29.7448
2023-05-05,33.62,33.97,31.16,29.44,9011362,-3276253.7805,1413850.5055,,,,50.0,21.4286,-28.5714,1.9849,25.803,29.1783,32.5535,-0.452,25.3925,2.1797,,9.1418,29.3934,29.2801,,,,,,,,,0,28.9443,,,,,,,,,53.8594,29.7956,29.9238,20.4478,-1.1636,6.7428,35052866.0,17.0223,,-3.8026,1.0049,51.0898,25.8431,29.1783,,70.9638,66.5688,66.5688,42.3488,60.5915,23.4926,,2.557,29.5749,,,-59.6706,29.6832
2023-05-12,32.35,33.65,30.99,28.71,8091186,-7960624.6227,-166538.609,,,,42.8571,14.2857,-28.5714,2.016,26.4744,29.35,32.2256,-0.3008,-6.3646,-2.684,,10.6364,29.2882,29.204,,,,,,,,,0,28.94,,,,,,,,,46.8544,29.7956,29.9238,19.1925,-2.4842,7.0222,26961680.0,15.5022,,-7.9638,0.9451,48.658,25.975,29.35,,66.9926,51.2642,51.2642,18.7919,40.2108,0.0,,2.4205,29.4961,,,-74.1386,29.5233
2023-05-19,31.6,31.83,30.8,28.39,6399792,-9390464.5481,-1252870.6222,,,,35.7143,7.1429,-28.5714,1.939,27.043,29.4775,31.9119,-0.3884,-67.3408,-4.8187,,12.3705,29.1501,29.0956,,,,,,,,,0,28.9197,,,,,,,,,39.3101,29.7956,29.9238,19.1654,-0.4004,6.8295,20561888.0,14.9457,,-1.3906,0.9082,47.5907,26.1043,29.4775,,47.4728,24.5854,24.5854,12.6155,7.8309,0.0,,0.9372,29.4309,,,-80.4683,29.3367
2023-05-26,31.25,31.9,30.55,28.27,6752708,-10934527.3504,-2074674.5536,,,,28.5714,0.0,-28.5714,1.8881,27.3564,29.549,31.7416,-0.1335,-90.3011,-5.6465,,14.7177,29.0151,28.9858,,,,,,,,,0,28.8891,,,,,,,,,30.7238,29.5737,29.4918,19.1357,0.3185,6.6782,13809180.0,14.2257,,1.1393,0.8936,47.1767,26.231,29.549,,30.4623,15.5374,15.5374,15.2047,0.0,0.0,,1.2269,29.3834,,,-79.2576,29.1617
2023-06-02,30.9,31.69,30.15,29.13,5402052,-5602631.8699,-525748.095,,,0.2163,21.4286,14.2857,-7.1429,1.8544,27.3974,29.5681,31.7389,0.5065,-70.3677,1.0484,,13.1408,29.0323,29.0046,28.8978,,,,,,,,0,28.8932,,,,,,,,,36.1335,29.5737,29.4918,18.0548,0.9,6.3665,19211232.0,13.8608,0.7483,3.1884,0.9518,50.5242,26.3552,29.5681,,21.3634,23.9674,23.9674,44.082,28.5152,85.5455,,1.4159,29.3629,,,-58.7547,29.1326
2023-06-09,31.71,32.47,31.21,29.27,5754361,-5602631.8699,155698.9194,,,0.3097,14.2857,7.1429,-7.1429,1.8047,27.4397,29.5897,31.7397,0.1032,-23.5224,2.1975,29.1366,3.1796,29.0695,29.0405,28.9257,,,,,,,,0,28.9025,,,,,,,,,35.2639,29.2415,29.4918,17.1987,-0.4998,6.1647,24965593.0,16.1387,1.071,-1.6788,0.9385,51.0988,26.4769,29.5897,,25.7091,37.6226,37.6226,53.5811,61.8485,100.0,,1.1585,29.3371,,,-55.2249,29.1372
2023-06-16,31.88,34.14,31.74,30.58,6566826,-3851478.2699,977503.4872,9.1452,,0.2694,7.1429,0.0,-7.1429,1.8334,27.4666,29.654,31.8413,0.575,63.9741,11.9681,29.5068,14.2315,29.3018,29.2457,29.0482,,,,,,,,0,28.9444,,,,,,,,,44.7909,29.2668,29.3983,15.6743,1.8067,5.9954,31532419.0,20.8759,0.9243,6.2791,1.0621,55.9841,26.5961,29.654,,40.042,58.536,58.536,77.9449,95.1818,100.0,,2.2066,29.3388,,,-20.3251,29.3342
2023-06-23,32.75,32.77,31.47,29.1,4000267,-6743979.0238,304491.1626,9.2756,,0.0661,0.0,92.8571,92.8571,1.82,27.4163,29.5902,31.764,-0.8462,-17.5158,-0.205,29.4356,10.9711,29.2706,29.2262,29.052,,,,,,,,0,28.9466,,,,,,,,,47.751,29.4032,29.5544,15.635,-1.3752,6.2543,27532152.0,19.4885,0.2256,-4.5126,1.041,49.8975,26.713,29.5902,,50.844,56.3733,56.3733,37.594,76.964,30.8919,,1.6457,29.3034,,47.6492,-62.406,29.3167
2023-06-30,31.51,33.25,31.38,30.0,7034780,-4386479.0238,751600.5604,9.7262,,0.0084,71.4286,85.7143,14.2857,1.8124,27.4811,29.5272,31.5733,0.6005,25.1917,6.4613,29.6003,15.584,29.3829,29.3294,29.1222,,,,,,,,0,28.9697,,,,,,,,,47.6858,29.426,29.5544,14.55,0.2993,6.0414,34566932.0,19.9221,0.0286,1.0077,1.0628,53.2306,26.8275,29.5272,,58.0469,59.2314,59.2314,62.1554,61.8847,54.7623,,1.7147,29.2646,,54.4095,-37.8446,29.4085
2023-07-07,32.65,32.9,30.9,29.36,4743240,-4255713.0087,907788.9952,9.7083,,-0.1814,64.2857,78.5714,14.2857,1.814,27.6105,29.4132,31.2159,-0.3609,-7.8143,1.2784,29.571,9.4754,29.3789,29.3331,29.1396,,,,,,,,0,28.9726,,,,,,,,,39.5967,29.426,29.5544,15.254,-1.1724,6.1792,29823692.0,18.4473,-0.6139,-3.8401,0.986,50.6392,26.9398,29.4132,,53.1387,43.8114,43.8114,31.6847,32.6135,12.1862,,1.8342,29.2345,,53.931,-55.3885,29.3976
2023-07-14,31.78,33.17,31.44,30.37,6803750,1450025.4639,2704620.233,9.8922,,-0.1883,57.1429,71.4286,14.2857,1.7984,27.6269,29.4016,31.1763,0.7205,64.1273,8.7927,29.7969,12.2836,29.5311,29.4711,29.2306,,,,,,,,0,29.002,,,,,,,,,46.648,29.426,29.5544,14.265,0.9309,5.9219,36627442.0,18.2603,-0.6358,3.1625,1.0554,54.3963,27.0498,29.4016,,52.0729,53.176,53.176,65.6878,46.9543,73.9144,,1.5952,29.2664,,59.4113,-27.8195,29.5255
2023-07-21,33.03,33.86,32.76,31.09,4775414,5750058.8847,4562005.443,10.5592,,-0.2282,50.0,64.2857,14.2857,1.7425,27.6428,29.3962,31.1495,0.7059,167.1702,13.8029,30.1552,19.2295,29.7702,29.6863,29.368,15.6467,,0.9703,0.582,,,,0,29.0221,,,,,,,0.3069,5.6124,46.4778,29.6788,29.5544,13.6576,2.376,5.6055,41402856.0,20.1607,-0.7683,8.2763,1.02,56.9014,27.1575,29.3962,,54.0529,65.1715,65.1715,98.1419,62.0335,100.0,,1.0159,29.3423,,57.9547,-8.2707,29.7338
2023-07-28,33.76,34.49,33.53,31.11,3901692,4368209.6347,4467437.7727,11.5894,,-0.1585,42.8571,100.0,57.1429,1.6811,27.6317,29.5122,31.3928,0.0833,182.3306,13.9985,30.4477,24.9824,29.9767,29.8765,29.4972,17.1585,,0.7539,-0.6552,,,,0,29.0679,0.501,0.1848,0.3162,-0.1585,-0.1711,0.0126,0.3347,5.8674,54.4761,29.6926,29.7153,13.1344,2.7221,5.4031,45304548.0,21.8825,-0.5324,9.588,1.0475,56.9993,27.2632,29.5122,,66.749,81.8995,81.8995,81.8689,91.3048,100.0,,0.8826,29.4751,,56.959,-14.977,29.94
2023-08-04,33.91,34.21,31.78,30.25,5089877,3970235.7129,3895992.2259,10.9677,,-0.0254,35.7143,92.8571,57.1429,1.7206,27.8644,29.627,31.3896,-0.4156,80.4587,5.8874,30.4642,2.8854,30.0186,29.9261,29.5529,18.5651,,0.296,-0.386,,,,0,29.0757,0.4839,0.1341,0.3498,-0.0254,-0.0111,-0.0142,0.3636,6.1112,48.3485,29.6926,29.7153,18.702,1.9762,5.6881,40214671.0,19.8134,-0.0852,6.9897,0.9908,52.9437,27.3667,29.627,,75.208,78.5531,78.5531,55.6485,78.7445,36.2335,,2.2342,29.6096,,53.896,-36.6359,30.0175
2023-08-11,33.01,35.23,32.44,32.3,6778628,10262940.5588,5310262.2053,11.0833,,0.2603,28.5714,100.0,71.4286,1.7809,27.8364,29.8306,31.8247,0.7599,180.7295,20.3637,30.983,12.5863,30.3694,30.2425,29.7563,19.713,,0.297,0.1149,,,,0,29.23,0.6285,0.223,0.4055,0.2603,0.28,-0.0197,0.3937,6.373,58.1522,30.2856,30.0555,16.7444,3.172,5.5138,46993299.0,21.5663,0.8733,10.8902,1.0972,60.1818,27.4682,29.8306,,79.5823,78.2941,78.2941,97.365,78.7445,100.0,,2.5652,29.8003,,64.5468,-1.9685,30.3711
2023-08-18,34.92,35.55,33.0,30.87,4081449,8038150.7117,4698188.4087,11.3945,,0.5065,21.4286,100.0,78.5714,1.8212,27.8407,29.8856,31.9305,-0.5255,139.5957,7.9361,31.0414,15.4401,30.447,30.3267,29.8391,20.6969,,0.3081,1.079,,,,0,29.28,0.6209,0.1723,0.4486,0.5065,0.4999,0.0066,0.4248,6.6181,60.8548,30.2856,30.2026,15.1803,1.5998,5.8987,42911850.0,20.724,1.7007,5.4648,1.0754,53.968,27.5676,29.8856,,74.589,66.9196,66.9196,47.7454,50.1285,14.152,,2.3445,30.0127,,59.3706,-36.4815,30.5073
2023-08-25,33.66,33.7,32.44,30.55,3535469,8943230.7757,4308666.566,11.2096,,0.6271,14.2857,92.8571,78.5714,1.7732,27.9768,29.9745,31.9723,-0.344,53.9498,5.2924,31.0022,8.8054,30.4631,30.3567,29.8919,21.9301,,1.1627,1.6224,,,,0,29.3186,0.5823,0.107,0.4753,0.6271,0.5582,0.0689,0.457,6.8574,62.8633,30.2856,30.2026,16.5534,-0.0276,5.8038,39376381.0,19.7501,2.106,-0.0902,1.0761,52.6462,27.7211,29.9745,,68.8015,61.1906,61.1906,38.4615,38.0507,0.0,,1.1493,30.2233,,60.6166,-42.963,30.5801
2023-09-01,33.45,35.2,33.25,32.38,3857477,11740054.7822,4647518.3083,12.1423,,0.8401,7.1429,85.7143,78.5714,1.7973,27.8207,30.0696,32.3184,0.7746,155.553,17.6051,31.4185,24.2674,30.7573,30.6258,30.0758,23.367,,1.4545,-0.5155,,,,0,29.5043,0.6908,0.1724,0.5184,0.8401,0.6787,0.1613,0.4902,7.1126,70.454,30.7372,30.2026,15.1457,3.2757,5.5514,43233858.0,24.8522,2.8169,11.2571,1.1451,58.8025,27.87,30.0696,,62.3995,59.0881,59.0881,91.0575,31.9495,81.6966,,2.1107,30.4525,,62.0213,-6.2432,30.8754
2023-09-08,34.86,35.09,33.78,32.46,2979420,14219114.1715,5152429.435,13.0084,,0.8556,0.0,78.5714,78.5714,1.7557,27.7385,30.2074,32.6764,0.0916,148.889,18.1302,31.7689,24.2674,31.019,30.8702,30.2523,25.1971,,0.6765,-0.8754,,,,0,29.6489,0.7746,0.2049,0.5696,0.8556,0.579,0.2766,0.5246,7.366,69.6333,30.7789,30.5497,14.3869,2.4582,5.4091,46213278.0,23.6071,2.8554,8.194,1.1144,59.0651,28.0145,30.2074,,64.7151,73.8665,73.8665,92.0804,55.6257,85.1806,32.038,1.2156,30.6689,,62.148,-5.3024,31.1427
2023-09-15,35.32,36.14,34.72,33.45,5346421,18887819.8335,6376078.5671,14.3654,11.7553,1.0068,28.5714,100.0,71.4286,1.7244,27.5085,30.3535,33.1986,0.5141,178.6615,24.3063,32.2915,32.0067,31.3932,31.2144,30.4893,26.7298,,0.9432,0.3946,,,,0,29.8844,0.9106,0.2728,0.6378,1.0068,0.5975,0.4094,0.5601,7.6269,69.7518,31.2754,30.9747,13.592,4.0947,5.155,51559699.0,26.3883,3.3366,13.948,1.1427,62.1531,28.1546,30.3535,,75.5275,93.6279,93.6279,97.7458,88.9591,100.0,32.6794,1.3176,30.892,0.3614,65.8349,-1.6309,31.5107
2023-09-22,36.04,36.22,34.02,31.64,6548314,12814666.9401,4364651.9671,14.981,12.1283,1.0123,21.4286,100.0,78.5714,1.7474,27.5985,30.4638,33.3291,-0.8798,113.1983,8.2755,32.2543,22.9836,31.4315,31.2714,30.5747,27.1067,,0.9543,-1.8246,,,,0,29.9055,0.8625,0.1797,0.6828,1.0123,0.4651,0.5472,0.5967,7.867,60.0828,31.2754,31.0141,15.1275,1.2739,5.5224,45011385.0,24.1563,3.3402,4.1948,1.0347,54.1377,28.3698,30.4638,,82.2438,79.2369,79.2369,47.8846,66.9566,15.6892,32.5089,2.0461,31.1072,0.3806,60.7822,-37.9236,31.5976
2023-09-29,33.96,34.14,33.27,30.94,6660682,7225818.8251,1366739.2335,14.9104,12.3183,1.0992,14.2857,92.8571,78.5714,1.6803,27.8203,30.5752,33.33,-0.7126,41.368,2.7157,32.04,13.993,31.3554,31.2268,30.6015,26.9847,,-0.2491,0.387,,,,0,29.9279,0.7587,0.0607,0.698,1.0992,0.4123,0.6869,0.6342,8.0977,57.6673,31.4041,31.0141,17.5935,-0.1485,5.4313,38350703.0,23.3183,3.6217,-0.4776,1.0631,51.3578,28.632,30.5752,,75.1405,52.5565,52.5565,12.0392,38.5631,0.0,32.1135,0.8073,31.3039,0.385,54.4496,-51.4869,31.5804
2023-10-06,33.18,33.3,30.62,29.67,8708069,7371764.1156,62508.5046,14.6205,12.1644,1.0068,100.0,85.7143,-14.2857,1.7408,28.0354,30.6394,33.2433,-0.4469,-56.4986,-6.5334,31.5453,10.8519,31.0968,31.0198,30.5329,27.7853,,1.0111,2.9258,,,,0,29.9263,0.568,-0.1039,0.672,1.0068,0.2051,0.8016,0.6726,8.3135,47.2748,31.4041,31.011,25.9576,-1.438,5.8664,29642634.0,20.8753,3.3133,-4.6219,0.9891,46.7333,33.6138,30.6394,,53.2929,28.0851,28.0851,24.3316,5.2297,0.0,31.3596,2.5286,31.4221,0.3687,57.3177,-75.6684,31.3774
2023-10-13,31.6,33.61,31.51,30.06,5293670,6565109.6394,-733385.8092,14.1401,12.0162,0.9375,92.8571,78.5714,-14.2857,1.7557,28.3428,30.729,33.1152,0.381,-32.5992,-3.4358,31.2375,7.895,30.938,30.8925,30.4982,29.1221,,1.7773,0.6596,,,,0,29.9276,0.4433,-0.1829,0.6262,0.9375,0.0606,0.8769,0.7119,8.531,53.7733,31.5631,31.011,23.8812,-0.184,5.8397,34936304.0,20.3863,3.0868,-0.6084,1.0241,48.2821,33.5618,30.729,,34.4571,22.7297,22.7297,31.8182,3.3481,10.0443,30.9201,1.9486,31.5161,0.3422,55.1228,-68.1818,31.2295
2023-10-20,32.7,33.15,30.17,28.22,7274111,464636.7167,-2933367.0666,14.4207,12.4899,0.7533,100.0,71.4286,-28.5714,1.8275,28.1471,30.6835,33.22,-0.7697,-117.0492,-15.9115,30.5258,18.0687,30.5196,30.5359,30.3293,29.9661,,1.8645,-2.6447,,,,0,29.8866,0.1932,-0.3464,0.5396,0.7533,-0.151,0.9043,0.7519,8.7279,44.8107,30.8347,30.8046,26.1828,-4.0809,6.4762,27662193.0,18.169,2.485,-12.6348,0.9292,42.0442,33.5102,30.6835,,23.6175,20.0378,20.0378,3.9637,3.3481,0.0,29.9431,2.7606,31.5144,0.2948,43.8635,-96.0363,30.8286
2023-10-27,30.25,31.04,28.84,26.86,7467774,-6254658.7958,-5704647.329,15.2993,13.4443,0.6122,100.0,64.2857,-35.7143,1.8424,27.5802,30.563,33.5458,-0.5923,-200.4155,-23.7001,29.6131,26.7205,29.957,30.0462,30.0725,31.141,,0.7399,-7.2926,,,,0,29.7203,-0.113,-0.5221,0.4091,0.6122,-0.2905,0.9026,0.7927,8.9092,37.519,30.1573,30.1875,28.9199,-4.0106,6.8585,20194419.0,16.7237,2.0289,-12.9902,0.8642,38.1499,33.3999,30.563,,18.4622,12.6191,12.6191,2.0755,3.3481,0.0,28.7414,2.0368,31.377,0.2251,36.1922,-98.5105,30.2676
2023-11-03,29.01,32.04,28.35,29.38,10488455,2073572.4102,-3669856.8409,15.3988,13.1833,0.371,100.0,57.1429,-42.8571,1.9554,27.4758,30.5029,33.53,0.7182,-119.4013,-4.3751,29.5045,16.6928,29.8679,29.9571,30.0211,31.198,,-1.666,-8.9619,,,,0,29.715,-0.151,-0.4481,0.2971,0.371,-0.4795,0.8505,0.8343,9.1139,41.8512,30.1573,29.9602,25.2794,-1.1741,6.656,30682874.0,18.047,1.2298,-3.843,0.9442,47.8125,33.2008,30.5029,,18.5486,22.989,22.989,62.9278,31.7883,95.3648,28.7322,3.424,31.1423,0.1638,42.8177,-57.9683,30.0821
2023-11-10,31.67,32.3,30.59,28.81,7525640,-1403185.2506,-3610060.275,15.3114,13.1974,0.1952,92.8571,50.0,-42.8571,1.9291,27.4323,30.4885,33.5447,-0.3626,-82.2217,-7.8643,29.2798,14.1756,29.7055,29.8044,29.9315,30.5542,,-3.4178,-5.3163,,,,0,29.7031,-0.2243,-0.4171,0.1928,0.1952,-0.5819,0.7771,0.8767,9.3109,49.1835,30.1573,29.9602,23.7851,-3.5632,6.6954,23157234.0,17.879,0.6471,-11.006,0.9525,46.0679,32.925,30.4885,,24.7954,38.778,38.778,51.3308,57.8371,78.1464,28.5481,1.5867,30.8153,0.1059,44.2241,-65.7143,29.8376
2023-11-17,30.87,33.77,30.82,31.15,7657405,5215927.546,-1151329.4014,14.2835,12.839,0.139,85.7143,42.8571,-42.8571,1.9868,27.4855,30.546,33.6066,0.9153,-6.8606,7.2002,29.6847,0.9205,29.9277,29.9838,30.0218,29.4859,,-3.8135,-1.2219,,,,0,29.7188,-0.0925,-0.2283,0.1357,0.139,-0.5417,0.6807,0.92,9.5293,49.5487,30.1573,29.9602,21.4316,-1.3084,6.3781,30814639.0,21.0406,0.4589,-4.0309,0.9644,53.6001,32.6603,30.546,29.6243,43.9855,70.1895,70.1895,96.31,91.1704,100.0,29.2459,2.7374,30.4672,0.0714,50.3837,-33.7143,29.9186
2023-11-24,33.4,34.28,33.06,31.52,3857938,7113274.1033,562882.5335,13.4972,12.3534,-0.0571,78.5714,35.7143,-42.8571,1.9257,27.6166,30.6543,33.692,0.4672,46.6058,9.364,30.1073,3.2751,30.1729,30.1888,30.1329,29.4616,,-3.7884,-0.2953,,,,0,29.7328,0.0413,-0.0755,0.1168,-0.0571,-0.619,0.5619,0.9641,9.7492,54.2805,30.1573,29.9602,20.527,-1.9301,6.1093,34672577.0,21.917,-0.1879,-5.7698,1.021,54.682,32.4061,30.6543,29.6779,63.2573,80.8044,80.8044,94.7723,92.7155,100.0,29.9155,1.1321,30.1765,0.0562,52.6543,-28.6349,30.06
2023-12-01,33.8,36.09,33.45,33.76,9440881,16361309.1456,4155536.5172,13.857,12.9996,-0.1268,71.4286,100.0,28.5714,1.9846,27.5033,30.8239,34.1445,0.8717,123.5052,21.2892,31.0072,18.5341,30.7249,30.6651,30.4016,28.8047,,-4.3896,4.9307,,,,0,29.8494,0.3244,0.166,0.1584,-0.1268,-0.5525,0.4257,1.0092,9.9893,61.3597,30.312,30.0477,18.4857,2.1188,5.8785,44113458.0,26.8969,-0.4148,6.6962,1.105,60.6446,26.3065,30.8239,29.8644,82.6321,96.9023,96.9023,99.6246,100.0,100.0,31.2082,2.75,29.9731,0.072,59.3403,-0.3754,30.4938
2023-12-08,35.57,36.3,34.94,33.61,6716924,19127101.3809,6127507.3566,14.2876,13.648,-0.2804,64.2857,100.0,35.7143,1.9338,27.4143,30.9502,34.4861,0.2426,134.9633,20.1504,31.6948,19.8857,31.1689,31.0579,30.6393,27.7663,,-1.6847,9.54,,,,0,29.8943,0.5305,0.2977,0.2328,-0.2804,-0.563,0.2826,1.0553,10.2256,62.6998,30.312,30.146,17.6124,2.6742,5.7535,37396534.0,26.3557,-0.9117,8.6442,1.0382,60.0752,26.3813,30.9502,30.0312,91.2034,95.9034,95.9034,93.3132,98.6979,96.0938,32.1245,1.2733,29.8748,0.1056,65.0207,-4.8769,30.8772
2023-12-15,35.9,39.21,35.66,35.56,11718231,22736514.3049,7525626.1434,15.8231,15.0942,-0.1455,57.1429,100.0,42.8571,2.0334,27.1047,31.1725,35.2402,0.5851,190.6727,29.4269,32.73,35.7848,31.8442,31.658,31.0037,26.5117,,0.6031,8.1698,,,,0,30.0494,0.8413,0.4868,0.3545,-0.1455,-0.3078,0.1623,1.1024,10.4789,66.3401,31.2108,31.5082,15.545,5.8836,5.7185,49114765.0,32.8704,-0.4702,19.8269,1.0955,64.7135,26.5334,31.1725,30.2255,95.2398,92.9137,92.9137,85.8033,98.6979,100.0,33.4795,3.3283,30.006,0.1642,68.8831,-11.0691,31.5083
2023-12-22,38.62,40.01,38.11,37.26,9687592,30282638.5996,9814475.546,17.5035,16.2422,0.0677,50.0,100.0,50.0,2.0239,26.696,31.5232,36.3503,0.6211,215.8784,36.3905,33.9819,39.3483,32.6778,32.4052,31.4673,25.1608,,2.6324,7.1537,,,,0,30.2938,1.2111,0.6853,0.5258,0.0677,-0.0185,0.0861,1.1507,10.7467,68.1049,32.0628,31.8827,14.4985,7.1978,5.4316,58802357.0,33.3106,0.2166,23.9412,1.1139,68.1952,26.8387,31.5232,30.4339,93.6298,92.0725,92.0725,97.101,98.6979,100.0,35.0689,1.9006,30.3778,0.249,68.519,-1.7629,32.3372
2023-12-29,39.85,40.85,39.66,37.61,4088908,29718061.3444,9678959.7617,19.3196,17.115,0.4362,42.8571,100.0,57.1429,1.9593,26.2836,31.7886,37.2937,0.2678,197.8527,37.7355,35.0668,42.9296,33.4364,33.099,31.9222,23.9381,,4.3831,4.0247,,,,0,30.8156,1.5147,0.7911,0.7236,0.4362,0.3696,0.0666,1.2,11.0153,73.833,32.236,32.2759,13.905,9.3908,5.2096,62891265.0,34.8243,1.3827,33.2794,1.1886,68.8678,27.2635,31.7886,30.6112,92.1143,91.3567,91.3567,91.1658,100.0,100.0,36.3478,1.1188,30.9796,0.3483,71.0181,-5.3325,33.176
2024-01-05,39.26,39.64,37.7,35.89,4631052,28110883.9151,8232241.4168,19.687,17.1538,0.6702,35.7143,92.8571,57.1429,1.9848,26.2734,32.0393,37.8051,-0.4781,125.2467,23.7242,35.4981,24.4628,33.8133,33.4706,32.2158,22.8529,,4.7845,1.2828,,,,0,31.0688,1.5979,0.6994,0.8984,0.6702,0.5704,0.0998,1.2503,11.264,74.7287,32.236,32.2759,19.3669,9.0229,5.531,58260213.0,31.9109,2.1077,33.5881,1.16,61.8621,27.8126,32.0393,30.752,88.435,81.8757,81.8757,57.3604,73.441,20.323,36.66,2.3172,31.7164,0.4374,63.985,-19.7616,33.7282
2024-01-12,38.33,39.43,37.94,36.41,5123253,29520638.0963,7340574.6591,20.0281,17.0841,1.1205,28.5714,85.7143,57.1429,1.9427,26.3088,32.3322,38.3555,0.3758,114.1595,26.1853,35.9594,24.4628,34.2128,33.8626,32.5266,21.8444,,4.7579,-0.3977,,,,0,31.5169,1.6867,0.6306,1.0561,1.1205,0.9179,0.2026,1.3016,11.5155,82.0962,32.236,32.2759,18.3705,7.0325,5.3356,63383466.0,30.2692,3.4982,23.9381,1.227,63.0927,28.3342,32.3322,30.8944,81.1661,70.2659,70.2659,62.2714,45.9627,17.5651,37.0265,1.395,32.5367,0.5181,63.6922,-15.3701,34.3032
2024-01-19,38.32,39.1,37.19,36.55,4781912,34002115.8345,7734401.6605,19.8628,17.1418,1.7176,21.4286,78.5714,57.1429,1.9317,26.2429,32.541,38.839,0.377,92.925,26.866,36.3489,17.7133,34.5725,34.221,32.8246,20.8801,,4.2433,-0.7306,,,,0,31.9239,1.7482,0.5537,1.1945,1.7176,1.3396,0.378,1.354,11.7659,76.9007,32.236,32.2759,19.7563,7.739,5.2849,68165378.0,28.2619,5.3273,26.8603,1.2157,63.433,28.8298,32.541,31.0179,69.6226,56.7261,56.7261,50.5464,20.1038,22.4233,37.3007,1.7882,33.3738,0.5887,63.3836,-14.1939,34.8328
2024-01-26,39.34,40.8,38.75,37.98,5646891,38382455.6326,8586129.764,20.3963,17.8478,2.1705,14.2857,71.4286,57.1429,1.9309,26.088,32.8172,39.5464,0.5997,114.2435,33.5928,37.0016,27.3326,35.0972,34.7227,33.2068,20.0189,,4.5601,-1.2161,,,,0,32.91,1.8908,0.557,1.3338,2.1705,1.5449,0.6256,1.4073,12.028,83.3538,32.4232,32.2759,18.3492,6.8331,5.0834,73812269.0,32.1526,6.6772,21.9358,1.3461,66.7964,29.3006,32.8172,31.1524,65.1271,68.3892,68.3892,92.3497,36.8072,70.433,37.9573,1.9201,34.2231,0.6584,67.0017,-2.1957,35.4916
2024-02-02,40.5,41.22,39.14,37.7,4780295,38796135.0076,8285631.9926,21.0484,18.2236,2.6247,7.1429,100.0,92.8571,1.932,25.9732,33.0298,40.0863,-0.1106,103.8707,31.0476,37.4394,29.5246,35.498,35.12,33.5398,19.3069,,3.8986,-3.87,,,,0,33.9483,1.9585,0.4998,1.4587,2.6247,1.6934,0.9313,1.4617,12.2848,89.5462,33.3976,32.4491,17.0248,6.181,5.1244,69031974.0,31.2894,8.0039,19.609,1.4035,65.5238,29.7478,33.0298,31.2737,66.0743,73.1077,73.1077,76.4268,55.6883,74.2085,38.3027,1.9474,35.0143,0.7198,67.0285,-7.2398,36.02
2024-02-09,39.94,40.41,38.32,37.8,10110180,48519322.4717,10503203.2799,21.102,18.2067,2.9671,0.0,92.8571,92.8571,1.9338,26.018,33.3375,40.6569,0.2057,83.0627,31.5159,37.7961,21.7997,35.8516,35.4768,33.8551,18.7798,,1.8181,-4.4415,,,,0,34.6608,1.9967,0.4304,1.5663,2.9671,1.6749,1.2921,1.5171,12.5399,78.4793,33.3976,33.4884,18.6338,4.0352,5.1164,79142154.0,29.0227,8.99,11.9523,1.2865,65.758,30.2785,33.3375,31.4176,74.6861,82.5616,82.5616,78.9082,72.2013,71.9625,38.5444,1.9567,35.6597,0.7712,68.0149,-7.7968,36.4576
2024-02-16,40.62,41.23,38.71,38.23,5168916,52047312.7575,11578097.2356,21.489,17.8862,3.243,0.0,100.0,100.0,1.9642,26.1739,33.7019,41.23,0.0833,84.5014,33.7455,38.1713,26.5192,36.217,35.8434,34.1789,18.4829,,0.3989,-2.3999,,,,0,35.4745,2.0383,0.3776,1.6607,3.243,1.5744,1.6686,1.5735,12.7968,78.3237,34.6884,33.5998,17.0317,4.6157,5.1383,84311070.0,29.3251,9.7427,13.7326,1.3268,66.8727,30.7773,33.7019,31.5582,79.1602,81.8113,81.8113,90.099,82.057,100.0,38.8272,2.3593,36.1754,0.8144,72.0465,-3.7439,36.8724
2024-02-23,40.48,42.03,40.06,38.54,2648200,52383378.7473,11072202.3747,22.1612,17.8292,3.3343,0.0,100.0,100.0,1.9556,26.5737,34.1455,41.7172,0.3503,90.9218,35.419,38.5333,30.9007,36.5751,36.2036,34.5023,18.4282,196.7417,0.1422,-0.2323,-0.8808,-0.2881,33.8895,1,36.0826,2.073,0.3298,1.7432,3.3343,1.3027,2.0316,1.6309,13.0542,77.43,35.0332,35.0136,15.8821,2.9866,5.0736,86959270.0,30.0868,9.9252,8.3992,1.2374,67.7095,31.3249,34.1455,31.7533,82.105,81.9422,81.9422,76.8194,90.6542,100.0,39.1033,1.8444,36.5815,0.8502,74.3129,-9.2834,37.2401
2024-03-01,41.19,41.85,40.04,39.3,4295374,55397259.9517,10817643.7353,22.8687,18.3628,3.5418,0.0,100.0,100.0,1.9381,26.9616,34.607,42.2524,0.4275,91.5114,39.3088,38.9921,32.0657,36.9936,36.6158,34.8573,18.5708,197.9023,0.6676,1.0814,-0.8902,-0.3074,34.1501,1,36.7389,2.1364,0.3146,1.8218,3.5418,1.1652,2.3766,1.6893,13.3166,77.7542,36.453,35.2945,14.879,2.0327,4.9322,91254644.0,28.9251,10.46,5.455,1.2466,69.6544,31.967,34.607,31.9801,83.4703,86.6574,86.6574,93.0539,100.0,100.0,39.5265,1.7105,36.9546,0.8824,76.2008,-2.9979,37.6373
2024-03-08,41.37,42.86,41.27,39.75,4746161,55367409.8825,9720586.203,23.9125,19.1001,3.6106,0.0,100.0,100.0,1.907,27.8183,35.1835,42.5487,0.434,102.9962,41.5999,39.455,37.4824,37.4174,37.0335,35.2196,18.8173,198.655,1.2569,0.4944,-0.8961,-0.3199,34.3914,1,37.2567,2.1979,0.3009,1.897,3.6106,0.9073,2.7033,1.7488,13.581,76.8796,36.6798,36.6085,14.0401,2.1399,4.7977,96000805.0,30.8756,10.5757,5.6899,1.1774,70.8,32.6494,35.1835,32.2106,84.3707,84.5123,84.5123,83.6637,100.0,100.0,39.9573,1.5026,37.2974,0.9114,71.7444,-9.7022,38.0209
2024-03-15,41.9,42.71,40.52,38.67,4070254,52799163.0534,7570930.8394,24.2895,20.0563,3.5272,0.0,92.8571,92.8571,1.919,29.3365,35.7739,42.2113,-0.4465,87.1326,29.1318,39.5398,29.1899,37.6103,37.2519,35.4753,19.0931,199.8455,1.0034,-0.0903,-0.9052,-0.3395,34.6068,1,37.4164,2.1351,0.1905,1.9446,3.5272,0.5565,2.9708,1.8092,13.8319,71.1221,37.6535,36.9432,15.6144,2.7852,4.9623,91930551.0,28.4878,10.2711,7.7613,1.1506,64.5659,33.435,35.7739,32.3885,83.0243,77.903,77.903,56.9913,66.6667,0.0,39.8593,2.0744,37.6027,0.9263,64.1119,-25.7389,38.2039
2024-03-22,40.97,43.0,40.13,40.02,5257205,55675055.684,6918316.6786,24.3437,20.9236,3.4061,0.0,100.0,100.0,1.9756,30.3283,36.3062,42.2841,0.4808,96.6992,36.6653,39.9243,25.0479,37.9815,37.6213,35.8122,19.3922,200.843,1.0071,0.1776,-0.9124,-0.3558,34.8196,1,37.6791,2.1694,0.1798,1.9896,3.4061,0.2477,3.1584,1.8706,14.0938,69.026,37.9544,37.7279,15.3984,3.6123,4.9363,97187756.0,25.6902,9.826,9.9212,1.1255,68.3326,34.1419,36.3062,32.6135,78.6981,73.679,73.679,80.382,53.474,60.4219,40.2144,2.7123,37.8714,0.9386,66.7007,-10.5579,38.5189
2024-03-28,42.29,42.5,41.04,39.71,3898474,57010149.5197,6447202.8625,24.394,21.8568,3.3873,28.5714,92.8571,64.2857,1.9331,31.7882,36.8511,41.914,-0.1849,95.0249,33.1477,40.1373,25.0479,38.2475,37.8999,36.101,19.729,205.9697,1.0146,0.0983,-0.9453,-0.4379,35.105,1,37.7813,2.1466,0.1256,2.021,3.3873,0.0938,3.2936,1.933,14.35,66.6345,37.9544,37.7279,14.6123,3.16,4.8679,93289282.0,24.3787,9.6778,8.6456,1.0657,66.5739,34.8564,36.8511,32.7982,73.2235,68.0884,68.0884,66.8919,30.8772,32.2096,40.3318,1.3798,38.136,0.9437,63.6142,-15.918,38.7498
2024-04-05,41.92,42.4,40.58,39.06,6699187,55832270.4867,5293585.4397,24.0607,21.8739,3.2471,21.4286,85.7143,64.2857,1.9179,32.8327,37.2465,41.6604,-0.3242,79.5891,25.8537,40.1274,19.7287,38.3723,38.0545,36.32,20.1093,207.0021,1.1683,0.5121,-0.9511,-0.454,35.3447,1,37.8124,2.0523,0.0251,2.0273,3.2471,-0.1156,3.3627,1.9963,14.597,58.3448,37.9544,37.7279,15.2962,1.0755,4.9102,86590095.0,22.815,9.1825,2.8315,1.0386,62.9268,35.4923,37.2465,32.9854,68.2653,63.0286,63.0286,41.8118,30.8772,0.0,40.1535,1.72,38.4059,0.9367,59.8085,-27.1256,38.8704
2024-04-12,41.59,41.99,39.12,37.22,5793728,51088277.1766,2830963.5827,22.6657,21.3469,3.0275,14.2857,78.5714,64.2857,1.9746,33.9813,37.5313,41.0813,-0.77,27.7637,7.869,39.6423,4.5304,38.1944,37.9426,36.3864,20.5312,211.8479,1.5172,-0.5472,-0.9738,-0.5277,35.6343,1,37.7994,1.8081,-0.1754,1.9834,3.0275,-0.342,3.3694,2.0605,14.8232,57.2384,38.2165,37.7279,18.7906,-0.4865,5.3058,80796367.0,20.5739,8.4953,-1.2903,1.0371,53.9345,36.0582,37.5313,33.1191,56.5284,38.4683,38.4683,6.701,10.7365,0.0,39.3414,2.7123,38.641,0.907,53.5994,-58.7992,38.7315
2024-04-19,39.66,39.73,37.8,36.21,10873708,46073976.5963,-29292.2328,21.5444,20.7036,2.5725,7.1429,71.4286,64.2857,1.9638,34.4844,37.6539,40.8235,-0.6943,-53.8006,-0.4582,38.9855,6.9679,37.8898,37.7122,36.3737,20.9625,214.9238,0.7912,-1.4895,-0.9846,-0.5725,35.8158,1,37.7902,1.5162,-0.3738,1.89,2.5725,-0.7224,3.2949,2.1254,15.0371,46.9909,38.1184,37.7279,22.0848,-1.5818,5.4228,69922659.0,19.2076,7.1569,-4.1852,0.9946,49.7709,40.637,37.6539,33.2547,40.3337,19.5043,19.5043,10.0,-0.0,0.0,38.3552,1.8239,38.7737,0.8553,48.6415,-76.0166,38.4463
2024-04-26,38.51,39.86,38.02,37.52,5961535,50966323.2539,359921.8003,20.4118,20.4041,2.1474,0.0,64.2857,64.2857,1.9478,35.2748,37.8493,40.4238,0.6467,-40.489,9.3528,38.7675,5.6875,37.8326,37.6863,36.4584,21.4699,218.0115,0.5603,-0.8851,-0.9926,-0.6158,35.9289,1,37.7865,1.3742,-0.4126,1.7868,2.1474,-1.0157,3.1631,2.191,15.2619,53.5,38.1184,38.1799,20.6751,-0.7083,5.1915,75884194.0,18.4499,5.9068,-1.853,1.0265,54.6764,40.5879,37.8493,33.4309,25.6716,19.0422,19.0422,40.4255,9.7314,29.1943,38.0547,1.7389,38.815,0.7992,51.7296,-63.4615,38.337
2024-05-03,39.97,40.22,37.74,36.98,23396727,53796572.4878,1386959.4065,19.1125,20.0804,1.787,100.0,57.1429,-42.8571,1.9761,35.5309,37.9204,40.3098,-0.3387,-58.9711,4.8001,38.4475,2.2222,37.7014,37.5921,36.4971,22.0682,221.1219,0.5678,-2.3055,-0.9977,-0.6577,35.9984,1,37.7744,1.2044,-0.466,1.6703,1.787,-1.1811,2.9681,2.2575,15.4791,38.3294,38.1184,38.1515,18.9219,-1.5653,5.3436,52487467.0,18.0992,4.8762,-4.0611,0.9736,52.4,40.5392,37.9204,33.6026,21.7659,26.7513,26.7513,29.8283,16.3929,19.9845,37.634,2.3437,38.769,0.7375,54.6098,-73.5741,38.1465
2024-05-10,39.26,40.69,37.87,37.57,16739898,59376538.4878,3456467.6629,17.9147,19.5084,1.3952,92.8571,50.0,-42.8571,2.0253,35.5592,37.9355,40.3119,0.1738,-35.9391,9.227,38.3268,2.343,37.6805,37.5886,36.5762,22.5272,226.4393,-0.469,-3.6861,-0.9997,-0.7246,36.1745,1,37.7733,1.1043,-0.4528,1.5571,1.3952,-1.3267,2.7219,2.3247,15.7,44.9484,38.1184,38.1515,17.1419,-1.7294,5.3913,69227365.0,17.9644,3.7725,-4.4012,0.9964,54.6135,40.4417,37.9355,33.7885,28.3254,39.1827,39.1827,47.2941,49.2988,98.7175,37.5203,2.665,38.6668,0.6777,54.0557,-61.7871,38.0438
2024-05-17,39.88,40.48,39.39,38.19,9039694,67255170.8731,6495697.9211,16.8024,19.1457,1.0948,85.7143,42.8571,-42.8571,1.9542,35.5907,37.9646,40.3384,0.4862,4.8187,13.8211,38.3779,2.343,37.7588,37.6687,36.6957,22.9786,231.3947,-1.7167,-3.7808,-0.9938,-0.7815,36.4279,1,37.7764,1.0631,-0.3952,1.4583,1.0948,-1.3568,2.4517,2.3927,15.9249,53.661,38.1184,38.1515,16.4959,-1.5593,5.1171,78267059.0,17.2875,2.9388,-3.923,1.0104,56.9105,40.3462,37.9646,33.9698,40.6036,55.877,55.877,90.5085,72.9007,100.0,37.6538,1.0301,38.496,0.6246,54.3388,-49.2395,38.0255
2024-05-24,40.28,40.56,39.45,38.01,5049942,69211454.7109,7770955.3459,15.8306,18.9959,0.7382,78.5714,35.7143,-42.8571,1.8895,35.8967,38.0707,40.2448,-0.0541,-2.3826,12.0628,38.3682,3.1965,37.7974,37.7142,36.793,23.8433,233.7283,-3.0691,-0.8974,-0.9884,-0.8062,36.6198,1,37.7777,1.0044,-0.3632,1.3675,0.7382,-1.4171,2.1552,2.4615,16.1457,48.9551,38.1184,38.1515,15.8413,-0.6615,4.9712,73217117.0,16.8875,1.9682,-1.7107,0.9943,56.0314,40.2526,38.0707,34.1445,56.3388,73.9568,73.9568,84.0678,93.0753,80.5085,37.6929,1.049,38.2723,0.5757,55.4831,-52.8517,37.9796
2024-05-31,40.7,40.72,38.31,37.44,4050783,69564427.5034,7698510.6041,15.3432,19.1059,0.4044,71.4286,28.5714,-42.8571,1.9172,36.0624,38.1224,40.1823,-0.4481,-44.6868,6.4693,38.2135,9.0068,37.7428,37.678,36.8412,25.0497,233.2232,-2.2692,3.3825,-0.9897,-0.801,36.6472,1,37.7726,0.9017,-0.3727,1.2744,0.4044,-1.4194,1.8238,2.531,16.3587,45.9153,38.1184,38.1515,18.5128,-2.58,5.1205,69166334.0,15.4535,1.0742,-6.4463,0.9714,53.2346,40.1609,38.1224,34.2817,69.685,79.2212,79.2212,63.0872,66.3372,18.5032,37.5254,2.2776,38.0378,0.5268,60.5797,-64.2586,37.8601
2024-06-07,39.34,39.71,37.93,36.21,5953670,63744547.8405,5117229.6256,14.8998,19.4062,0.0994,64.2857,21.4286,-42.8571,1.9016,35.9892,38.1054,40.2216,-0.7809,-97.3391,-4.6563,37.7772,9.1356,37.5073,37.4825,36.7945,25.6477,235.8023,-0.9386,3.8887,-0.9823,-0.8271,36.6179,1,37.6951,0.7128,-0.4493,1.1621,0.0994,-1.3746,1.474,2.6011,16.5572,41.3718,38.1173,38.1515,17.376,-3.499,5.2514,63212664.0,14.4669,0.2634,-8.8113,0.9215,47.6718,40.071,38.1054,34.424,69.1546,54.2857,54.2857,15.702,33.0039,0.0,36.9721,1.6985,37.827,0.471,56.9816,-89.0208,37.587
2024-06-14,37.74,39.22,37.29,36.27,8682397,61527479.0441,2890617.3696,14.9556,19.6225,-0.2407,100.0,14.2857,-85.7143,1.8976,35.7569,38.0197,40.2825,0.1396,-114.7305,-4.1114,37.4359,15.6812,37.3168,37.3207,36.7556,25.4634,244.4052,-0.1187,3.6898,-0.9432,-0.9019,36.7643,0,37.6063,0.5612,-0.4807,1.0419,-0.2407,-1.3516,1.1109,2.6719,16.7544,35.7932,38.1173,38.1095,18.4685,-2.7897,5.232,71895061.0,13.4615,-0.6373,-7.1423,0.9125,47.9443,39.9829,38.0197,34.5494,55.8887,34.1593,34.1593,23.6885,7.1508,2.9492,36.5826,1.8452,37.6488,0.4129,52.0992,-86.4089,37.3509
2024-06-21,38.01,38.36,37.3,36.22,5842785,62960614.9875,2172944.9406,15.0074,19.6755,-0.4915,92.8571,7.1429,-85.7143,1.8343,35.5529,37.9456,40.3383,-0.0472,-122.1144,-4.5574,37.1469,15.6812,37.1483,37.1741,36.716,24.7934,255.4957,1.0477,1.6931,-0.8617,-0.9681,37.023,1,37.5465,0.4322,-0.4877,0.92,-0.4915,-1.2619,0.7705,2.7432,16.949,35.3685,38.1173,38.1095,17.7407,-0.9946,5.0641,66052276.0,12.931,-1.3025,-2.6724,0.9366,47.7213,39.8509,37.9456,34.6866,36.3076,20.478,20.478,22.0435,1.1803,0.5918,36.284,1.0115,37.497,0.3548,52.9584,-87.3527,37.1415
2024-06-28,38.11,38.7,37.74,36.31,4197157,61474121.8833,1208836.1464,14.7044,19.5492,-0.6707,85.7143,0.0,-85.7143,1.7687,35.3741,37.8712,40.3683,-0.0625,-96.139,-3.6231,36.9348,10.765,37.0189,37.0585,36.6858,24.1578,271.5324,0.9201,-1.5329,-0.6879,-0.9996,37.309,1,37.4256,0.3331,-0.4695,0.8026,-0.6707,-1.1281,0.4573,2.8152,17.1426,34.5471,37.9613,37.8733,17.084,0.0931,4.8715,70249433.0,13.7633,-1.7799,0.257,0.9072,48.1885,39.7228,37.8712,34.8054,26.072,23.5788,23.5788,25.0045,4.2759,9.2868,36.1032,0.916,37.3529,0.2994,48.4917,-84.1745,36.967
2024-07-05,38.42,39.37,37.4,36.7,2800966,61687393.4061,772392.9291,13.7685,18.9146,-0.7451,78.5714,0.0,-78.5714,1.7766,35.2528,37.7948,40.3368,0.0203,-72.8261,0.7287,36.8617,1.6018,36.9696,37.0105,36.6867,23.7484,291.9871,0.0335,-3.0617,-0.3909,-0.9273,37.513,1,37.3751,0.2829,-0.4158,0.6986,-0.7451,-0.9211,0.176,2.8878,17.3382,33.7578,37.6353,37.826,15.7922,-0.8199,4.8412,73050399.0,15.2942,-1.9756,-2.1853,0.9241,50.3643,39.5986,37.7948,34.9177,25.2851,31.7984,31.7984,48.3471,36.6262,100.0,36.1192,1.8798,37.2261,0.2504,46.2654,-75.124,36.8799
2024-07-12,38.52,41.14,37.8,38.87,3966995,64703327.2416,1483245.7488,14.0533,18.3595,-0.6182,71.4286,0.0,-71.4286,1.8772,35.2459,37.8112,40.3766,0.6653,19.9979,20.6783,37.3453,17.7551,37.2626,37.259,36.8487,23.4398,306.1127,-1.2317,-2.7343,-0.1545,-0.8079,37.6256,0,37.3835,0.4139,-0.2278,0.6417,-0.6182,-0.5705,-0.0477,2.9612,17.5535,38.2886,37.5429,37.6323,13.878,1.8944,4.8288,77017394.0,19.8699,-1.635,5.1227,0.9953,60.3392,39.4781,37.8112,35.0729,36.566,54.3207,54.3207,89.6104,69.7623,100.0,36.9057,3.1841,37.1419,0.2213,53.249,-19.7165,37.1117
2024-07-19,40.96,42.39,40.77,39.22,4434863,62075260.2786,803005.5279,15.0612,18.3028,-0.5792,64.2857,100.0,35.7143,1.8555,35.2508,37.8074,40.364,0.0864,110.0653,23.2993,37.8213,28.1639,37.5633,37.5201,37.0242,23.1637,-27.4297,-1.792,-0.2445,0.3019,-0.4607,37.7397,1,37.4543,0.5392,-0.082,0.6212,-0.5792,-0.3454,-0.2337,3.0352,17.7702,42.9602,37.7147,38.0153,13.0365,1.652,4.7314,81452257.0,23.2586,-1.5277,4.3975,1.0538,61.6497,35.5821,37.8074,35.2523,52.3301,70.8712,70.8712,74.6562,100.0,100.0,37.6264,1.5744,37.108,0.2082,51.6051,-25.2941,37.391
2024-07-26,41.47,42.71,40.8,40.17,4019960,63530183.0401,914654.9045,16.1701,18.2909,-0.3973,57.1429,100.0,42.8571,1.8533,35.202,37.8285,40.4551,0.3295,135.4292,30.1988,38.4411,30.5858,37.9646,37.8737,37.2573,22.953,-3.6727,-1.328,1.9924,0.6604,-0.0641,37.8589,1,37.7445,0.7073,0.0689,0.6384,-0.3973,-0.0374,-0.3599,3.11,17.9942,49.7123,38.1918,38.1679,12.1195,1.9824,4.6135,85472217.0,22.7998,-1.0457,5.191,1.1093,65.0994,35.6307,37.8285,35.4098,69.8172,84.2596,84.2596,88.5122,100.0,100.0,38.503,1.8244,37.1409,0.2118,57.9205,-11.2546,37.7785
2024-08-02,42.16,44.38,40.06,38.89,4663639,60386944.269,-122942.2235,17.9896,18.5511,-0.3325,50.0,100.0,50.0,2.0157,35.1971,37.8396,40.4821,-0.3237,120.8274,15.2396,38.6191,41.6435,38.1075,38.0096,37.3785,22.7091,27.8421,-0.5886,3.1012,0.9555,0.467,37.9563,1,37.7724,0.729,0.0725,0.6565,-0.3325,0.1093,-0.4418,3.1855,18.2032,44.4251,38.1918,38.9647,10.3465,0.8834,5.1827,80808578.0,25.1131,-0.874,2.324,1.0366,57.6198,35.7332,37.8396,35.5701,75.1887,70.4353,70.4353,48.1375,83.0798,49.2394,38.7093,4.1269,37.2207,0.2171,49.6772,-51.0578,37.9578
2024-08-09,38.71,40.71,38.18,37.81,7152162,61432912.6248,-203429.0969,18.0452,17.9799,-0.3644,42.8571,92.8571,50.0,2.0476,35.2836,37.7292,40.1748,0.3636,-3.3565,4.3513,38.4894,18.7674,38.0625,37.9836,37.4108,22.3393,52.882,0.3685,4.3876,0.9906,0.7974,38.0114,1,37.773,0.6516,-0.0039,0.6555,-0.3644,0.1289,-0.4933,3.2616,18.3993,52.5283,38.1918,38.9647,15.7009,0.3721,5.4148,73656416.0,22.9557,-0.9579,0.9939,1.0226,52.1757,35.9316,37.7292,35.7154,69.8347,54.8091,54.8091,27.7775,49.7465,0.0,38.4776,2.4618,37.3512,0.2159,49.7246,-66.9958,37.9802
2024-08-16,39.63,41.4,38.95,39.03,4772648,64257541.0329,680883.4117,18.4458,17.6241,-0.3104,35.7143,85.7143,50.0,2.0683,35.3439,37.695,40.0461,0.5184,60.7083,14.167,38.6816,23.654,38.2108,38.1227,37.5305,21.94,68.7622,2.0825,3.9842,0.9152,0.9321,38.0398,1,37.8014,0.6803,0.0198,0.6605,-0.3104,0.1906,-0.501,3.3383,18.6056,45.1066,38.1918,38.9647,14.4329,2.8149,5.2997,78429064.0,23.3763,-0.8154,7.7734,1.0389,57.0835,36.1241,37.695,35.8484,55.0577,39.9287,39.9287,43.871,29.0716,37.9754,38.7174,2.3378,37.5438,0.2177,53.0109,-49.0832,38.1563
2024-08-23,40.94,41.62,39.76,39.69,3695744,67834067.4845,2118734.817,18.9282,17.3794,-0.1674,28.5714,78.5714,50.0,2.0473,35.2883,37.7263,40.1643,0.3495,99.4365,19.0289,38.9959,25.199,38.4376,38.331,37.6901,21.7937,83.7396,3.0539,1.0122,0.78,0.994,38.0551,1,37.8451,0.7475,0.0696,0.6779,-0.1674,0.2976,-0.465,3.4157,18.8164,40.9515,38.1918,38.9647,13.539,3.416,5.159,82124808.0,22.661,-0.4393,9.4186,1.0392,59.5144,36.3108,37.7263,35.993,45.6513,42.2162,42.2162,55.0,31.5869,56.7852,39.1189,1.7748,37.8122,0.2251,56.0183,-39.3512,38.4062
2024-08-30,41.71,42.52,40.22,39.26,5434505,65468929.5039,1761790.5965,19.8157,17.5794,0.0877,21.4286,71.4286,50.0,2.0327,35.3148,37.8283,40.3419,-0.2953,112.5417,14.4747,39.1374,31.3534,38.5635,38.4543,37.8061,21.8041,98.1789,2.864,-1.8091,0.5993,0.9898,38.0551,1,37.8712,0.7574,0.0636,0.6938,0.0877,0.4685,-0.3808,3.4937,19.0207,48.7259,38.1918,38.9647,12.6625,3.0344,5.178,76690303.0,24.2294,0.2302,8.3772,1.0328,57.2374,36.4919,37.8283,36.109,43.6719,48.871,48.871,47.7419,54.5776,68.9721,39.2597,1.8416,38.1141,0.2324,49.7099,-45.6982,38.5847
2024-09-06,40.42,41.92,39.19,39.31,5799698,66594878.1999,1813861.5826,19.7731,17.3364,0.3582,14.2857,64.2857,50.0,2.0753,35.505,37.9833,40.4616,0.1465,78.8725,14.9464,39.2602,19.2189,38.6789,38.5689,37.9178,21.4681,120.903,1.75,-4.3605,0.2436,0.858,38.032,1,37.9165,0.7611,0.0539,0.7073,0.3582,0.6163,-0.2582,3.5723,19.2237,47.3686,38.1918,38.9647,14.9315,3.0063,5.2788,82490001.0,22.0363,0.9401,8.2801,1.05,57.4732,36.6675,37.9833,36.2625,49.5024,57.42,57.42,69.5181,65.9809,72.1854,39.3733,2.6292,38.4022,0.239,52.2871,-44.844,38.759
2024-09-13,41.4,45.24,41.2,43.19,9100409,73938277.5415,4006802.9963,21.1345,18.0451,0.7653,7.1429,100.0,92.8571,2.2311,34.9192,38.2671,41.615,0.854,212.7593,39.1988,40.3193,38.8335,39.3736,39.1857,38.3086,20.7902,142.4467,-0.3226,-3.2297,-0.1296,0.6095,38.0551,1,38.7479,1.065,0.2862,0.7788,0.7653,0.8698,-0.1044,3.6518,19.4634,57.9815,39.7081,39.5762,12.8962,6.4963,5.1652,91590410.0,29.2712,1.9996,17.7018,1.1928,69.5994,36.8379,38.2671,36.5076,58.9187,70.465,70.465,94.1351,80.3858,100.0,40.8008,4.2569,38.7127,0.269,58.8395,-4.7019,39.4329
2024-09-20,45.0,47.74,44.73,45.12,5265849,76090102.8804,5224332.2737,23.1175,19.0625,1.3037,0.0,100.0,100.0,2.2788,34.2459,38.6742,43.1024,0.6146,265.0214,47.2393,41.6454,48.8961,40.2578,39.977,38.8133,20.1161,150.4774,-0.5498,0.4652,-0.2669,0.4928,38.2516,1,39.9351,1.4446,0.5326,0.912,1.3037,1.1989,0.1048,3.7321,19.72,68.0709,40.6712,40.7849,11.7241,6.2469,5.0504,96856259.0,34.1594,3.389,16.0697,1.2441,73.6197,37.1072,38.6742,36.8166,70.7665,84.4146,84.4146,89.5906,90.7285,100.0,42.526,2.8989,39.0636,0.324,66.2148,-8.2526,40.2972
2024-09-27,47.03,48.03,46.45,45.48,3923439,75979197.7553,5212185.1407,25.0335,19.869,1.8135,0.0,100.0,100.0,2.225,33.7788,39.0698,44.3607,0.1199,232.0278,48.5937,42.7919,49.9419,41.0608,40.7104,39.3069,19.7183,150.8085,0.3703,1.7957,-0.2724,0.4877,38.5453,1,41.0099,1.7539,0.6736,1.0803,1.8135,1.4631,0.3504,3.8134,19.9775,75.3284,40.8923,40.9745,11.1496,6.2598,4.8927,100779698.0,33.3969,4.6872,15.9616,1.2555,74.2969,37.5508,39.0698,37.1248,82.1281,91.5045,91.5045,90.7878,100.0,100.0,43.9132,1.5263,39.5045,0.3937,66.2874,-7.4206,41.1247
2024-10-04,47.05,48.15,46.87,46.02,4238783,77767434.3335,5302365.212,26.8432,20.3059,2.1411,7.1429,100.0,92.8571,2.1542,33.3884,39.4611,45.5339,0.5703,195.2803,50.6582,43.835,50.3693,41.8233,41.4179,39.8039,19.5944,153.7796,0.8506,1.8806,-0.3219,0.4418,38.951,1,42.0107,2.0193,0.7512,1.2681,2.1411,1.5158,0.6252,3.8955,20.2379,75.6929,41.3576,41.03,10.6937,5.8449,4.6813,105018481.0,32.3995,5.4959,14.5498,1.2674,75.3291,38.0734,39.4611,37.4808,89.334,92.083,92.083,95.8705,100.0,100.0,45.0977,1.2328,40.0418,0.4715,65.8407,-3.3347,41.936
2024-10-11,47.8,48.97,46.69,46.81,3646424,80230369.8422,5640885.1565,28.7414,21.3973,2.4046,0.0,100.0,100.0,2.1571,33.0838,39.901,46.7181,0.3509,168.6654,53.597,44.8539,53.4182,42.5899,42.1364,40.3226,19.807,156.5865,1.1308,3.5124,-0.3679,0.3974,39.3803,1,42.9934,2.2673,0.7993,1.468,2.4046,1.4717,0.9329,3.9785,20.5036,76.2531,42.3106,41.6172,9.9161,7.9133,4.6087,108664905.0,32.6588,6.1145,20.3462,1.2754,76.7985,38.6544,39.901,37.8797,92.5177,93.9655,93.9655,95.2381,100.0,100.0,46.2085,2.1959,40.6576,0.554,65.7864,-3.2129,42.7601
2024-10-18,48.68,51.66,48.38,49.65,5602626,85457209.952,6929648.3363,31.0974,23.0793,2.6776,0.0,100.0,100.0,2.2287,32.5882,40.5112,48.4342,0.875,178.3143,62.2969,46.361,61.7249,43.6757,43.1379,41.0133,20.3066,156.459,2.9435,5.5745,-0.3658,0.3994,39.8172,1,44.4099,2.6623,0.9555,1.7068,2.6776,1.4127,1.2649,4.0626,20.7951,77.2175,43.7312,43.0924,8.912,11.8326,4.4891,114267531.0,37.6561,6.7203,31.2909,1.2771,81.1484,39.3351,40.5112,38.285,94.1852,96.5071,96.5071,98.4127,100.0,100.0,47.9732,3.1589,41.4057,0.6512,71.5525,-0.7952,43.8667
2024-10-25,51.48,53.02,50.01,50.52,5707872,89041222.6032,7967269.2683,33.527,24.8485,3.1466,21.4286,100.0,78.5714,2.2766,32.4473,41.2268,50.0063,0.3256,164.752,64.5075,47.7695,65.1122,44.7293,44.1227,41.7178,21.1159,158.7697,5.0993,3.4724,-0.4031,0.3621,40.3104,1,45.7483,3.0114,1.0437,1.9678,3.1466,1.5135,1.6332,4.1478,21.0923,78.0221,44.1694,43.7473,8.1013,11.4972,4.5059,119975403.0,38.3408,7.7996,29.4598,1.2883,82.2537,40.2727,41.2268,38.7193,95.1717,95.0424,95.0424,91.4764,100.0,100.0,49.534,2.8989,42.3472,0.7561,74.7938,-3.686,44.9876
2024-11-01,52.61,54.2,52.29,51.23,5969186,88697447.4932,7558070.3629,35.9734,26.9815,3.7163,14.2857,100.0,85.7143,2.2454,32.4917,41.9747,51.4577,0.3037,157.0824,66.2186,49.0515,67.7768,45.7289,45.0699,42.4222,22.4092,158.8273,5.2406,0.2583,-0.404,0.3612,40.7924,1,46.9322,3.3067,1.0711,2.2355,3.7163,1.68,2.0363,4.234,21.3937,79.0053,44.5209,44.3155,7.6272,11.5419,4.3832,125944589.0,39.7126,9.0882,29.0836,1.2752,83.1093,41.3518,41.9747,39.1208,94.5654,92.1468,92.1468,86.5513,100.0,100.0,50.8708,1.8395,43.4304,0.862,70.7717,-6.1688,46.0945
2024-11-08,54.0,57.48,53.4,54.31,9752848,93239214.9442,8148681.3303,38.6734,28.3593,4.3459,7.1429,100.0,92.8571,2.3801,32.369,42.8791,53.3892,0.5858,164.3876,72.4815,50.8201,73.7731,47.0489,46.3018,43.3027,23.7433,158.807,4.73,-1.1084,-0.4037,0.3615,41.3036,1,49.3134,3.7462,1.2085,2.5377,4.3459,1.8665,2.4794,4.3214,21.7228,86.1587,46.0619,45.895,6.6814,15.0532,4.3825,135697437.0,44.2692,10.463,38.3464,1.3964,86.2407,42.5451,42.8791,39.5766,92.1659,89.3086,89.3086,89.8981,100.0,100.0,52.862,4.1317,44.6237,0.9787,73.1205,-5.5463,47.5071
2024-11-15,57.13,58.53,55.6,53.71,3443488,90195312.5824,6680991.3082,41.2935,29.8696,4.9177,0.0,100.0,100.0,2.4117,32.692,43.7493,54.8066,-0.4642,150.8387,66.0578,52.0619,75.3542,48.074,47.2898,44.0737,24.3143,159.8346,3.9499,-0.1396,-0.42,0.3447,41.8041,1,50.8852,4.0002,1.17,2.8302,4.9177,1.977,2.9408,4.41,22.0427,93.5253,46.6678,46.768,6.1229,14.3983,4.49,132253949.0,43.5643,11.6721,36.6242,1.4204,83.0289,44.0827,43.7493,39.9756,88.1804,83.0857,83.0857,72.8079,78.9759,36.9276,54.0515,2.8219,45.8528,1.0891,66.7357,-13.8417,48.6932
2024-11-22,55.54,55.95,54.56,53.42,4688431,91654536.0637,5937508.197,42.9696,30.9489,5.5055,0.0,92.8571,92.8571,2.3349,33.2612,44.5855,55.9098,-0.0504,118.6967,62.8965,52.9521,64.7595,48.8969,48.1075,44.7663,24.7252,163.2922,4.5407,2.9853,-0.474,0.2875,42.3562,1,51.7202,4.1306,1.0403,3.0903,5.5055,2.0979,3.4077,4.4998,22.3565,86.6508,46.7823,47.0568,8.9369,10.2281,4.3706,127565518.0,41.7826,12.8858,23.6789,1.3689,81.4482,45.68,44.5855,40.3718,82.6637,75.5968,75.5968,64.0845,45.6425,0.0,54.7392,1.3368,47.0773,1.1838,66.2569,-15.8221,49.6895
2024-11-29,56.49,58.32,55.59,55.42,3235458,93041160.9208,5534781.3609,44.8513,32.3335,6.1561,14.2857,85.7143,71.4286,2.3642,33.4778,45.4126,57.3475,0.3846,126.1762,67.4948,54.1252,69.3134,49.8999,49.082,45.5552,25.4949,166.1889,5.9178,1.787,-0.5179,0.2387,43.0047,1,52.9653,4.3447,1.0035,3.3411,6.1561,2.266,3.8902,4.5907,22.6871,86.775,47.3361,47.0568,8.1957,10.2955,4.2662,130800976.0,45.2199,14.1792,22.8175,1.3964,83.7474,47.0697,45.4126,40.769,77.4527,73.6757,73.6757,84.1346,28.3004,47.9737,55.8462,2.7448,48.3308,1.2712,65.2817,-5.1189,50.8144
2024-12-06,57.5,58.13,56.28,55.79,5255627,95001367.7479,5490569.7037,46.6236,33.1983,6.4529,7.1429,78.5714,71.4286,2.3234,33.849,46.2415,58.634,0.027,117.6395,68.2972,55.1235,69.6631,50.8067,49.977,46.3136,26.9035,167.6041,5.6597,0.1392,-0.5388,0.2147,43.5965,1,54.0125,4.4931,0.9216,3.5715,6.4529,2.0837,4.3693,4.6828,23.0182,87.0525,47.554,47.0568,7.7438,10.3172,4.1642,136056603.0,43.308,14.6094,22.6866,1.4213,84.1486,48.2787,46.2415,41.1396,76.0435,78.8579,78.8579,88.3546,34.7732,56.346,56.7045,1.7936,49.5669,1.3472,62.874,-3.089,51.8399
2024-12-13,57.66,59.58,57.06,55.68,3921946,92231104.3034,4091892.9567,48.4503,34.7924,6.5862,0.0,100.0,100.0,2.332,34.3041,47.0168,59.7295,-0.0913,110.6743,66.9317,55.8562,72.1979,51.5562,50.7372,47.0073,28.8294,167.5036,6.1031,-0.4193,-0.5374,0.2164,44.0043,1,54.6141,4.5489,0.7819,3.767,6.5862,1.7523,4.8339,4.7762,23.3448,93.2049,49.4947,48.721,7.1642,9.6616,4.1883,132134657.0,44.3731,14.6633,20.9958,1.4163,83.4658,49.3306,47.0168,41.501,76.6811,77.5096,77.5096,60.0395,59.6782,74.7148,57.2027,2.4431,50.7094,1.4065,56.0145,-11.5269,52.6924
2024-12-20,57.61,58.97,52.74,52.76,4758291,90039082.6068,2450255.2971,47.5463,35.3319,6.557,0.0,92.8571,92.8571,2.5968,35.3373,47.7101,60.083,-0.512,72.4897,36.9205,55.6772,35.7934,51.7414,51.0069,47.4334,30.8084,167.6731,5.58,-5.4157,-0.5398,0.2135,44.2336,1,54.3242,4.308,0.4328,3.8752,6.557,1.2921,5.2649,4.8705,23.639,85.7601,50.4577,50.4209,17.4949,5.9536,4.9219,127376366.0,37.0006,14.3944,12.7197,1.2214,68.4603,50.5111,47.7101,41.8385,71.3398,57.6519,57.6519,24.5614,43.6869,0.0,56.4551,6.04,51.6792,1.431,49.5683,-34.0697,53.0
2024-12-27,54.35,55.56,53.73,52.97,1741880,90029564.1368,1552897.1689,46.7068,35.8701,6.4957,0.0,85.7143,85.7143,2.5381,36.7742,48.4681,60.1619,0.1585,58.1709,37.8007,55.5439,35.7934,51.9309,51.2691,47.8438,32.3525,170.1471,3.4019,-4.9466,-0.5757,0.1711,44.4328,1,54.1434,4.0871,0.1695,3.9176,6.4957,0.8587,5.6371,4.9658,23.9323,82.4511,50.6359,51.2492,16.6213,3.3258,4.7912,129118246.0,35.153,14.062,6.6988,1.174,68.9004,51.1313,48.4681,42.1698,57.5403,37.4596,37.4596,27.7778,25.84,2.8052,55.8754,1.7742,52.4816,1.4293,45.6865,-36.7648,53.2449
2025-01-03,54.5,55.19,53.43,53.01,2378418,91029580.7959,1362810.7653,45.7648,36.304,6.3854,0.0,78.5714,78.5714,2.4786,38.1632,49.1673,60.1715,0.1023,50.3003,37.9702,55.4077,33.5199,52.0973,51.5015,48.2266,34.1217,170.7944,3.4462,-2.3289,-0.5849,0.16,44.5611,1,53.9971,3.8706,-0.0376,3.9082,6.3854,0.4518,5.9336,5.0621,24.2231,78.4295,50.9056,51.3647,16.6421,2.4882,4.6756,131496664.0,33.4244,13.6379,4.9247,1.1657,68.9851,51.1313,49.1673,42.499,40.6707,26.9006,26.9006,28.3626,2.0502,3.3453,55.3756,1.7063,53.1075,1.4074,50.7187,-37.1259,53.4202
2025-01-10,55.26,55.79,52.04,50.48,4967544,86141517.4999,-394136.609,44.1549,36.4482,6.0085,7.1429,71.4286,64.2857,2.5613,39.5934,49.7072,59.821,-0.8507,30.2235,15.799,54.6331,23.226,51.8487,51.3655,48.3937,35.2589,172.0179,3.3226,-5.6664,-0.6021,0.1389,44.6302,1,53.828,3.455,-0.3625,3.8176,6.0085,-0.1099,6.1184,5.1592,24.4857,71.3058,51.3005,51.3647,18.7131,-0.7453,5.0737,126529120.0,30.0354,12.7117,-1.4549,1.097,57.8995,57.7626,49.7072,42.7489,27.7354,18.8461,18.8461,0.3979,2.0502,0.0,54.0517,3.6356,53.5338,1.3563,43.3178,-56.9011,53.1863
2025-01-17,51.27,55.9,50.31,53.87,6671822,92025610.9633,795154.3498,41.8356,36.4665,5.724,0.0,64.2857,64.2857,2.7654,41.3949,50.4381,59.4813,0.7692,33.726,31.6588,54.822,11.6849,52.1604,51.7001,48.7997,35.343,176.8633,2.1423,-10.4976,-0.6674,0.0547,44.842,1,53.8316,3.3607,-0.3655,3.7262,5.724,-0.4839,6.2079,5.2573,24.7796,72.7422,52.721,52.1786,20.4258,-0.4339,5.1331,133200942.0,25.8308,11.9671,-0.799,1.151,65.8294,57.6895,50.4381,43.0724,25.1933,29.8332,29.8332,60.739,24.9596,71.5335,54.1919,5.4195,53.8004,1.3045,50.1661,-34.8105,53.3623
2025-01-24,56.03,60.11,55.7,58.13,5058400,96739902.1197,2709397.4418,40.9252,37.2261,5.6086,0.0,100.0,100.0,2.8823,43.2967,51.379,59.4613,0.8912,107.932,45.52,56.0063,29.0899,53.079,52.5576,49.4909,34.9161,181.1437,-0.983,-13.6386,-0.7211,-0.02,45.2078,1,54.2274,3.5881,-0.1105,3.6986,5.6086,-0.6108,6.2194,5.3566,25.1131,72.8531,54.3064,53.2204,18.1977,4.4193,4.9583,138259342.0,33.1284,11.5589,8.2277,1.1709,72.76,48.7754,51.379,43.4791,33.9604,53.2021,53.2021,98.4694,57.1778,100.0,55.7435,4.4015,53.9549,1.2738,54.7677,-1.4381,54.0385
2025-01-31,58.6,62.61,58.16,58.0,7473455,94875736.9399,2653044.5639,40.6467,38.3101,5.1815,0.0,100.0,100.0,2.9846,44.4701,52.1195,59.769,0.2764,134.384,44.5848,56.9023,37.0265,53.8368,53.2839,50.1216,35.1943,184.6091,-4.0867,-5.242,-0.7616,-0.0804,45.7029,1,54.5295,3.7153,0.0133,3.7019,5.1815,-0.9296,6.1111,5.457,25.442,73.945,54.3064,54.7378,16.3187,4.5822,5.1454,130785887.0,35.5086,10.5194,8.5772,1.1481,72.2924,48.7754,52.1195,43.8747,53.9681,78.8689,78.8689,77.3984,89.4623,96.8534,56.8215,4.3143,54.0412,1.2536,54.281,-22.6016,54.6171
2025-02-07,57.67,58.82,56.23,56.14,7446530,97089570.1832,3093206.7309,39.5549,39.1142,4.6792,78.5714,92.8571,14.2857,3.0207,45.5473,52.6706,59.794,0.0927,78.4967,31.1763,57.1316,25.3612,54.1917,53.6652,50.5677,36.3206,185.6259,-3.2779,2.4517,-0.773,-0.098,46.1487,1,54.5943,3.6241,-0.0623,3.6863,4.6792,-1.2348,5.914,5.5584,25.749,63.9337,54.3064,54.7378,19.3966,0.7271,5.3803,123339357.0,32.578,9.3656,1.3121,1.096,65.5882,49.0139,52.6706,44.2266,70.4299,79.2188,79.2188,61.7886,82.8641,51.739,56.9299,3.4902,54.0959,1.2277,57.2887,-38.2114,54.8763
2025-02-14,58.52,59.88,54.48,58.0,11380767,108259582.2387,6546167.205,37.8538,39.5737,4.3311,71.4286,85.7143,14.2857,3.1789,46.6251,53.297,59.969,0.2426,83.5768,37.4257,57.7495,15.7398,54.7784,54.2438,51.1186,37.0276,186.5711,-3.4547,8.7726,-0.7834,-0.1144,46.5298,1,54.696,3.6598,-0.0212,3.681,4.3311,-1.3323,5.6635,5.661,26.0716,64.9913,54.3064,54.7378,20.9272,2.2105,5.4804,134720124.0,28.7455,8.544,3.9618,1.0681,68.7129,49.2476,53.297,44.6008,76.7609,72.1951,72.1951,77.3984,64.0538,43.5689,57.6088,5.2353,54.213,1.2056,63.4331,-22.6016,55.3368
2025-02-21,59.92,61.47,58.19,56.78,6802995,103032890.9582,5700597.7001,36.6947,39.8321,3.7874,64.2857,78.5714,14.2857,3.179,47.9036,53.8354,59.7671,-0.4116,111.4085,29.1385,57.9142,21.6255,55.0868,54.5824,51.5382,36.6636,189.7213,-0.5286,22.4474,-0.8164,-0.1689,46.9587,1,54.7441,3.5487,-0.1059,3.6546,3.7874,-1.5683,5.3557,5.7646,26.3787,66.6953,54.3064,54.7378,19.4319,1.1052,5.5984,127917129.0,30.1553,7.3758,1.985,1.0572,64.5693,49.4767,53.8354,44.9415,71.5262,63.1648,63.1648,50.3075,31.7693,0.0,57.6414,3.1799,54.4214,1.1776,59.6452,-32.8455,55.5993
2025-02-28,58.65,59.05,55.15,55.28,7117612,101812435.8747,4448120.1306,34.6635,39.7574,3.1281,57.1429,71.4286,14.2857,3.1922,49.2587,54.259,59.2592,-0.4705,43.8351,19.5707,57.6431,8.2577,55.1163,54.6752,51.8152,35.6373,194.6503,6.2623,19.8773,-0.863,-0.2529,47.5504,1,54.7511,3.3011,-0.2828,3.5839,3.1281,-1.8534,4.9815,5.8691,26.6677,64.4652,54.3064,54.7378,23.6312,2.5183,5.7748,120799517.0,27.8853,6.0196,4.7731,1.0347,59.7854,49.7011,54.259,45.2737,62.7775,52.9725,52.9725,31.2116,14.523,0.0,57.0914,3.3642,54.7279,1.1365,62.0833,-45.4675,55.6318
2025-03-07,56.96,57.65,47.32,47.49,14214741,91147939.9647,138119.6872,33.6362,40.1299,2.1314,100.0,64.2857,-35.7143,3.6851,48.6865,54.1512,59.6158,-0.8083,-137.5908,-15.3646,55.4595,20.2814,53.9433,53.7174,51.495,34.4082,202.522,9.0728,0.1197,-0.924,-0.383,48.322,1,54.3547,2.4483,-0.9084,3.3567,2.1314,-2.3775,4.5089,5.9742,26.8759,53.7535,52.8113,53.4658,33.8432,-5.4817,7.7594,106584776.0,22.4302,4.0769,-10.348,0.857,42.3177,60.7002,54.1512,45.4231,48.818,30.3167,30.3167,9.431,0.0,0.0,53.919,10.0923,54.9729,1.048,47.2169,-91.2894,54.6084
2025-03-14,47.43,48.24,45.41,45.85,12763143,92095028.3145,-1336272.3545,33.0509,40.7506,1.4534,100.0,57.1429,-42.8571,3.6452,47.5305,53.9175,60.3045,-0.1767,-245.715,-20.6288,53.2692,25.4425,52.6982,52.6685,51.0768,33.7883,208.9958,5.776,-11.1731,-0.9612,-0.4847,48.9068,1,53.7452,1.6214,-1.3883,3.0097,1.4534,-2.5493,4.0028,6.0796,27.0657,45.0517,51.9907,52.5327,35.4265,-7.1618,7.9501,93821633.0,21.056,2.7747,-13.5097,0.8218,39.6856,60.5555,53.9175,45.5458,33.3623,16.7978,16.7978,9.7509,0.0,0.0,50.9449,3.1264,55.0262,0.9242,43.2788,-90.9089,53.4417
2025-03-21,46.93,50.13,46.93,48.39,7739827,96932420.1895,-278783.2882,31.9292,39.7377,0.9458,92.8571,50.0,-42.8571,3.6081,47.0396,53.7757,60.5118,0.8125,-168.2869,-9.2983,52.1243,17.3467,52.0355,52.0981,50.8779,32.813,219.3583,3.0282,-14.8393,-0.9952,-0.6342,49.465,1,53.5265,1.1576,-1.4816,2.6393,0.9458,-2.5261,3.4719,6.1856,27.2789,46.592,51.9907,52.5327,33.2339,-2.0912,7.4562,101561460.0,23.4083,1.8012,-4.1425,0.8691,45.3508,60.2317,53.7757,45.7325,20.7728,15.204,15.204,26.43,7.589,22.7669,49.6121,3.1264,54.866,0.7947,46.8048,-75.3582,52.7083
2025-03-28,50.43,52.17,48.27,47.38,7639469,90194016.7639,-1964867.643,30.3027,38.5047,0.4035,85.7143,42.8571,-42.8571,3.6225,46.1487,53.4294,60.7101,-0.4949,-125.3407,-12.7929,50.9476,9.1578,51.3199,51.4695,50.6191,31.488,230.2381,-0.1315,-17.7833,-0.9958,-0.7687,50.0249,1,53.3437,0.7008,-1.5507,2.2516,0.4035,-2.49,2.8935,6.2921,27.48,52.4333,51.9907,52.5327,30.737,-6.4908,7.645,93921991.0,25.5796,0.7673,-12.0478,0.8981,43.6035,59.9144,53.4294,45.9358,17.2909,19.8711,19.8711,23.4323,14.0864,19.4924,48.2952,3.8103,54.5079,0.6617,43.3593,-81.5187,51.9102
2025-04-04,47.45,50.83,42.3,43.21,11821597,83711205.5058,-4538717.7664,29.9613,37.8631,-0.0945,100.0,35.7143,-64.2857,3.9587,44.3741,52.9045,61.4349,-0.3777,-179.3974,-25.592,48.9621,25.5236,50.0726,50.3686,50.0704,29.973,245.7202,-3.873,-19.6225,-0.9353,-0.9115,50.6988,1,52.7713,0.0022,-1.7995,1.8017,-0.0945,-2.4017,2.3073,6.3988,27.6373,48.5286,50.6717,51.0159,36.6331,-14.9186,9.161,82100394.0,21.7354,-0.18,-25.6638,0.8157,37.204,59.6034,52.9045,46.0758,18.6258,20.8024,20.8024,12.5448,14.0864,0.0,45.8967,8.3289,53.8252,0.5118,34.6013,-90.2898,50.6071
2025-04-11,42.02,48.66,41.78,46.22,21037885,96492943.7762,-1112129.0248,29.7336,36.9443,-0.7097,100.0,28.5714,-71.4286,4.1561,43.5373,52.5444,61.5515,0.7689,-146.3263,-12.7389,48.1175,26.774,49.4801,49.8157,49.7853,28.3934,261.1852,-10.0792,-17.5411,-0.8071,-0.9882,51.2745,1,52.5701,-0.3052,-1.6855,1.3803,-0.7097,-2.4183,1.7085,6.5059,27.8231,56.7119,50.6717,50.7595,33.2827,-11.7834,8.9916,103138279.0,19.2244,-1.3532,-20.3145,0.8719,43.6305,59.0552,52.5444,46.2499,23.4691,29.7338,29.7338,53.2243,32.7922,78.884,45.208,6.7217,52.864,0.3718,41.8002,-72.825,49.7981
2025-04-17,48.32,49.57,47.2,47.47,5758548,97489148.2825,707734.0783,29.2471,35.5413,-1.5143,92.8571,21.4286,-71.4286,4.0246,42.9824,52.1472,61.3119,0.1139,-87.6803,-7.8013,47.7606,22.9216,49.1712,49.5032,49.614,27.0305,284.8385,-14.3481,-1.1592,-0.5024,-0.9667,51.799,1,52.5022,-0.4428,-1.4585,1.0157,-1.5143,-2.5733,1.059,6.6135,28.0196,60.648,50.6717,50.7595,31.9149,-8.6715,8.4778,108896827.0,20.0123,-2.8917,-15.4451,0.9404,46.0993,58.3258,52.1472,46.4597,31.4357,43.7709,43.7709,65.5438,59.628,100.0,45.2006,2.3155,51.6962,0.25,43.1591,-66.5349,49.2205
2025-04-25,48.31,53.24,46.82,51.73,7819309,104602446.8493,3651206.3392,27.7716,34.3484,-2.0835,85.7143,14.2857,-71.4286,4.1854,42.9329,51.944,60.9552,0.7223,-38.0908,7.1204,48.5476,8.5901,49.5651,49.8003,49.7708,25.9017,304.4015,-10.1203,12.4412,-0.1839,-0.8251,52.1515,1,52.4945,-0.2057,-0.9771,0.7714,-2.0835,-2.4902,0.4067,6.7217,28.2568,60.8864,50.6717,50.7595,28.4966,-6.2732,8.0906,116716136.0,23.9881,-3.9752,-10.8149,0.9602,53.5602,57.6255,51.944,46.743,48.528,72.0792,72.0792,97.4695,92.9613,100.0,46.7535,6.2759,50.5183,0.1652,54.0899,-45.1095,49.2396
2025-05-02,53.14,55.2,52.23,53.5,10206787,111785000.6641,6808784.2652,25.914,33.2804,-2.3913,78.5714,7.1429,-71.4286,4.0937,42.9554,51.8351,60.7149,0.5455,19.6908,12.5332,49.6355,1.766,50.1705,50.2936,50.0471,24.7132,-36.5838,-5.4558,9.5552,0.1464,-0.596,52.3286,1,52.5161,0.1234,-0.5184,0.6418,-2.3913,-2.1847,-0.2066,6.8306,28.5092,62.2955,50.6087,50.7595,27.0538,-3.2833,7.6518,126922923.0,26.1148,-4.5547,-5.7821,0.9203,56.2666,56.9532,51.8351,47.0493,67.4761,86.5782,86.5782,96.7213,100.0,100.0,48.5959,2.9017,49.5911,0.1162,55.4915,-36.2149,49.5148
2025-05-09,54.37,57.47,52.39,55.04,13010960,119007620.1916,9779646.5151,24.4652,32.0101,-2.6663,71.4286,0.0,-71.4286,4.1558,42.9668,51.9493,60.9318,0.3878,43.5826,17.0761,50.9055,5.6306,50.9203,50.927,50.4172,23.4312,-17.8104,-4.8458,7.965,0.4569,-0.3059,52.4154,0,52.5495,0.503,-0.111,0.6141,-2.6663,-1.9266,-0.7397,6.9404,28.7745,63.6882,50.6087,50.2069,24.746,-0.2345,7.55,139933883.0,27.699,-5.0758,-0.4242,0.9489,58.5381,56.3079,51.9493,47.3899,84.7734,95.6629,95.6629,92.798,100.0,100.0,50.5563,4.9631,49.002,0.0997,56.7354,-24.239,50.04
2025-05-16,58.55,60.19,56.78,58.31,12026030,127436421.2767,12787831.7339,23.6979,30.7759,-2.7161,64.2857,14.2857,-50.0,4.1276,42.8205,52.216,61.6115,0.3314,97.3488,25.8444,52.7452,13.7227,52.0567,51.911,51.0016,22.1526,4.9131,-2.3944,11.0529,0.7651,0.0856,52.3702,1,52.6069,1.055,0.3528,0.7023,-2.7161,-1.5131,-1.2029,7.051,29.0699,70.5424,50.7597,50.2069,23.1352,10.8153,7.0791,151959913.0,30.4947,-5.1532,22.7731,1.0385,62.9222,40.8188,52.216,47.8072,92.4921,95.2353,95.2353,96.1865,100.0,100.0,53.1841,3.7614,48.7796,0.1201,62.5156,-6.8598,51.0285
2025-05-23,58.74,59.54,56.43,55.26,8319417,119812518.2381,10430135.4717,22.89,29.7923,-2.7883,57.1429,7.1429,-50.0,4.0596,42.8442,52.3284,61.8125,-0.701,67.8504,13.7451,53.4672,12.3872,52.5493,52.3574,51.317,21.0154,29.7911,1.2747,10.7052,0.965,0.4968,52.3585,1,52.6378,1.2323,0.424,0.8083,-2.7883,-1.1705,-1.6178,7.1624,29.3318,63.4975,50.7597,50.2069,22.4443,9.4084,7.3465,143640496.0,28.791,-5.2832,20.5199,0.9527,56.8726,40.9986,52.3284,48.1882,92.7262,87.2806,87.2806,72.8572,78.4602,35.3807,54.0864,3.1752,48.9287,0.1489,63.8693,-23.0943,51.5899
2025-05-30,57.22,57.61,54.78,55.24,11840772,121082906.4697,8921643.6679,21.8001,28.2318,-2.136,50.0,0.0,-50.0,3.9373,43.0407,52.5661,62.0915,-0.284,46.2052,13.6602,54.0358,7.6318,52.9628,52.7413,51.6073,20.0727,59.124,4.715,9.5706,0.9698,0.8583,52.4341,1,52.6588,1.3554,0.4377,0.9177,-2.136,-0.236,-1.9,7.2746,29.5908,56.1792,50.7597,49.812,23.6558,6.8463,7.1281,131799724.0,27.5649,-4.0477,14.148,0.9728,56.8301,41.1767,52.5661,48.5675,85.6339,74.386,74.386,54.1143,47.9493,8.4671,54.7327,2.3475,49.503,0.1812,62.7772,-19.8398,52.1746
2025-06-06,55.79,57.64,54.98,56.64,9816560,130087570.5298,10358595.2521,20.9039,27.27,-1.2691,42.8571,78.5714,35.7143,3.8432,43.0278,52.7046,62.3814,0.6541,52.9459,17.8864,54.8348,9.2533,53.5292,53.2617,51.9805,19.3232,88.3699,7.8323,4.1587,0.7269,0.9996,52.4371,1,52.6889,1.5487,0.5048,1.0439,-1.2691,0.7614,-2.0305,7.3875,29.8613,62.1224,50.7597,49.812,22.5043,9.2606,6.7847,141616284.0,27.0938,-2.4035,19.5436,1.0247,58.9432,41.353,52.7046,48.976,75.9578,66.207,66.207,71.6494,26.1777,34.6854,55.68,2.6191,50.4297,0.2202,65.6237,-12.0117,52.9617
2025-06-13,57.67,57.74,54.49,53.76,12963889,118001237.0929,6159097.0564,19.9227,26.4868,-0.7479,35.7143,71.4286,35.7143,3.7972,43.1168,52.486,61.8553,-0.9446,37.8524,6.3951,54.749,7.1668,53.5647,53.3282,52.1123,18.7388,107.8752,7.3628,-0.9385,0.4559,0.9517,52.3532,1,52.7248,1.4524,0.3268,1.1256,-0.7479,1.2869,-2.0348,7.5011,30.1003,62.1315,50.7597,49.812,22.0572,10.5474,7.0633,128652395.0,25.4629,-1.4184,24.4083,1.132,53.1975,41.5275,52.486,49.325,61.0716,42.6218,42.6218,2.1015,14.3842,0.0,55.3497,3.2,51.532,0.2476,57.7132,-28.051,53.3511
2025-06-20,55.17,55.88,53.67,53.51,5916982,115717255.3277,3154481.1368,18.7569,25.343,-0.2661,28.5714,64.2857,35.7143,3.6818,43.2226,52.2615,61.3003,-0.3702,27.0947,5.4506,54.6057,3.601,53.5568,53.3529,52.2161,18.2535,140.9619,7.0327,-3.8845,-0.1039,0.6298,52.0898,1,52.7617,1.3408,0.1721,1.1686,-0.2661,1.63,-1.8961,7.6152,30.3345,64.3332,50.7597,49.812,22.6903,7.2921,6.88,122735413.0,24.3855,-0.5044,15.7765,1.1671,52.7253,41.7003,52.2615,49.6613,45.8676,28.774,28.774,12.571,11.5618,0.0,54.9807,2.1809,52.5588,0.2644,53.948,-29.4196,53.6481
2025-06-27,54.0,56.17,52.77,54.27,31606353,127802037.3571,5483706.9848,17.4399,23.8713,0.6056,21.4286,57.1429,35.7143,3.6579,43.2538,52.1679,61.0819,0.3294,30.3625,8.155,54.6674,0.3194,53.6668,53.4754,52.3684,17.8013,164.3223,4.4574,-8.101,-0.4897,0.2702,51.8339,1,52.8152,1.2985,0.1039,1.1946,0.6056,2.2028,-1.5973,7.73,30.5738,69.7093,50.7597,49.812,22.9374,6.7997,6.74,154341766.0,22.7914,1.1468,14.3236,1.1215,54.0775,41.8713,52.1679,49.9693,30.6826,20.6521,20.6521,47.2837,7.2491,21.7474,54.9396,3.3477,53.4352,0.2762,52.0547,-25.2045,53.9731
2025-07-03,55.15,56.85,54.21,55.94,6797138,134393201.4783,8035241.8717,16.3854,23.1734,1.3026,14.2857,50.0,35.7143,3.5823,43.3787,52.0644,60.7502,0.6288,53.9786,13.9713,55.1208,2.6772,54.0159,53.8035,52.6326,17.3968,198.4866,0.8673,-5.87,-0.8948,-0.3171,51.7878,1,52.9954,1.3833,0.151,1.2323,1.3026,2.4895,-1.1868,7.8455,30.8275,69.7229,50.7597,49.812,21.7486,4.204,6.4043,161138904.0,22.9451,2.4615,8.1266,1.1805,56.9856,42.0407,52.0644,50.3037,32.1579,47.0475,47.0475,81.2877,30.0884,68.5178,55.4654,2.5994,54.1505,0.2914,53.6171,-15.9531,54.464
2025-07-11,56.61,57.08,54.71,55.26,8634229,136032612.0479,8870205.7001,15.4811,22.6073,1.7677,7.1429,42.8571,35.7143,3.4931,43.4439,51.9881,60.5323,-0.2068,57.9521,10.8838,55.3068,3.7247,54.2068,53.9972,52.827,17.0753,212.8212,0.3869,-3.3916,-0.9775,-0.542,52.0182,1,53.2653,1.3798,0.118,1.2618,1.7677,2.4619,-0.6942,7.9616,31.0717,75.5565,52.2643,49.812,20.7108,1.7563,6.3216,152504675.0,22.3133,3.3287,3.2828,1.2787,55.4419,42.2083,51.9881,50.6054,44.3416,65.3253,65.3253,67.4044,51.3434,63.765,55.5988,2.3335,54.6707,0.3039,60.6658,-19.7303,54.7828
2025-07-18,56.23,62.05,55.9,59.83,10256334,141989784.1113,10300863.3137,16.0188,22.6329,2.2133,0.0,100.0,100.0,3.6765,43.1096,52.2154,61.3212,0.736,115.5591,25.4996,56.5827,23.0088,55.0711,54.7743,53.3454,16.8295,223.202,-1.0826,-3.1192,-0.9995,-0.6846,52.4952,1,54.1338,1.7258,0.3711,1.3546,2.2133,2.3598,-0.1465,8.0786,31.3593,74.5663,53.6486,53.4172,18.2722,4.7813,6.1454,162761009.0,29.1935,4.1499,8.6863,1.2943,62.7498,42.3743,52.2154,51.024,63.5455,78.2638,78.2638,86.0991,77.4276,100.0,57.268,6.0603,55.0577,0.3344,64.1125,-8.2714,55.5961
2025-07-25,60.99,63.53,59.47,62.05,9094810,148799691.1064,12116478.8074,16.85,22.3108,2.7751,7.1429,100.0,92.8571,3.6994,43.1619,52.9433,62.7248,0.5,141.4062,31.401,58.1525,27.6559,56.1448,55.7444,53.9902,16.6495,228.7439,-2.0098,0.1731,-0.9979,-0.7518,53.1807,1,55.2427,2.1547,0.64,1.5146,2.7751,2.3034,0.4717,8.1966,31.6662,75.3898,56.891,54.1458,16.8619,3.7433,5.9619,171855819.0,29.7539,5.1886,6.42,1.3071,65.7005,42.7487,52.9433,51.5087,75.5034,82.9213,82.9213,95.2602,87.9217,100.0,59.2661,3.9975,55.3802,0.3841,65.3226,-2.9867,56.5766
2025-08-01,63.03,63.22,59.17,58.89,8336018,143098266.4496,9943642.8633,17.5033,21.7086,3.0615,0.0,92.8571,92.8571,3.72,44.0566,53.5953,63.134,-0.7951,114.7262,17.2003,58.6142,25.9958,56.5671,56.1638,54.3531,16.5335,227.0603,-1.0454,3.0758,-0.9994,-0.7321,53.9982,1,55.4237,2.214,0.5595,1.6545,3.0615,2.0123,1.0492,8.3153,31.9384,70.0535,57.7752,56.7904,16.138,3.6309,6.3169,163519801.0,27.4757,5.7206,6.5708,1.1384,58.6002,43.3428,53.5953,51.906,80.5556,80.4817,80.4817,60.0858,76.9288,30.7865,59.6161,3.9877,55.6306,0.4282,62.6401,-31.7836,56.9968
2025-08-08,60.53,64.1,60.02,60.32,10886470,138829062.528,6792404.8327,18.3185,21.3918,3.0685,0.0,100.0,100.0,3.756,44.5385,54.1917,63.8448,0.1789,126.0605,21.3359,59.3213,28.916,57.1441,56.7176,54.7949,16.4549,185.0122,0.5284,3.8554,-0.7662,-0.0874,55.0522,1,55.6543,2.3492,0.5557,1.7934,3.0685,1.5374,1.5311,8.4348,32.2222,70.4653,57.782,57.1492,14.8416,5.0806,6.227,174406271.0,26.9163,5.7165,9.1979,1.1274,60.6679,43.9191,54.1917,52.3186,79.4789,75.0337,75.0337,69.7551,60.5765,50.943,60.3224,4.224,55.9662,0.4717,59.9973,-23.4412,57.5391
2025-08-15,61.26,63.37,61.01,60.47,7840574,133646310.2229,3236713.1019,19.0754,21.3867,3.4078,0.0,92.8571,92.8571,3.6537,45.3549,54.8457,64.3365,0.0636,119.1375,21.7712,59.9068,28.916,57.655,57.2172,55.2149,16.3813,156.8799,1.6634,3.7743,-0.3727,0.3927,55.9444,1,55.8326,2.4401,0.5173,1.9228,3.4078,1.4149,1.9929,8.5552,32.5046,69.7009,57.782,57.5358,14.1674,3.8203,6.0426,182246845.0,25.6936,6.3373,6.7443,1.0985,60.8856,44.6869,54.8457,52.7428,73.7336,65.6853,65.6853,67.2151,37.9724,32.1876,60.8489,2.3237,56.4122,0.512,55.9193,-23.7423,58.0363
2025-08-22,61.28,61.37,58.52,60.12,5460445,137916781.2686,2846651.5355,18.7245,20.8072,3.6864,42.8571,85.7143,42.8571,3.5956,47.5847,55.6911,63.7975,-0.0773,83.8496,20.1012,60.2708,14.1625,58.0343,57.6043,55.5783,16.2939,155.194,3.319,4.2563,-0.3452,0.4195,56.6346,1,55.8873,2.456,0.4266,2.0294,3.6864,1.2543,2.4321,8.6763,32.7808,64.4953,57.782,57.5358,18.2286,6.3606,5.9807,176786400.0,24.2437,6.8392,11.8315,1.0311,60.0506,45.424,55.6911,53.1589,67.1776,60.8137,60.8137,45.4709,34.5194,20.4277,61.0672,2.8406,56.9467,0.5451,55.4538,-26.8314,58.4358
2025-08-29,61.0,61.66,59.46,59.67,10048646,137699382.6773,2359122.1124,18.4856,20.1428,3.7694,35.7143,78.5714,42.8571,3.4851,49.3539,56.3633,63.3726,-0.1935,81.6868,17.8021,60.4282,15.3796,58.2852,57.8791,55.881,16.1857,162.7924,5.414,0.2982,-0.4663,0.2958,57.1179,1,56.0342,2.4042,0.2998,2.1044,3.7694,0.9858,2.7836,8.7982,33.0496,70.5461,57.782,57.5358,17.4634,6.1514,5.841,166737754.0,23.8113,6.9713,11.4949,1.0797,58.9011,46.1316,56.3633,53.4883,58.8175,49.9536,49.9536,37.1749,21.9272,13.1663,61.0166,2.048,57.6022,0.5684,55.5864,-30.9135,58.7574
2025-09-05,59.44,59.88,57.52,57.79,10867351,133739246.2959,685169.2169,17.608,19.256,3.7091,28.5714,71.4286,42.8571,3.4231,51.1641,56.8792,62.5944,-0.4958,36.621,8.5878,60.0663,6.1995,58.2091,57.8673,56.0225,16.0655,178.1149,3.5198,-4.0791,-0.6835,0.0329,57.3289,1,56.0662,2.1866,0.0658,2.1208,3.7091,0.6582,3.051,8.9206,33.297,70.7286,57.782,57.5358,19.8822,3.5188,5.9234,155870403.0,22.5104,6.81,6.4836,1.0462,54.2939,46.8108,56.8792,53.7417,47.4676,31.6354,31.6354,12.2605,11.198,0.0,60.2728,2.6183,58.2215,0.5743,49.7115,-47.7162,58.7871
2025-09-12,58.24,58.48,55.29,56.1,12371813,131311496.4921,-834383.6522,16.7035,18.3131,3.5307,21.4286,64.2857,42.8571,3.4043,51.8736,57.0978,62.3221,-0.5243,-18.2237,0.9398,59.3343,4.9444,57.8853,57.6323,56.0285,15.9424,196.7934,1.6385,-3.0576,-0.8812,-0.2889,57.4395,0,56.0664,1.8568,-0.2112,2.068,3.5307,0.2838,3.2469,9.0437,33.5251,63.1576,57.782,57.5358,23.205,0.1688,6.0677,143498590.0,21.0184,6.4357,0.3017,0.9905,50.4699,47.463,57.0978,53.9543,34.555,22.0759,22.0759,16.7924,4.3888,0.0,59.0828,3.1588,58.6527,0.56,43.7757,-62.8297,58.5676
2025-09-19,56.8,60.68,56.7,59.53,11496792,138993365.0532,1064065.0482,15.9106,17.3337,3.5402,14.2857,57.1429,42.8571,3.4523,52.3474,57.3991,62.4509,0.8095,42.15,14.154,59.5788,5.6034,58.1378,57.8848,56.2876,15.8095,214.3293,1.0967,-2.8447,-0.9827,-0.5639,57.5851,0,56.2305,1.8501,-0.1743,2.0244,3.5402,0.1459,3.3943,9.1674,33.7851,71.2663,57.782,57.5358,21.2479,4.2698,5.7996,154995382.0,23.7705,6.4032,7.7272,1.1073,57.077,48.089,57.3991,54.2245,30.0023,36.2955,36.2955,79.8335,22.9875,68.9625,59.3537,4.0762,58.9987,0.547,53.7045,-32.1581,58.8096
2025-09-26,59.5,62.57,57.57,57.61,8603213,132179620.3572,-424039.7092,15.7468,16.5934,3.2865,7.1429,50.0,42.8571,3.5599,52.5926,57.5276,62.4625,-0.282,45.1177,5.6625,59.285,13.6176,58.0569,57.8484,56.3857,15.6934,233.4336,-0.1009,-2.641,-0.9892,-0.8032,57.697,0,56.2685,1.6712,-0.2826,1.9538,3.2865,-0.1646,3.4511,9.2917,34.0234,75.5084,58.1611,57.5358,19.1338,-2.213,6.179,146392169.0,25.1664,5.9023,-3.6991,1.0766,52.8312,48.69,57.5276,54.4406,34.4669,45.0292,45.0292,38.4615,32.3233,28.0072,58.8669,4.9589,59.2048,0.5258,49.058,-49.3164,58.7413
2025-10-03,58.36,58.89,55.7,57.32,8090766,134741273.5422,-179189.3049,14.9215,15.6534,2.9161,0.0,42.8571,42.8571,3.5316,52.556,57.4784,62.4009,-0.1755,-14.4474,4.4057,58.9631,4.1921,57.9442,57.7786,56.4553,15.6454,251.798,-0.5582,-1.7311,-0.8926,-0.95,57.8632,0,56.2897,1.4889,-0.3719,1.8608,2.9161,-0.5189,3.435,9.4165,34.2564,65.363,58.6534,58.2448,21.6605,-4.7258,6.1607,138301403.0,23.556,5.1865,-7.6161,1.0562,52.2029,49.2669,57.4784,54.5941,44.083,50.9244,50.9244,34.478,41.0662,26.2289,58.3822,3.1638,59.2333,0.4978,52.1978,-59.4506,58.5957
2025-10-10,58.17,59.33,55.04,54.61,7700642,127112432.4,-2490091.8388,13.9276,14.7043,2.1587,0.0,35.7143,35.7143,3.5832,52.4568,57.4459,62.4349,-0.7249,-44.3715,-6.8655,58.0158,1.0072,57.4308,57.3557,56.3184,15.6601,272.3036,-1.3774,-2.3077,-0.6781,-0.9992,57.9962,1,56.274,1.1124,-0.5987,1.7111,2.1587,-1.1751,3.3339,9.5417,34.4599,59.9445,58.3286,58.4909,21.1282,-4.2827,6.5619,130600761.0,21.5582,3.8176,-7.2723,0.9762,46.5673,49.8208,57.4459,54.6758,40.1184,24.4017,24.4017,0.2656,18.0787,0.0,57.0579,4.2547,59.0528,0.454,42.6677,-92.0084,58.0587
2025-10-17,56.06,57.56,53.62,53.75,9593206,120364359.7384,-5356203.1006,13.3396,14.6792,1.2258,100.0,28.5714,-71.4286,3.6068,52.2125,57.3717,62.531,-0.4715,-84.1329,-10.1443,57.0314,5.6956,56.8651,56.8755,56.1284,15.6958,294.8442,-2.6531,-0.0826,-0.3446,-0.9075,58.0544,1,56.2485,0.7367,-0.7795,1.5163,1.2258,-1.8657,3.0914,9.6673,34.6529,53.3396,57.9022,58.1438,22.29,-6.5633,6.7097,121007555.0,19.8877,2.1585,-10.8812,0.9728,44.9278,50.3525,57.3717,54.7263,29.6949,13.7588,13.7588,6.5327,8.743,0.0,55.7642,3.9125,58.692,0.3975,39.5252,-94.163,57.4207
2025-10-24,54.64,55.06,53.22,53.91,7526687,122138944.4782,-5477135.0086,12.9244,14.8872,0.7271,100.0,21.4286,-78.5714,3.4798,51.8657,57.2351,62.6045,-0.1518,-103.6244,-9.3729,56.2732,7.5274,56.4109,56.4805,55.9643,15.7776,-43.2523,-1.2959,2.0098,0.0305,-0.6852,58.0301,1,56.1176,0.4466,-0.8557,1.3023,0.7271,-2.0355,2.7626,9.7931,34.8455,46.6734,57.9022,57.9479,22.2569,-6.5523,6.4546,128534242.0,19.1408,1.2786,-10.8365,0.9012,45.3136,50.8629,57.2351,54.7184,14.8302,6.3303,6.3303,12.1925,1.6269,4.8807,54.8603,1.8298,58.1832,0.3354,39.6779,-89.0566,56.8181
2025-10-31,54.93,56.36,53.35,53.62,9466199,117131121.1267,-6622084.1275,12.0442,14.7737,0.1642,92.8571,14.2857,-78.5714,3.4449,51.8394,57.2279,62.6163,-0.2886,-90.6152,-10.6368,55.5877,0.6014,55.9808,56.0984,55.7903,15.9106,-23.5386,-0.4006,-0.1225,0.3659,-0.3994,57.9515,1,55.836,0.1905,-0.8894,1.08,0.1642,-2.1978,2.3621,9.9193,35.0332,46.3656,57.0401,57.9479,20.877,-6.5052,6.4251,119068043.0,20.6274,0.2887,-10.8203,0.8641,44.6816,51.353,57.2279,54.7165,10.3045,10.8244,10.8244,13.748,1.6269,0.0,54.1002,2.9902,57.6663,0.2709,36.912,-91.9364,56.2321
2025-11-07,54.17,54.91,52.1,52.59,17804599,111110924.8528,-8403981.7517,11.6708,14.9946,-0.3975,100.0,7.1429,-92.8571,3.3979,51.6535,57.1819,62.7103,-0.4057,-122.5525,-15.0188,54.7835,6.8161,55.4597,55.6311,55.5535,16.0398,-10.4513,-1.0899,-1.6104,0.5671,-0.1814,57.7114,1,55.558,-0.0938,-0.939,0.8452,-0.3975,-2.3033,1.9058,10.0458,35.2088,43.7459,56.5294,57.3926,22.2598,-7.0713,6.4606,101263444.0,19.4189,-0.7,-11.8517,0.8931,42.4906,63.1137,57.1819,54.6999,10.0296,12.9341,12.9341,12.8619,1.6269,0.0,53.2024,2.7868,57.1318,0.2029,31.929,-91.9399,55.5903
2025-11-14,53.64,55.18,51.05,51.14,16558966,98641582.417,-12336459.5773,11.6804,15.3779,-0.8704,100.0,0.0,-100.0,3.4477,51.0183,57.0251,63.0319,-0.5036,-136.3399,-20.9747,53.7777,11.8052,54.7945,55.0318,55.2263,16.2834,-4.9582,-1.9388,-2.4503,0.6433,-0.0864,57.2698,1,54.8617,-0.4318,-1.0216,0.5898,-0.8704,-2.2872,1.4168,10.1724,35.368,34.4243,55.8004,56.5124,22.5285,-6.6548,6.7423,84704478.0,17.7711,-1.5403,-11.5154,0.8478,39.5126,62.9992,57.0251,54.6143,11.7466,11.4813,11.4813,7.8341,0.0,0.0,52.0551,4.096,56.4702,0.1293,31.4934,-95.7007,54.814
2025-11-21,51.39,52.09,48.68,50.05,17763000,99526632.917,-12542097.2035,12.4147,15.5696,-1.4711,100.0,0.0,-100.0,3.443,50.0068,56.731,63.4553,-0.2698,-170.1328,-25.163,52.7062,21.9603,54.0653,54.3682,54.8432,16.8203,-4.5204,-3.3467,-1.3547,0.6492,-0.0788,56.8078,1,54.0086,-0.7779,-1.0942,0.3163,-1.4711,-2.3311,0.8599,10.2991,35.5149,27.1055,55.0876,55.1674,25.824,-6.0498,6.8785,66941478.0,16.5242,-2.6127,-10.7831,0.8278,37.4185,62.7519,56.731,54.4995,13.0259,14.6624,14.6624,23.2911,0.0,0.0,50.8598,3.3818,55.7272,0.0508,31.0181,-87.1137,53.9811
2025-11-28,50.53,52.95,50.03,52.74,9025181,107414051.1817,-8976397.9479,12.542,15.5138,-1.796,92.8571,35.7143,-57.1429,3.4351,49.684,56.6052,63.5264,0.7881,-114.6223,-9.6215,52.5226,14.1971,53.8614,54.1511,54.6874,17.657,-2.4458,-2.975,1.0221,0.6763,-0.0427,56.429,1,53.9036,-0.826,-0.9138,0.0878,-1.796,-2.0912,0.2952,10.4261,35.6872,32.0856,54.8599,55.1674,24.035,-6.7862,6.5132,75966659.0,18.0589,-3.195,-11.4004,0.8772,45.1892,62.3177,56.6052,54.4407,18.6754,29.8826,29.8826,58.5226,33.3333,100.0,50.9513,3.3316,55.0069,-0.0158,39.8088,-67.6211,53.6053
2025-12-05,52.08,54.15,51.75,53.26,16589151,111699581.8567,-5338088.6787,12.1707,14.8894,-1.9028,85.7143,28.5714,-57.1429,3.3611,49.375,56.277,63.1789,0.4917,-76.2143,-6.8545,52.5179,7.3444,53.7689,54.0323,54.5817,18.7583,0.914,-2.2126,0.9467,0.7183,0.016,56.1624,1,53.8609,-0.8128,-0.7205,-0.0923,-1.9028,-1.6626,-0.2402,10.5532,35.8629,34.2291,54.7905,55.1674,22.8092,-4.3521,6.3108,92555810.0,19.688,-3.393,-7.5541,0.8926,46.5728,61.8965,56.277,54.4507,32.523,53.024,53.024,77.2583,66.6667,100.0,51.2551,2.4,54.3762,-0.0693,44.4864,-63.8463,53.3691
2025-12-12,53.24,55.93,52.19,53.79,11154099,110089096.9744,-3876835.6513,11.4475,14.0755,-2.382,78.5714,21.4286,-57.1429,3.3882,49.4199,55.8639,62.308,0.1471,-49.7787,-3.9737,52.6595,2.0455,53.7721,54.0,54.523,19.8305,5.4688,-2.0172,0.4183,0.7713,0.0953,55.9946,1,53.8582,-0.7509,-0.5269,-0.224,-2.382,-1.6373,-0.7447,10.6807,36.0422,41.1399,54.7905,55.1674,21.0108,-3.5345,6.2989,103709909.0,21.8882,-4.2474,-6.1657,0.9308,48.0131,61.488,55.8639,54.4671,50.7254,69.2695,69.2695,72.0276,100.0,100.0,51.7158,3.74,53.8489,-0.1094,43.6284,-59.9989,53.2646
2025-12-19,54.08,54.23,51.65,52.19,8732997,105011773.1372,-4542122.8472,10.6862,13.2984,-2.7829,71.4286,14.2857,-57.1429,3.3305,49.0524,55.529,62.0055,-0.7326,-71.9241,-11.7119,52.3878,0.7898,53.5287,53.7586,54.3502,20.7966,9.6686,-2.2491,-0.0358,0.8158,0.1679,55.8418,1,53.797,-0.8215,-0.478,-0.3435,-2.7829,-1.5928,-1.1902,10.8083,36.2036,42.2689,54.7905,55.1674,21.0063,-2.417,6.3814,94976912.0,20.6771,-4.9668,-4.4262,0.9302,44.144,61.0918,55.529,54.4506,63.0311,66.7999,66.7999,51.1137,87.8269,63.4806,51.5435,2.58,53.3654,-0.1454,43.0748,-71.6136,52.9849
2025-12-26,52.56,53.76,52.33,53.37,3592430,106644695.8644,-3881799.2099,9.9793,12.8631,-3.0778,64.2857,7.1429,-57.1429,3.2047,49.0327,55.1816,61.3305,0.5664,-55.1692,-4.9922,52.4738,0.7898,53.5043,53.7068,54.2776,21.5604,13.9068,-2.742,2.4449,0.8563,0.2403,55.7102,1,53.7606,-0.7733,-0.3438,-0.4295,-3.0778,-1.4649,-1.6129,10.9361,36.3753,38.8392,53.8334,55.1674,20.2712,-0.3841,6.0047,98569342.0,19.9535,-5.4964,-0.7145,0.8966,47.5039,60.7074,55.1816,54.5084,65.6432,60.8604,60.8604,59.4398,83.4398,86.8388,51.8616,1.57,52.9402,-0.1716,44.7242,-63.0478,52.8998
