date,open,high,low,close,volume,ad_14_chaikin a/d,adosc_14_adosc,adx_14_adx,adxr_14_adxr,apo_14_apo,aroon_14_aroon down,aroon_14_aroon up,aroonosc_14_aroonosc,atr_14_atr,bbands_20_real lower band,bbands_20_real middle band,bbands_20_real upper band,bop_14_bop,cci_20_cci,cmo_14_cmo,dema_14_dema,dx_14_dx,ema_12_ema,ema_14_ema,ema_26_ema,ht_dcperiod_14_dcperiod,ht_dcphase_14_ht_dcphase,ht_phasor_14_phase,ht_phasor_14_quadrature,ht_sine_14_lead sine,ht_sine_14_sine,ht_trendline_14_ht_trendline,ht_trendmode_14_trendmode,kama_14_kama,macd_14_macd,macd_14_macd_hist,macd_14_macd_signal,macdext_14_macd,macdext_14_macd_hist,macdext_14_macd_signal,mama_14_fama,mama_14_mama,mfi_14_mfi,midpoint_14_midpoint,midprice_14_midprice,minus_di_14_minus_di,mom_10_mom,natr_14_natr,obv_14_obv,plus_di_14_plus_di,ppo_14_ppo,rocr_14_rocr,rsi_14_rsi,sar_14_sar,sma_20_sma,sma_50_sma,stoch_14_slowd,stoch_14_slowk,stochf_14_fastd,stochf_14_fastk,stochrsi_14_fastd,stochrsi_14_fastk,t3_14_t3,tema_14_tema,trange_14_trange,trima_14_trima,trix_14_trix,ultosc_14_ultosc,willr_14_willr,wma_14_wma
2023-05-19,24.67,24.76,24.52,21.49,49738,-29345.42,,,,,,,,,,,,-0.42,,,,,,,,,,,,,,,0,,,,,,,,,,,,,,,,49738.0,,,,,,,,,,,,,,,,,,,,,
2023-05-26,24.64,24.82,24.46,21.63,4109,-27290.92,,,,,,,,,,,,0.2453,,,,,,,,,,,,,,,0,,,,,,,,,,,,,,,,53847.0,,,,,21.3947,,,,,,,,,,,0.3149,,,,,
2023-06-02,24.34,24.68,24.07,21.59,39705,12414.08,,,,,,,,,,,,0.5625,,,,,,,,,,,,,,,0,,,,,,,,,,,,,,,,14142.0,,,,,21.7096,,,,,,,,,,,0.5773,,,,,
2023-06-09,24.65,24.8,24.65,21.62,77,12408.8605,,,,,,,,,,,,0.4661,,,,,,,,,,,,,,,0,,,,,,,,,,,,,,,,14219.0,,,,,21.7096,,,,,,,,,,,0.1355,,,,,
2023-06-16,24.47,25.63,24.43,22.41,1239,13647.8605,,,,,,,,,,,,0.9674,,,,,,,,,,,,,,,0,,,,,,,,,,,,,,,,15458.0,,,,,21.0536,,,,,,,,,,,1.045,,,,,
2023-06-23,25.33,25.76,25.07,22.01,4535,10286.1924,,,,,,,,,,,,-0.2487,,,,,,,,,,,,,,,0,,,,,,,,,,,,,,,,10923.0,,,,,21.0672,,,,,,,,,,,0.6038,,,,,
2023-06-30,25.26,25.26,24.66,22.05,3427,13182.7006,,,,,,,,,,,,-0.0774,,,,,,,,,,,,,,,0,,,,,,,,,,,,,,,,14350.0,,,,,21.0965,,,,,77.3752,67.7026,,,,,0.5232,,,,,
2023-07-07,25.2,25.51,25.16,22.31,13494,23629.6683,,,,,,,,,,,,0.7643,,,,,,,,,,,,,,,0,,,,,,,,,,,,,,,,27844.0,,,,,21.1251,,,,,70.9817,80.8194,,,,,0.3095,,,,,
2023-07-14,25.48,26.08,25.48,22.74,3883,25996.7785,,,,,,,,,,,,0.8048,,,,,,,,,,,,,,,0,,,,,,,,,,,,,,,,31727.0,,,,,21.1533,,,76.2983,80.5378,80.5378,93.0915,,,,,0.5342,,,,,
2023-07-21,25.86,26.5,25.86,23.21,4294,30290.7785,15267.5198,,,,,,,,,,,1.0,,,,,,,,,,,,,,,0,,,,,,,,,,,,,,,,36021.0,,,,,21.2039,,,80.941,91.3036,91.3036,100.0,,,,,0.5562,,,,,
2023-07-28,26.67,27.01,26.67,23.66,1187,31477.7785,14237.1708,,,,,,,,,,,1.0,,,,,,,,,,,,,,,0,,,,,,,,,,,,,,2.1697,,37208.0,,,,,21.284,,,89.8462,97.6972,97.6972,100.0,,,,,0.4539,,,,,
2023-08-04,27.07,27.07,26.72,23.6,708,31670.1253,12582.5773,,,,,,,,,,,-0.3642,,,,,22.3601,,,,,,,,,,0,,,,,,,,,,,,,,1.9649,,36500.0,,,,,21.4028,,,95.6004,97.8004,97.8004,93.4011,,,,,0.303,,,,,
2023-08-11,26.97,27.19,26.96,23.62,3427,28243.1253,9671.4184,,,,,,,,,,,-0.0222,,,,,22.5535,,,,,,,,,,0,,,,,,,,,,,,,,2.0262,,39927.0,,,,,21.541,,,96.2999,93.4023,93.4023,86.8058,,,,,0.219,,,,,
2023-08-18,26.89,26.89,26.4,23.36,6390,29028.651,7851.2099,,,,,,,,,,,-0.4385,,,,,22.6784,22.5217,,,,,,,,,0,,,,,,,,,,,22.575,22.4341,,1.7407,,33537.0,,,,,21.7002,,,90.5768,80.5276,80.5276,61.3759,,,,,0.4905,22.4851,,,-16.2951,22.9261
2023-08-25,26.7,27.03,26.65,23.67,5881,34909.651,8264.0601,,,,14.2857,85.7143,71.4286,0.4571,,,,0.8533,,58.7959,,38.5032,22.8315,22.6753,,,,,,,,,0,23.419,,,,,,,,,47.426,22.6328,22.4341,19.3047,1.2598,1.9307,39418.0,43.4781,,1.1016,79.3979,21.8482,,,83.2806,75.912,75.912,79.5541,,,,,0.3331,22.6824,,,-5.0912,23.0798
2023-09-01,26.97,27.54,26.94,24.08,711809,630693.784,197249.3538,,,,7.1429,100.0,92.8571,0.462,,,,0.8685,,63.119,,45.5087,23.0234,22.8624,,,,,,,,,0,23.5438,,,,,,,,,94.3421,22.8349,22.5874,17.632,2.073,1.9186,751227.0,47.083,,1.1132,81.5595,21.9858,,,78.4378,78.8739,78.8739,95.6916,,,,,0.5255,22.8889,,,-1.3962,23.2665
2023-09-08,27.63,27.77,27.48,24.19,184224,620997.784,253544.6691,,,,0.0,100.0,100.0,0.4468,,,,-0.0351,,64.2471,,48.3627,23.2031,23.0396,,,,,,,,,0,23.6754,,,,,,,,,99.0076,22.9077,22.846,16.8837,2.1374,1.8469,935451.0,48.5098,,1.1204,82.1235,22.1567,,,80.9572,88.0856,88.0856,89.011,,,,,0.2496,23.0933,,,-4.4484,23.4451
2023-09-15,27.84,28.26,27.72,24.6,30613,632155.7933,257075.3311,,,,7.1429,100.0,92.8571,0.4549,,,,0.4673,,68.0808,,53.9023,23.4184,23.2481,,,,,,,,,0,23.8798,,,,,,,,,99.0394,23.3042,23.0606,15.3121,2.2947,1.849,966064.0,51.1211,,1.1378,84.0404,22.3516,,,86.2685,91.8461,91.8461,90.8356,,,,,0.5606,23.2857,,,-4.4019,23.6537
2023-09-22,28.07,28.15,27.72,24.28,21471,610684.7933,228317.5264,,,,0.0,92.8571,92.8571,0.4493,,,,-0.814,,54.0744,,53.721,23.5508,23.3855,,,,,,,,,0,23.9281,,,,,,,,,96.8618,23.3042,23.1615,14.4193,1.5382,1.8507,944593.0,47.8953,,1.0832,77.0372,22.5917,,,87.3464,82.1076,82.1076,66.4763,,,,,0.3766,23.4539,,,-14.8699,23.7908
2023-09-29,27.62,27.79,27.27,23.92,146601,484499.0894,155646.8344,,,,7.1429,85.7143,78.5714,0.4498,20.9906,23.0023,25.0139,-0.6034,77.6782,40.0243,,37.9778,23.6071,23.4563,,,,,,,,,0,23.9266,,,,,,,,,84.3277,23.3285,23.1615,19.8947,0.7106,1.8805,797992.0,44.2588,,1.0868,70.0121,22.8077,23.0023,,78.547,61.6873,61.6873,27.75,,,,,0.4554,23.6063,,,-26.262,23.8617
2023-10-06,26.76,26.9,26.05,23.18,78473,425395.0722,92962.3791,,,,0.0,78.5714,78.5714,0.4767,21.1982,23.0869,24.9756,-0.7119,25.065,16.783,,12.8493,23.5417,23.4198,,,,,,,,,0,23.8931,,,,,,,,,79.2177,23.4557,23.3928,29.7593,-0.4776,2.0564,719519.0,38.5347,,1.0512,58.3915,23.0021,23.0869,,59.0226,33.2729,33.2729,5.5924,0.0,0.0,,,0.8273,23.7267,,,-57.7451,23.8166
2023-10-13,26.5,27.09,26.33,24.01,11139,436534.0722,62411.8402,,,,0.0,71.4286,71.4286,0.5019,21.4011,23.2059,25.0107,0.7751,51.6746,30.7528,,16.3216,23.6139,23.4986,,,,,,,,,0,23.9012,,,,,,,,,79.1926,23.6719,23.5365,26.1155,0.4153,2.0902,730658.0,36.3032,,1.0763,65.3764,23.0893,23.2059,,41.518,29.5937,29.5937,55.4387,9.0776,27.2328,,,0.8287,23.8297,,,-30.4785,23.8713
2023-10-20,27.0,27.45,26.95,24.2,9234,440413.5323,45474.4625,,,,0.0,64.2857,64.2857,0.4977,21.6434,23.3364,25.0295,0.6102,76.804,33.5252,,22.6305,23.7044,23.5924,,,,,,,,,0,23.919,,,,,,,,,79.2891,23.8926,23.7009,24.3927,0.5846,2.0565,739892.0,38.6623,,1.0643,66.7626,23.0893,23.3364,,35.6318,44.0289,44.0289,71.0556,24.0428,44.8957,,,0.4439,23.9105,,,-26.1495,23.9352
2023-10-27,27.28,27.32,26.84,24.21,7105,447518.5323,36672.175,,,,0.0,57.1429,57.1429,0.4923,21.9276,23.4658,25.004,0.0746,66.9891,33.6579,,19.669,23.7824,23.6749,,,,,,,,,0,23.9306,,,,,,,,,78.7546,23.8926,23.9206,24.3128,0.8463,2.0333,746997.0,36.2187,,1.0433,66.8289,23.2556,23.4658,,48.5596,72.0563,72.0563,89.6746,48.2453,72.6073,,,0.4215,23.9678,,,-32.5289,23.9863
2023-11-03,27.04,27.21,26.85,24.01,10616,450756.4123,30767.6397,,,,71.4286,50.0,-21.4286,0.4866,22.0696,23.5454,25.0212,0.1222,52.9674,27.3462,,19.669,23.8169,23.7191,,,,,,,,,0,23.9316,,,,,,,,,78.0532,23.8926,23.9206,22.7939,0.3325,2.0269,736381.0,33.956,,1.0147,63.6731,23.4052,23.5454,,64.7628,78.2032,78.2032,73.8792,60.0335,62.5973,,,0.4127,23.9969,,,-44.8279,24.0007
2023-11-10,27.12,27.16,26.33,23.5,17381,441120.3138,22489.0585,,,0.7896,64.2857,42.8571,-21.4286,0.5044,22.3233,23.6202,24.9171,-0.7292,7.486,13.1314,,5.6771,23.7683,23.6901,23.1985,,,,,,,,0,23.9291,,,,,,,,,76.9656,23.8926,23.9206,27.0625,-0.5771,2.1462,719000.0,30.3201,3.4037,0.996,56.5657,24.7519,23.6202,,70.1021,60.0468,60.0468,16.5865,45.0682,0.0,,,0.7356,23.9952,,,-75.2155,23.9443
2023-11-17,26.57,26.96,26.21,23.53,17102,439551.4903,16558.7352,,,0.6993,57.1429,35.7143,-21.4286,0.5158,22.6121,23.6942,24.7762,-0.0259,-17.6578,13.7805,24.0202,2.6931,23.7321,23.6692,23.2233,,,,,,,,0,23.9268,,,,,,,,,75.875,23.8926,23.9206,26.0184,-0.6583,2.192,736102.0,27.4586,3.0042,0.9964,56.8902,24.7377,23.6942,,59.1851,39.3052,39.3052,27.45,21.9199,3.1625,,,0.6648,23.9745,,,-73.3122,23.8931
2023-11-24,26.82,26.9,26.46,23.6,20694,434139.2134,10905.2662,27.1556,,0.5835,50.0,28.5714,-21.4286,0.5066,22.8798,23.7585,24.6372,-0.4574,-19.8884,15.1236,23.955,2.6931,23.7111,23.6593,23.2508,,,,,,,,0,23.9238,,,,,,,,,76.6334,23.8926,23.9206,24.5685,-1.0078,2.1469,756796.0,25.9284,2.4985,1.0099,57.5618,24.7076,23.7585,,42.1388,27.0643,27.0643,37.1563,4.2894,9.7058,,,0.386,23.9558,,,-69.5698,23.851
2023-12-01,26.51,26.87,26.41,23.48,123343,353698.1265,-17993.7957,25.3095,,0.4515,42.8571,21.4286,-21.4286,0.4995,23.0371,23.7954,24.5538,-0.0435,-45.9149,11.6341,23.8708,1.3107,23.6754,23.6353,23.2677,,,,,,,,0,23.92,,,,,,,,,69.8362,23.8926,23.9206,23.7518,-0.7996,2.1274,633453.0,24.3827,1.9275,0.9918,55.8171,24.6781,23.7954,,32.4128,30.8688,30.8688,28.0,4.2894,0.0,,,0.4077,23.9309,,49.6923,-76.5429,23.7913
2023-12-08,26.3,26.3,25.59,22.89,33855,342289.1155,-31810.4795,24.7978,,0.2601,100.0,14.2857,-85.7143,0.5208,22.9621,23.7796,24.5972,-0.6685,-175.2301,-4.2452,23.654,18.1454,23.5546,23.536,23.2398,,,,,,,,0,23.8683,,,,,,,,,36.4025,23.7467,23.7168,31.2666,-1.0263,2.2752,599598.0,21.6624,1.108,0.9507,47.8774,24.6491,23.7796,,28.2162,26.7155,26.7155,14.9901,3.2353,0.0,,,0.7975,23.8765,,43.7577,-89.9254,23.6548
2023-12-15,25.7,26.02,25.39,23.1,64864,407153.1155,-13932.352,24.5609,,0.1353,100.0,7.1429,-92.8571,0.5238,22.882,23.7515,24.6209,0.5197,-164.0801,1.0488,23.5288,21.4814,23.4841,23.4773,23.2291,,,,,,,,0,23.8347,,,,,,,,,12.3263,23.7467,23.6422,30.8928,-0.0863,2.2681,664462.0,19.9673,0.5757,0.9547,50.5244,24.5901,23.7515,,28.564,28.1078,28.1078,41.3333,9.1109,27.3328,,,0.5635,23.8,,46.1412,-74.6086,23.5571
2023-12-22,26.29,26.45,26.11,23.21,20316,391444.0,-10350.35,23.4788,,0.0299,92.8571,0.0,-92.8571,0.5132,22.8324,23.7319,24.6314,-0.407,-84.5811,3.8462,23.4542,9.4108,23.4412,23.4411,23.2274,,,,,,,,0,23.7917,,,,,,,,,10.5501,23.5846,23.594,29.2514,-0.8056,2.2117,684778.0,24.2194,0.1269,0.9432,51.9231,24.5078,23.7319,,30.257,35.9476,35.9476,51.5195,23.036,41.7753,,,0.3752,23.7089,,44.0419,-68.3023,23.4845
2023-12-29,26.26,26.46,25.6,23.07,19086,378647.7258,-12015.5865,22.7897,,-0.0185,85.7143,0.0,-85.7143,0.5116,22.761,23.7047,24.6484,-0.4825,-92.942,0.1378,23.3607,13.8326,23.3845,23.3919,23.2159,15.6467,,-0.3423,0.0011,,,,0,23.7494,,,,,,,0.2492,4.5066,10.613,23.5507,23.4364,29.7685,-1.1299,2.2174,665692.0,22.5338,-0.0782,0.9503,50.0689,24.4288,23.7047,,36.3419,44.9701,44.9701,42.0574,32.2368,27.6022,,,0.4906,23.6207,,43.7173,-70.1363,23.4073
2024-01-05,25.63,25.85,25.43,23.18,16478,392177.8089,-7299.4671,22.4182,,-0.1211,78.5714,0.0,-78.5714,0.5022,22.7355,23.6955,24.6556,0.4298,-105.6344,3.2047,23.3126,17.5883,23.3533,23.3639,23.2134,17.2118,,-0.2896,-0.1161,,,,0,23.731,0.1977,-0.2634,0.4611,-0.1211,-0.4333,0.3122,0.2714,4.6934,13.7871,23.5507,23.4317,30.3854,-1.0291,2.1665,682170.0,21.2956,-0.5129,0.9693,51.6023,24.353,23.6955,,44.9701,53.9925,53.9925,68.4005,53.8164,92.0718,,,0.3805,23.5402,,48.0794,-63.8839,23.3564
2024-01-12,25.33,25.83,25.33,23.1,18619,402734.3644,-1347.6536,22.2225,,-0.2266,71.4286,14.2857,-57.1429,0.4987,22.6728,23.667,24.6612,0.7835,-104.6096,0.8206,23.2547,19.6785,23.3149,23.3292,23.2053,18.8653,,-0.4366,-0.1829,,,,0,23.727,0.1585,-0.242,0.4006,-0.2266,-0.4259,0.1993,0.2945,4.8775,15.914,23.5507,23.4317,29.6442,-0.903,2.1585,663551.0,19.8955,-0.959,0.9966,50.4103,24.2801,23.667,,51.9433,56.8672,56.8672,60.1437,46.0284,18.4112,,,0.4526,23.4577,,52.7311,-68.2435,23.3019
2024-01-19,25.69,25.84,25.42,23.08,10075,405852.8168,2201.928,22.026,,-0.3162,64.2857,7.1429,-57.1429,0.49,22.6098,23.6169,24.624,0.0119,-91.5575,-0.0284,23.2018,19.4718,23.2783,23.2956,23.1957,20.4026,,-0.4829,0.3241,,,,0,23.6678,0.1239,-0.2213,0.3452,-0.3162,-0.4026,0.0864,0.3183,5.0595,15.6097,23.5507,23.4317,27.9922,-0.4245,2.1234,653476.0,18.8678,-1.3382,0.9611,49.9858,24.2102,23.6169,,56.2047,57.7544,57.7544,44.7192,36.8277,0.0,,,0.3772,23.3607,,54.4809,-69.7317,23.2446
2024-01-26,25.8,26.41,25.8,23.72,801738,1207590.8168,258552.3089,20.58,,-0.3424,57.1429,0.0,-57.1429,0.5009,22.6196,23.5933,24.567,0.9998,-8.467,17.8463,23.3197,1.7814,23.3461,23.352,23.2345,21.7696,,-0.2349,0.5216,,,,0,23.6693,0.1466,-0.1589,0.3055,-0.3424,-0.326,-0.0165,0.3429,5.2461,72.3688,23.5507,23.3718,25.3975,0.186,2.1117,1455214.0,24.5085,-1.4492,0.98,58.9232,24.1431,23.5933,,60.9698,68.2876,68.2876,100.0,39.4704,100.0,,,0.6421,23.2879,,64.5957,-29.3154,23.2819
2024-02-02,26.13,26.4,25.67,23.13,88389,1138574.7483,317958.5057,19.4832,,-0.3556,50.0,0.0,-50.0,0.5126,22.6442,23.5195,24.3947,-0.5205,-42.305,0.07,23.2678,5.2255,23.3123,23.3219,23.2265,22.9223,,-0.1529,0.384,,,,0,23.6336,0.1154,-0.1521,0.2675,-0.3556,-0.2495,-0.1061,0.3683,5.4249,67.7545,23.4485,23.325,24.663,-0.469,2.2164,1366825.0,22.2135,-1.5062,0.9552,50.035,24.0787,23.5195,,62.4149,61.2027,61.2027,38.8889,33.5168,0.5504,,,0.6646,23.2391,,52.6335,-62.5393,23.2447
2024-02-09,25.59,26.3,25.59,23.58,68673,1199777.3709,332829.2838,18.6187,,-0.3502,42.8571,0.0,-42.8571,0.5213,22.6805,23.4846,24.2888,0.9456,-16.6005,11.1683,23.3398,7.3796,23.3538,23.3566,23.2528,23.7801,,-0.0249,0.5365,,,,0,23.6327,0.126,-0.1132,0.2392,-0.3502,-0.1762,-0.1739,0.3945,5.6064,69.9843,23.3047,23.3028,23.4929,0.1028,2.2104,1435498.0,20.2639,-1.4832,0.9823,55.5842,24.0168,23.4846,,68.1387,74.9259,74.9259,85.8889,54.3967,62.6398,,,0.6341,23.217,,59.228,-31.8679,23.2786
2024-02-16,26.31,26.31,25.94,23.56,70037,1239528.1007,321303.5358,17.7832,,-0.3607,35.7143,0.0,-35.7143,0.5078,22.6862,23.4667,24.2471,-0.2162,11.0393,10.45,23.392,6.9216,23.3851,23.3834,23.2754,24.3951,,0.0847,0.1455,,,,0,23.6323,0.1309,-0.0866,0.2175,-0.3607,-0.1317,-0.2291,0.4215,5.7859,72.4111,23.3047,23.2142,22.3842,0.667,2.1554,1365461.0,19.4861,-1.5274,1.0024,55.225,23.9575,23.4667,,68.3313,68.8653,68.8653,81.8182,40.6038,58.6213,,23.4182,0.3323,23.2178,,65.1106,-24.8319,23.3133
2024-02-23,25.99,26.21,25.91,23.27,62682,1176846.1007,267434.772,17.0722,22.1139,-0.3627,28.5714,0.0,-28.5714,0.492,22.6961,23.4711,24.246,-0.2667,-19.4443,2.2046,23.3626,7.8288,23.3674,23.3682,23.275,24.8113,,-0.0191,0.4995,,,,0,23.6278,0.1103,-0.0857,0.1961,-0.3627,-0.09,-0.2727,0.4492,5.9608,70.1003,23.3047,23.1856,21.8364,0.1739,2.1144,1302779.0,18.6655,-1.5365,0.9888,51.1023,23.9005,23.4711,,70.9006,68.9105,68.9105,39.0244,44.423,12.008,,23.373,0.2874,23.2279,-0.0105,59.9628,-43.5439,23.3091
2024-03-01,25.98,26.46,25.98,23.65,46992,1198384.1007,227938.2984,15.913,20.6113,-0.283,21.4286,0.0,-21.4286,0.4922,22.7132,23.4529,24.1925,0.7292,34.393,11.5389,23.4328,0.8444,23.4104,23.4054,23.3025,24.9261,,0.3827,0.6167,,,,0,23.6279,0.123,-0.0584,0.1815,-0.283,0.0191,-0.3021,0.4776,6.1376,70.6468,23.3047,23.1743,20.2575,0.4417,2.0813,1349771.0,20.6025,-1.1998,1.0022,55.7695,23.8458,23.4529,,68.8031,68.6333,68.6333,85.0575,56.8764,100.0,,23.4703,0.494,23.2539,-0.0067,60.765,-13.1638,23.3577
2024-03-08,26.44,26.5,26.16,23.7,65362,1222040.1824,198585.9218,14.9338,19.8658,-0.2137,14.2857,0.0,-14.2857,0.4791,22.761,23.4278,24.0946,-0.1449,64.8287,12.8191,23.5027,2.2032,23.4551,23.4448,23.3321,24.8702,,0.3465,-0.3135,,,,0,23.6287,0.1359,-0.0365,0.1724,-0.2137,0.0986,-0.3124,0.5068,6.3133,78.3579,23.3047,23.1662,19.3139,0.6287,2.0216,1415133.0,20.1841,-0.9068,1.0094,56.4096,22.5325,23.4278,,69.4018,70.6614,70.6614,87.9024,70.6693,100.0,,23.5617,0.3099,23.2999,-0.0008,61.5988,-7.8018,23.413
2024-03-15,26.3,26.94,26.29,24.16,39490,1256669.8747,179543.4042,14.9978,19.7793,-0.1172,7.1429,100.0,92.8571,0.4866,22.7703,23.4252,24.0801,0.9231,151.7274,23.0172,23.6727,15.83,23.5634,23.5401,23.3933,24.9381,,0.1679,0.0897,,,,0,23.6701,0.181,0.0069,0.1741,-0.1172,0.183,-0.3002,0.5367,6.4917,80.8484,23.6157,23.3637,17.6465,0.977,2.0142,1454623.0,24.2841,-0.4976,1.0554,61.5086,22.5452,23.4252,,76.329,89.6921,89.6921,96.1165,100.0,100.0,,23.7887,0.5838,23.3609,0.011,62.6778,-2.1609,23.5273
2024-03-22,27.14,27.24,26.94,24.24,124617,1170071.6204,127877.1657,15.6154,19.5471,-0.0184,0.0,100.0,100.0,0.4737,22.7344,23.4369,24.1393,-0.5085,215.3331,24.6914,23.8292,23.6439,23.6675,23.6334,23.456,24.7151,,0.3841,-0.1897,,,,0,23.7102,0.2207,0.0373,0.1834,-0.0184,0.2487,-0.2671,0.5674,6.6692,86.052,23.6561,23.6067,16.8281,1.1363,1.9541,1579240.0,27.2499,-0.0781,1.0495,62.3457,22.5782,23.4369,,82.9203,88.4073,88.4073,81.203,100.0,100.0,,23.9845,0.3054,23.427,0.0267,65.7429,-13.089,23.6402
2024-03-28,27.1,27.21,26.88,24.38,432405,1444760.511,182516.791,16.0044,19.3971,0.0638,21.4286,92.8571,71.4286,0.4609,22.6661,23.481,24.2959,0.152,188.1266,27.7016,23.9898,21.0619,23.7777,23.7334,23.5247,24.2463,,0.0296,-0.2678,,,,0,23.759,0.2607,0.0618,0.1989,0.0638,0.2858,-0.222,0.5988,6.8464,89.216,23.728,23.6067,16.9491,1.3067,1.8904,2011645.0,25.9937,0.2707,1.0508,63.8508,22.6348,23.481,,89.3861,90.0589,90.0589,92.8571,100.0,100.0,,24.1769,0.2955,23.5068,0.0456,63.9315,-4.712,23.7614
2024-04-05,26.95,27.82,26.89,25.12,378184,1717215.6508,274967.2012,17.7068,20.0625,0.1572,14.2857,100.0,85.7143,0.4888,22.4767,23.5602,24.6437,0.7957,245.5193,40.7282,24.3001,39.8386,23.9838,23.9179,23.6427,24.0566,,0.1446,0.6421,,,,0,23.9424,0.3476,0.119,0.2286,0.1572,0.3222,-0.165,0.6309,7.0291,91.8651,24.097,23.9921,14.8276,1.3983,1.9462,2389829.0,34.4651,0.6648,1.0886,70.3641,22.6896,23.5602,,89.1891,89.1011,89.1011,93.2431,100.0,100.0,,24.5712,0.8516,23.6078,0.073,68.605,-4.7432,23.9693
2024-04-12,27.75,28.08,27.5,25.09,96151,1672933.6276,273701.0706,19.5902,20.9064,0.2832,7.1429,100.0,92.8571,0.4916,22.3631,23.6347,24.9063,-0.163,219.9925,39.5631,24.5398,44.0742,24.1533,24.0736,23.7496,24.2051,,0.3973,0.7124,,,,0,24.0841,0.4093,0.1445,0.2647,0.2832,0.3778,-0.0946,0.6638,7.2096,92.8529,24.097,24.11,13.6846,1.9594,1.9597,2293678.0,35.2538,1.196,1.0821,69.7815,22.7915,23.6347,,89.2068,88.4604,88.4604,79.2811,97.8071,93.4212,,24.8475,0.5277,23.7326,0.104,66.9239,-14.1563,24.1534
2024-04-19,27.63,27.83,27.35,24.94,56866,1649222.6741,240756.7982,20.9127,21.4694,0.3564,0.0,92.8571,92.8571,0.4876,22.3185,23.7075,25.0966,-0.2917,156.1882,33.8956,24.6922,38.1056,24.2737,24.1886,23.8375,25.1134,,0.6031,0.9106,,,,0,24.1804,0.4409,0.1409,0.3,0.3564,0.3713,-0.0149,0.6975,7.3869,91.2151,24.097,24.1504,14.7869,1.3537,1.9554,2236812.0,32.9941,1.5032,1.0793,66.9478,22.9254,23.7075,,84.9933,77.4184,77.4184,59.731,83.605,57.3939,,24.9914,0.4353,23.8788,0.1341,62.6509,-20.2632,24.2994
2024-04-26,27.3,27.82,27.27,25.08,1000838,2033155.4529,327553.0439,21.904,21.242,0.4859,0.0,85.7143,85.7143,0.4885,22.3593,23.8171,25.2749,0.6345,131.916,36.5817,24.8472,34.7905,24.3979,24.3076,23.9296,26.6115,,0.8814,0.6124,,,,0,24.2929,0.4723,0.1378,0.3344,0.4859,0.4065,0.0794,0.7318,7.5638,93.9023,24.1217,24.2268,14.7887,1.5236,1.9477,3237650.0,30.5688,2.0462,1.0868,68.2909,23.0527,23.8171,23.46,78.5889,69.8878,69.8878,70.6514,72.9947,68.1689,,25.1376,0.5003,24.0399,0.1632,62.6879,-15.6742,24.4473
2024-05-03,27.79,27.82,26.85,24.47,135426,1934047.9263,301748.8365,21.6989,20.5911,0.5422,14.2857,78.5714,64.2857,0.5164,22.4408,23.8859,25.331,-0.8355,84.736,15.4295,24.8164,19.0323,24.4095,24.3297,23.9698,28.5938,,0.8333,0.4504,,,,0,24.2984,0.443,0.0868,0.3562,0.5422,0.3711,0.171,0.7668,7.7329,87.3592,24.1217,24.2268,18.2536,1.2033,2.1102,3102224.0,26.835,2.2817,1.0318,57.7147,23.1736,23.8859,23.5197,64.7634,46.9839,46.9839,10.5691,41.8543,0.0,,25.0224,0.8794,24.1955,0.1837,50.2229,-40.0967,24.4952
2024-05-10,27.12,27.29,26.31,24.58,51414,1965536.3782,273779.9103,20.32,19.4693,0.586,7.1429,71.4286,64.2857,0.543,22.5147,23.9548,25.3948,-0.0203,49.1346,17.8844,24.8144,2.3941,24.436,24.3633,24.0152,30.9983,,1.1071,0.6651,,,,0,24.3246,0.4237,0.054,0.3697,0.586,0.3261,0.2599,0.8025,7.9014,88.4446,24.1936,24.2268,22.5781,0.935,2.2091,3153638.0,23.6857,2.4618,1.063,58.9422,23.2885,23.9548,23.5787,52.9416,41.953,41.953,44.6384,26.1137,10.1723,,24.9619,0.8889,24.3494,0.1982,57.01,-35.7189,24.5503
2024-05-17,27.27,27.84,26.9,25.24,84371,2048121.7485,263726.1574,19.9664,18.8748,0.6847,0.0,64.2857,64.2857,0.5655,22.579,24.0634,25.5477,0.5927,95.2922,30.9947,24.9735,15.3695,24.5604,24.4808,24.1062,31.8279,,1.2487,-1.0262,,,,0,24.4209,0.4566,0.0695,0.387,0.6847,0.3357,0.349,0.8388,8.0748,88.5331,24.2571,24.3705,20.1254,1.5432,2.24,3238009.0,27.4352,2.8686,1.0705,65.4973,23.3976,24.0634,23.6517,46.8183,51.518,51.518,99.3464,27.9196,73.5865,,25.1375,0.8572,24.4987,0.2142,61.2238,-10.3028,24.6799
2024-05-24,27.89,28.13,27.38,25.06,110620,2011248.4152,223905.729,20.0623,18.5672,0.7462,7.1429,100.0,92.8571,0.5737,22.67,24.1574,25.6448,-0.3467,100.8996,25.1009,25.0527,21.3096,24.6377,24.5584,24.1771,31.6538,,0.738,-1.8684,,,,0,24.4748,0.4626,0.0605,0.4022,0.7462,0.3123,0.434,0.8759,8.2447,88.7292,24.2571,24.3932,18.4155,0.9038,2.289,3127389.0,28.3894,3.119,1.0639,62.5504,23.5013,24.1574,23.7205,55.2139,72.1708,72.1708,72.5275,43.1605,45.7227,,25.1961,0.6803,24.6328,0.2281,55.585,-20.1895,24.7694
2024-05-31,27.93,28.19,27.3,24.81,52586,1965091.6284,172574.2371,19.9744,17.9437,0.7876,0.0,100.0,100.0,0.5904,22.8121,24.2429,25.6736,-0.6468,84.3602,17.2708,25.0501,18.8318,24.6646,24.5923,24.2242,30.8554,,0.4274,-1.8519,,,,0,24.5048,0.4422,0.032,0.4102,0.7876,0.2732,0.5144,0.9135,8.4104,88.9261,24.4457,24.4518,17.4924,0.5729,2.3793,3074803.0,25.6092,3.2848,1.0663,58.6354,23.6222,24.2429,23.7685,66.4996,75.81,75.81,55.5561,43.7129,11.8295,,25.1428,0.8072,24.7341,0.2368,51.6563,-33.8653,24.8113
2024-06-07,27.31,27.31,26.69,24.29,54684,1925013.5484,123134.3071,18.6736,16.8037,0.7445,0.0,92.8571,92.8571,0.5912,22.9763,24.3033,25.6302,-0.8665,15.4205,2.6669,24.9126,1.7634,24.6063,24.5514,24.2287,29.7916,,-0.2069,-1.8609,,,,0,24.4993,0.379,-0.0249,0.4039,0.7445,0.1648,0.5796,0.9518,8.5692,86.955,24.4726,24.5303,22.9172,-0.0983,2.4346,3020119.0,23.7399,3.098,1.027,51.3335,23.7586,24.3033,23.8141,66.2938,50.9006,50.9006,24.6183,19.184,0.0,,24.9093,0.6027,24.7914,0.236,48.8128,-61.778,24.7681
2024-06-14,26.89,27.23,26.88,24.57,170259,1959065.3484,102549.5169,17.4658,16.2318,0.7154,0.0,85.7143,85.7143,0.5786,23.0422,24.346,25.6498,0.5714,25.6663,9.3009,24.8698,1.7634,24.6011,24.5543,24.2542,29.207,,-0.6025,0.3014,,,,0,24.5019,0.3482,-0.0446,0.3928,0.7154,0.0878,0.6277,0.9907,8.7292,87.452,24.7017,24.591,21.7412,-0.5443,2.3547,3190378.0,22.5217,2.9701,1.0368,54.6505,23.8854,24.346,23.8645,54.1083,35.6143,35.6143,26.6684,11.7494,23.4186,,24.8274,0.4147,24.8166,0.2312,48.8668,-50.9167,24.7573
2024-06-21,27.02,27.44,27.0,24.6,998107,1504392.2867,-59862.9185,16.7261,16.1707,0.6798,0.0,78.5714,78.5714,0.5659,23.2392,24.4197,25.6001,0.2269,33.433,9.9262,24.8392,7.1107,24.601,24.5604,24.2798,29.4517,,0.1066,1.2252,,,,0,24.5036,0.3222,-0.0565,0.3787,0.6798,0.0162,0.6636,1.0302,8.8879,90.6529,24.7421,24.7181,20.6413,-0.4855,2.3002,4188485.0,23.8015,2.8161,1.0183,54.9631,24.0034,24.4197,23.9103,37.7222,26.6518,26.6518,28.6686,18.5924,32.3584,,24.7706,0.3998,24.8194,0.2239,50.3803,-56.9126,24.7417
2024-06-28,27.3,27.4,27.15,24.71,133194,1469015.9603,-132118.3897,16.0393,16.0218,0.5829,50.0,71.4286,21.4286,0.5436,23.3548,24.4761,25.5974,-0.2328,36.8957,12.5619,24.8394,7.1107,24.6179,24.5804,24.3118,29.2702,,0.3463,-0.2005,,,,0,24.5074,0.307,-0.0573,0.3643,0.5829,-0.0914,0.6744,1.0703,9.0461,90.6796,24.7648,24.7181,19.9509,-0.2251,2.1998,4321679.0,23.0054,2.4084,1.0194,56.2809,24.1131,24.4761,23.9497,30.9916,30.7087,30.7087,36.7891,41.1776,67.7558,,24.7628,0.254,24.8189,0.2158,46.1634,-50.4335,24.7367
2024-07-05,27.04,27.41,27.04,25.02,92172,1516298.9992,-134622.08,15.9016,16.8042,0.5067,42.8571,64.2857,21.4286,0.5326,23.488,24.5492,25.6103,0.7565,64.452,19.6219,24.914,14.111,24.6795,24.6389,24.3641,28.5191,,0.0578,-1.1433,,,,0,24.52,0.3162,-0.0385,0.3547,0.5067,-0.1637,0.6704,1.1109,9.2059,89.7769,24.7648,24.7181,18.9043,-0.0623,2.129,4413851.0,25.1161,2.0874,1.026,59.8109,24.2152,24.5492,23.9859,36.4765,52.0689,52.0689,90.7489,66.7047,100.0,,24.8615,0.3904,24.8083,0.2101,40.9106,-32.3742,24.7682
2024-07-12,27.13,27.16,26.86,24.64,139503,1423296.9992,-152999.4916,15.3538,17.472,0.4231,35.7143,57.1429,21.4286,0.5247,23.7337,24.6178,25.502,-0.7333,16.9749,8.1557,24.8784,8.2328,24.6739,24.6394,24.3848,27.5756,,-0.4413,-1.0942,,,,0,24.5224,0.2898,-0.0519,0.3417,0.4231,-0.2292,0.6523,1.1522,9.3602,84.6315,24.7648,24.7181,20.0715,0.17,2.1291,4274348.0,23.6729,1.7388,0.9811,54.0778,24.31,24.6178,24.0056,45.7942,54.6052,54.6052,36.2776,55.9186,0.0,,24.8015,0.4213,24.7748,0.2021,37.5652,-54.3925,24.7437
2024-07-19,26.92,26.95,26.33,24.16,172012,1279028.8702,-192511.9745,14.7525,17.8326,0.3046,28.5714,50.0,21.4286,0.5278,23.8478,24.6434,25.4389,-0.871,-68.6598,-4.5775,24.7266,6.9352,24.5945,24.5752,24.368,26.9535,,-0.6623,0.2376,,,,0,24.5083,0.2271,-0.0917,0.3188,0.3046,-0.3055,0.6101,1.194,9.5082,79.7791,24.701,24.7181,25.1071,-0.4243,2.1846,4102336.0,21.8505,1.2496,0.963,47.7112,25.5707,24.6434,24.0169,50.1865,43.8854,43.8854,4.6296,33.3333,0.0,,24.5842,0.5678,24.7306,0.1877,38.0494,-82.8551,24.6589
2024-07-26,26.28,26.46,26.03,23.92,166153,1182428.2888,-221911.6321,14.7173,18.3106,0.2508,100.0,42.8571,-57.1429,0.5182,23.9063,24.6543,25.4024,-0.3721,-147.5131,-10.165,24.5433,14.2598,24.4907,24.4878,24.3348,26.7848,,-0.2687,0.9478,,,,0,24.4833,0.1564,-0.1299,0.2863,0.2508,-0.3043,0.5551,1.2363,9.6523,77.3184,24.582,24.704,27.5354,-1.3245,2.1664,3936183.0,20.6625,1.0284,0.9593,44.9175,25.5561,24.6543,24.0229,38.1001,15.8096,15.8096,6.5217,0.0,0.0,,24.3367,0.3938,24.6847,0.1671,39.2201,-95.2452,24.5513
2024-08-02,26.04,26.33,25.74,23.67,88685,1126812.2719,-231460.9854,15.1484,18.4236,0.1539,100.0,35.7143,-64.2857,0.5198,23.7927,24.63,25.4672,-0.322,-184.5318,-15.6863,24.333,20.7528,24.3648,24.3791,24.2857,26.5957,239.0534,-0.0106,0.8239,-0.9701,-0.8576,24.427,1,24.4299,0.0795,-0.1654,0.245,0.1539,-0.3307,0.4846,1.279,9.7925,65.1862,24.4584,24.5712,29.143,-1.3903,2.1957,3847498.0,19.1259,0.6308,0.9438,42.1569,25.5217,24.63,24.0291,21.8692,5.9127,5.9127,6.5868,0.0,0.0,,24.0659,0.5403,24.6344,0.1407,33.6324,-94.9607,24.4203
2024-08-09,25.42,25.91,25.42,23.7,62950,1180769.4147,-197157.4494,16.016,18.168,0.0205,100.0,28.5714,-71.4286,0.5147,23.685,24.6028,25.5205,0.9286,-195.6381,-14.9816,24.169,27.2955,24.2618,24.2879,24.242,26.148,244.9908,0.3133,0.1542,-0.9397,-0.9062,24.3766,1,24.4043,0.0202,-0.1798,0.2,0.0205,-0.3837,0.4042,1.3223,9.9316,67.2624,24.4584,24.4247,31.3983,-1.1175,2.1721,3910448.0,17.9331,0.0841,0.9682,42.5092,25.4632,24.6028,24.0295,11.6028,13.086,13.086,26.1494,0.9852,2.9556,,23.8743,0.4487,24.577,0.1117,40.8221,-81.8206,24.3058
2024-08-16,26.08,26.26,25.87,23.84,50707,1171668.1583,-168096.6345,16.0159,17.9911,-0.0924,92.8571,21.4286,-71.4286,0.5034,23.6024,24.5754,25.5485,-0.1282,-127.1843,-10.488,24.0727,16.0136,24.1965,24.2279,24.212,25.9127,261.9619,0.144,-1.3804,-0.799,-0.9902,24.3334,1,24.3858,-0.0152,-0.1722,0.157,-0.0924,-0.4068,0.3144,1.366,10.0706,69.3874,24.4584,24.4247,29.8051,-0.448,2.112,3961155.0,21.577,-0.3783,0.9697,44.756,25.3759,24.5754,24.0247,14.4002,24.2018,24.2018,39.8693,16.5832,46.7941,,23.7859,0.3571,24.5017,0.0835,39.6778,-75.6277,24.2177
2024-08-23,26.06,26.09,25.6,23.81,68333,1214899.2399,-127171.263,16.4271,18.2447,-0.1967,85.7143,14.2857,-71.4286,0.4995,23.516,24.5101,25.5042,-0.1224,-129.6239,-11.2113,23.9893,21.7734,24.137,24.1721,24.1822,26.5943,260.3551,-0.5368,-1.7522,-0.8156,-0.9859,24.2886,1,24.3224,-0.0449,-0.1615,0.1166,-0.1967,-0.4138,0.2171,1.4103,10.208,66.3297,24.3677,24.4247,31.4303,-0.7632,2.098,3892822.0,20.1907,-0.8049,0.9432,44.3944,25.292,24.5101,24.017,25.9613,40.596,40.596,55.7692,43.5999,81.0499,,23.7169,0.4487,24.4025,0.0569,38.8496,-76.8263,24.133
2024-08-30,26.24,26.27,25.9,23.75,63853,1161431.656,-115880.4547,16.4032,18.1888,-0.2455,78.5714,7.1429,-71.4286,0.488,23.4327,24.4431,25.4535,-0.8268,-97.1344,-12.9782,23.9076,16.0922,24.0768,24.1153,24.1499,27.9743,261.623,-0.9503,-1.0038,-0.8026,-0.9893,24.2568,1,24.2636,-0.0729,-0.1515,0.0787,-0.2455,-0.3705,0.125,1.4549,10.3434,65.581,24.3456,24.4247,29.8742,-0.8545,2.055,3828969.0,21.5921,-1.0042,0.9474,43.5109,25.2114,24.4431,23.9999,38.4529,50.5608,50.5608,56.044,59.9802,52.0967,,23.6499,0.3378,24.2913,0.0317,38.5076,-79.6231,24.0533
2024-09-06,25.65,25.68,25.09,23.29,193731,1190946.0043,-91335.9718,17.4917,18.0827,-0.3367,100.0,0.0,-100.0,0.5081,23.2597,24.3607,25.4616,-0.3728,-158.6105,-24.5306,23.7293,31.6422,23.9555,24.005,24.086,28.2286,266.9089,-1.0688,0.0111,-0.7442,-0.9985,24.2469,1,24.1502,-0.1304,-0.1673,0.0369,-0.3367,-0.368,0.0313,1.5,10.4728,62.0833,24.1533,24.0388,37.0798,-1.4228,2.1817,3635238.0,19.2544,-1.3783,0.9385,37.7347,25.1341,24.3607,23.9801,46.0138,46.8845,46.8845,28.8404,44.3822,0.0,,23.4471,0.7692,24.1721,0.0042,43.0876,-85.3448,23.9252
2024-09-13,25.28,25.94,25.12,23.67,80074,1251978.0165,-53572.5003,17.9365,17.7011,-0.3956,92.8571,28.5714,-64.2857,0.5254,23.2014,24.2899,25.3784,0.686,-112.017,-11.3923,23.6816,23.7195,23.9109,23.9597,24.0549,29.3476,271.9616,-0.8898,1.0794,-0.6825,-0.9994,24.2382,1,24.1341,-0.1439,-0.1446,0.0007,-0.3956,-0.3359,-0.0597,1.5455,10.6048,64.6387,24.1533,24.0388,33.2907,-1.353,2.2202,3715312.0,20.5257,-1.6206,0.9745,44.3039,25.0263,24.2899,23.975,49.0057,49.5717,49.5717,63.8307,48.5524,93.5605,,23.4349,0.7509,24.0601,-0.0199,52.1695,-67.5647,23.862
2024-09-20,26.08,26.45,25.93,24.2,74756,1319603.4442,-11736.3985,17.3525,17.0393,-0.4366,85.7143,21.4286,-64.2857,0.5276,23.1904,24.2762,25.3621,0.6735,-29.5272,4.0134,23.7783,9.7601,23.9552,23.9916,24.0656,29.4288,283.0256,-0.451,1.3713,-0.5295,-0.9743,24.2489,1,24.1352,-0.1102,-0.0888,-0.0215,-0.4366,-0.2946,-0.142,1.5915,10.7407,63.1854,24.1533,24.0388,30.7811,-0.444,2.1803,3790068.0,25.3069,-1.789,0.9848,52.0067,24.9238,24.2762,23.9954,53.3574,63.6159,63.6159,98.1765,64.5202,100.0,,23.6206,0.5563,23.964,-0.0353,59.7349,-42.4483,23.8758
2024-09-27,26.6,26.89,26.47,24.52,251592,1439409.1585,44565.3157,16.1598,16.0995,-0.4833,78.5714,14.2857,-64.2857,0.5203,23.1904,24.2733,25.3562,0.4286,25.3299,11.9944,23.9393,0.6546,24.0428,24.0626,24.0996,28.8387,302.0877,-0.1782,0.8171,-0.2235,-0.8472,24.278,0,24.1375,-0.0567,-0.0282,-0.0285,-0.4833,-0.2597,-0.2236,1.6379,10.8785,45.9788,24.1533,24.0388,28.981,0.3663,2.1218,4041660.0,29.3629,-1.9795,0.9969,55.9972,24.8264,24.2733,24.0056,66.1621,85.2987,85.2987,93.8889,97.8535,100.0,,23.8806,0.4256,23.8987,-0.041,59.2774,-27.1552,23.9365
2024-10-04,26.69,26.8,26.02,25.12,89417,1508946.0999,85671.8332,15.9618,15.9317,-0.4436,71.4286,100.0,28.5714,0.5377,23.2054,24.2671,25.3288,0.8888,88.0319,24.4033,24.2188,13.3873,24.2084,24.2036,24.1751,27.9711,-33.5648,-0.08,0.1456,0.1983,-0.5529,24.3307,0,24.1524,0.0334,0.0495,-0.0161,-0.4436,-0.1537,-0.29,1.6849,11.0209,44.481,24.2038,24.0905,26.0417,1.2,2.1404,4131077.0,34.092,-1.8172,1.0166,62.2017,22.9765,24.2671,24.024,81.667,96.0864,96.0864,96.194,100.0,100.0,,24.2881,0.7628,23.8726,-0.0343,64.5906,-3.806,24.0774
2024-10-11,26.67,26.79,25.97,24.99,101195,1543500.4901,105694.3661,15.8329,15.5933,-0.3707,64.2857,100.0,35.7143,0.5544,23.2124,24.2633,25.3142,-0.1829,88.5859,20.3557,24.412,14.1576,24.3284,24.3082,24.2353,27.1934,-5.5676,-0.3218,0.1669,0.6352,-0.097,24.389,1,24.1564,0.0931,0.0874,0.0057,-0.3707,-0.0373,-0.3335,1.7322,11.1606,38.2761,24.2038,24.1094,23.4478,1.3154,2.2189,4029882.0,31.1821,-1.5187,0.9988,60.1779,22.9988,24.2633,24.0395,91.4303,92.9056,92.9056,88.634,96.2309,88.6926,,24.5488,0.7726,23.883,-0.0209,63.5453,-11.2281,24.1967
2024-10-18,26.31,26.41,25.92,24.55,40559,1526118.0615,98746.0508,15.6168,15.1846,-0.3032,57.1429,92.8571,35.7143,0.5552,23.2207,24.2504,25.2801,-0.5063,54.965,7.9301,24.4594,12.807,24.3631,24.341,24.259,26.262,19.1014,-0.2153,1.6178,0.8996,0.3272,24.4309,0,24.1588,0.1042,0.0788,0.0254,-0.3032,0.0537,-0.3569,1.78,11.2946,40.8641,24.2038,24.1094,22.3478,0.859,2.2612,3989323.0,28.9128,-1.2427,0.9964,53.9651,23.0436,24.2504,24.0505,89.538,79.622,79.622,54.0378,69.3006,19.2093,,24.5907,0.5653,23.9295,-0.0081,62.4789,-30.3576,24.2586
2024-10-25,26.23,26.45,26.07,24.87,98757,1598886.3773,110080.1995,15.4789,15.0981,-0.195,50.0,85.7143,35.7143,0.5418,23.2147,24.2799,25.345,0.4437,73.7832,14.9217,24.5765,13.6868,24.4418,24.4122,24.3046,25.2046,40.3267,0.5508,2.0404,0.9967,0.6471,24.4333,1,24.1806,0.1373,0.0895,0.0478,-0.195,0.1617,-0.3567,1.8283,11.4304,50.0233,24.2038,24.1094,21.2645,1.0375,2.1782,4088080.0,28.0084,-0.7997,1.0297,57.4609,23.0876,24.2799,24.0779,80.3979,68.666,68.666,63.3262,50.1147,42.4423,,24.73,0.3675,24.0204,0.0069,68.0662,-16.2184,24.364
2024-11-01,25.99,26.15,25.85,24.36,336003,1262883.3773,-2200.4396,14.8929,15.0207,-0.1354,42.8571,78.5714,35.7143,0.5401,23.2117,24.2691,25.3264,-0.4637,27.8188,1.495,24.5407,7.2755,24.4287,24.4047,24.3084,24.5135,56.5298,1.0528,1.3018,0.9798,0.8342,24.4141,0,24.1835,0.1203,0.058,0.0623,-0.1354,0.209,-0.3445,1.877,11.5596,44.5568,24.2038,24.1094,22.5492,0.5467,2.2176,3752077.0,26.0878,-0.5555,1.0183,50.7475,23.1307,24.2691,24.0944,62.4698,39.1213,39.1213,0.0,20.5505,0.0,,24.6492,0.5182,24.1391,0.0175,60.3153,-39.0906,24.3935
2024-11-08,26.05,26.33,25.63,24.44,75185,1254290.8059,-50667.3884,13.9101,14.9631,-0.0797,35.7143,71.4286,35.7143,0.5487,23.2114,24.2611,25.3108,-0.1571,31.9963,3.4822,24.5317,1.1334,24.4307,24.4096,24.3183,24.6279,69.8348,1.4223,0.3453,0.9075,0.9387,24.3942,0,24.1918,0.1124,0.0401,0.0723,-0.0797,0.2362,-0.3159,1.926,11.6884,49.657,24.2038,24.1094,23.3121,0.6956,2.2448,3827262.0,23.8466,-0.3269,1.0325,51.7411,23.1729,24.2611,24.1113,45.9347,30.0168,30.0168,26.7241,17.6595,10.5361,,24.6137,0.6596,24.2667,0.0255,56.3335,-35.3479,24.4302
2024-11-15,25.66,25.76,25.31,23.9,121093,1165489.2726,-94143.6836,13.4301,14.723,-0.0203,28.5714,64.2857,35.7143,0.5519,23.1814,24.2208,25.2602,-0.6333,-29.4871,-9.0342,24.3897,7.1904,24.3497,24.3422,24.2876,24.7669,88.5106,1.2728,-1.6018,0.7252,0.9997,24.3492,0,24.1893,0.0621,-0.0082,0.0703,-0.0203,0.2539,-0.2742,1.9754,11.8106,47.883,24.2038,24.1094,25.4245,0.6164,2.3087,3706169.0,22.0135,-0.0834,1.0088,45.4829,23.2143,24.2208,24.1198,26.6002,10.6624,10.6624,5.2632,3.512,0.0,24.2477,24.396,0.5936,24.3738,0.0261,49.9049,-59.0517,24.3879
2024-11-22,25.62,26.19,25.62,24.65,1220472,2260333.907,244988.7323,12.7709,14.599,0.0709,21.4286,57.1429,35.7143,0.5676,23.2082,24.2023,25.1964,0.9485,47.4066,7.6396,24.4596,4.2011,24.3957,24.3831,24.3143,24.4778,103.0707,0.4148,-2.0875,0.5289,0.9741,24.3181,0,24.201,0.0814,0.0089,0.0725,0.0709,0.2887,-0.2178,2.0253,11.939,69.6934,24.2038,24.1094,22.9535,0.983,2.3027,4926641.0,24.9667,0.2916,1.034,53.8198,23.2549,24.2023,24.155,25.3985,35.5162,35.5162,74.5614,26.7127,69.6021,24.2714,24.4903,0.772,24.4577,0.0291,52.0856,-26.199,24.4429
2024-11-29,26.05,26.1,25.83,24.49,313049,2318305.9441,379898.6659,12.1588,14.281,0.1834,14.2857,50.0,35.7143,0.5493,23.2119,24.1946,25.1772,-0.2222,48.0985,3.9556,24.4756,4.2011,24.41,24.3971,24.3272,23.7719,127.4525,0.0443,-1.4524,0.1313,0.7939,24.2981,0,24.2068,0.0827,0.0082,0.0745,0.1834,0.3272,-0.1437,2.0755,12.0645,64.0476,24.2038,24.1094,22.025,0.2892,2.2429,4613592.0,23.9567,0.7549,1.0285,51.9778,23.2946,24.1946,24.1829,31.6697,48.8304,48.8304,66.6667,49.1691,77.9051,24.2952,24.5039,0.3109,24.5097,0.0318,49.0548,-33.2686,24.4688
2024-12-06,25.89,25.99,25.7,24.3,135884,2266699.0851,384132.4867,11.3228,14.4072,0.2357,7.1429,42.8571,35.7143,0.5295,23.2182,24.2017,25.1852,-0.3449,25.7721,-0.3649,24.441,0.4547,24.393,24.3842,24.3252,22.909,154.8503,-0.3323,-1.0964,-0.3396,0.425,24.2751,0,24.2083,0.0678,-0.0054,0.0732,0.2357,0.304,-0.0683,2.126,12.1868,60.5569,24.2038,24.1094,22.8648,-0.2241,2.1792,4477708.0,23.0737,0.9701,1.0233,49.8175,23.3336,24.2017,24.2047,49.0363,62.7623,62.7623,47.0588,66.5002,51.9933,24.317,24.4467,0.2732,24.5362,0.0324,50.8092,-41.5857,24.4631
2024-12-13,26.08,26.42,26.05,24.68,101197,2241671.8701,342980.1644,11.3576,14.6471,0.2715,0.0,35.7143,35.7143,0.5342,23.2441,24.2395,25.2349,0.2957,76.804,7.8812,24.5063,11.8105,24.4367,24.4232,24.3513,22.1018,187.8453,-0.5518,-0.3419,-0.797,-0.1365,24.251,0,24.2313,0.0854,0.0098,0.0757,0.2715,0.2684,0.0031,2.1769,12.3117,65.5539,24.3927,24.1231,21.0437,-0.4428,2.165,4578905.0,26.6801,1.1173,1.0596,53.9406,23.3718,24.2395,24.2368,58.6267,64.2874,64.2874,79.1367,76.6328,100.0,24.3392,24.534,0.5955,24.5448,0.0351,51.0641,-25.2577,24.5023
2024-12-20,26.12,26.18,25.61,24.36,666863,2138808.4273,262235.8312,10.5942,13.9733,0.2669,0.0,28.5714,28.5714,0.5352,23.3122,24.2737,25.2353,-0.4734,23.4863,0.3351,24.4786,0.6693,24.4244,24.4143,24.3517,21.3988,205.5964,-0.5719,0.3013,-0.9432,-0.432,24.238,0,24.2338,0.0727,-0.0023,0.0751,0.2669,0.2005,0.0664,2.2282,12.4322,52.81,24.512,24.494,25.0608,-0.6313,2.1975,3912042.0,24.7276,1.0988,1.0292,50.1675,23.4092,24.2737,24.2603,59.673,51.9693,51.9693,29.7125,53.494,8.4888,24.3597,24.4863,0.5482,24.525,0.0358,53.3619,-59.1841,24.4857
2024-12-27,25.83,26.07,25.78,24.47,253216,2217507.1565,230404.9423,9.8853,13.0225,0.222,0.0,21.4286,21.4286,0.5165,23.3854,24.3124,25.2395,0.4829,28.1334,2.9162,24.4838,0.6693,24.4313,24.4217,24.3604,20.7559,228.3961,-0.2971,0.9822,-0.9982,-0.7478,24.252,0,24.2361,0.0709,-0.0033,0.0742,0.222,0.1092,0.1128,2.2798,12.5525,55.0351,24.512,24.545,24.1139,-0.0848,2.1109,4165258.0,23.7933,0.9143,1.0112,51.4581,23.4458,24.3124,24.2876,55.7864,51.1024,51.1024,44.4581,49.4263,39.7901,24.3787,24.4886,0.2732,24.4933,0.0363,54.0497,-55.4054,24.4775
2025-01-03,26.21,27.95,25.14,24.76,141517,2098603.2711,158604.2567,12.4407,14.2012,0.2128,50.0,100.0,50.0,0.6822,23.4391,24.3584,25.2776,0.0217,200.6061,9.3168,24.5587,45.6611,24.4812,24.4662,24.3897,20.1262,247.904,0.1801,0.5027,-0.9212,-0.9266,24.2965,0,24.2407,0.0916,0.0139,0.0777,0.2128,0.0613,0.1515,2.3318,12.6746,53.7734,24.512,25.5767,16.9519,-0.119,2.7557,4306775.0,45.4413,0.8767,1.0094,54.6584,23.4818,24.3584,24.3212,44.7915,31.3027,31.3027,19.7376,49.4263,100.0,24.3989,24.5891,2.836,24.4725,0.0392,39.1368,-73.7405,24.5049
2025-01-10,25.53,26.02,25.37,25.27,101742,2153387.425,132244.0019,14.8136,15.3232,0.2485,42.8571,92.8571,50.0,0.6809,23.4667,24.4315,25.3964,0.5231,129.5768,19.6411,24.7473,45.6611,24.6031,24.5739,24.4552,19.5121,258.0917,0.0265,0.0964,-0.8378,-0.9785,24.3598,1,24.248,0.148,0.0562,0.0918,0.2485,0.0605,0.1879,2.3842,12.8006,51.126,24.5889,25.5767,15.7703,0.917,2.6942,4408517.0,42.2739,1.0227,1.0061,59.8205,23.5965,24.4315,24.3523,38.6053,33.4106,33.4106,36.0361,79.93,100.0,24.4266,24.8438,0.6643,24.474,0.0486,37.0267,-58.7664,24.5991
2025-01-17,25.87,26.21,25.77,25.45,457802,2278242.5159,149164.6991,17.1523,16.3845,0.2467,35.7143,85.7143,50.0,0.663,23.5092,24.5167,25.5243,0.4091,152.6543,22.8535,24.942,47.5561,24.7333,24.6906,24.5288,18.9313,304.9192,0.168,0.2117,-0.175,-0.82,24.462,1,24.266,0.2045,0.0902,0.1143,0.2467,0.0291,0.2176,2.4369,12.9271,58.0983,24.6768,25.5767,15.0398,1.008,2.6051,4866319.0,42.316,1.0132,1.0185,61.4268,23.7077,24.5167,24.3988,32.3873,32.4484,32.4484,41.5715,100.0,100.0,24.4662,25.0934,0.4299,24.501,0.0633,37.5017,-53.6808,24.7153
2025-01-24,26.01,26.22,26.01,25.56,644110,2554289.6587,230359.5571,19.3314,17.4051,0.2837,28.5714,78.5714,50.0,0.6303,23.6932,24.6302,25.5672,0.7143,153.3042,24.8311,25.1241,47.6596,24.86,24.8061,24.605,18.4051,95.3069,0.122,-0.0924,0.6387,0.9957,24.5689,1,24.3177,0.2551,0.1126,0.1425,0.2837,0.0425,0.2413,2.4899,13.0534,64.5678,24.7306,25.5767,14.6901,1.6526,2.4662,5510429.0,41.4427,1.1624,1.0408,62.4156,23.8157,24.6302,24.4383,35.2426,39.8688,39.8688,41.9988,100.0,100.0,24.5195,25.313,0.2052,24.5594,0.0816,39.0389,-50.573,24.8415
2025-01-31,25.96,26.25,25.73,25.48,137270,2602733.2454,258047.726,20.7577,17.8253,0.3007,21.4286,71.4286,50.0,0.6216,23.8247,24.7208,25.6169,0.2303,120.1098,22.3742,25.2491,39.2991,24.9552,24.8958,24.6697,17.9368,114.0555,0.0136,0.3065,0.3575,0.9132,24.668,1,24.3442,0.2855,0.1145,0.1711,0.3007,0.0464,0.2543,2.5434,13.1776,61.8896,24.7306,25.5767,17.0024,0.8301,2.4398,5373159.0,39.018,1.2285,1.0243,61.1871,23.9204,24.7208,24.4767,37.1776,39.2157,39.2157,34.0768,94.7211,84.1634,24.5852,25.4434,0.5091,24.6367,0.1004,39.2019,-52.8332,24.9477
2025-02-07,26.21,26.47,26.18,25.74,2871723,3097857.9005,403455.483,22.2798,18.095,0.3752,14.2857,64.2857,50.0,0.6044,23.8318,24.798,25.7642,0.4828,148.505,27.5566,25.4127,42.0676,25.0763,25.0087,24.7491,17.5183,129.3897,0.2827,0.7075,0.0978,0.7728,24.7407,1,24.4504,0.3272,0.1249,0.2023,0.3752,0.1054,0.2698,2.5972,13.3033,80.1364,24.8234,25.5767,16.2368,1.254,2.348,8244882.0,39.8174,1.5277,1.0569,63.7783,24.0219,24.798,24.5262,44.7133,55.0555,55.0555,89.0909,94.7211,100.0,24.6635,25.6251,0.381,24.7422,0.121,41.4081,-45.2049,25.0833
2025-02-14,26.57,26.95,26.54,25.97,843651,2418821.7298,210205.7399,24.0914,18.7608,0.4031,7.1429,57.1429,50.0,0.6031,23.788,24.8701,25.9523,0.0354,169.7233,31.7373,25.5974,47.6428,25.2134,25.1365,24.8394,17.1792,149.836,0.5935,0.5983,-0.2561,0.5025,24.8057,1,24.577,0.374,0.1374,0.2366,0.4031,0.1187,0.2844,2.6513,13.4299,82.1155,24.9357,25.5767,15.1094,1.6672,2.3227,9088533.0,42.6073,1.6361,1.0624,65.8687,24.1204,24.8701,24.5726,52.8573,64.3006,64.3006,69.7342,94.7211,100.0,24.7547,25.8307,0.5862,24.8745,0.1434,40.6366,-38.7067,25.2356
2025-02-21,26.78,27.05,26.72,26.1,107022,2311799.7298,77986.9595,25.8516,19.3112,0.4495,0.0,50.0,50.0,0.5927,23.7138,24.9194,26.1249,-0.1826,154.5838,34.2256,25.7767,48.7331,25.3504,25.2655,24.933,17.0187,161.5205,0.7941,0.2204,-0.4465,0.317,24.871,1,24.8503,0.4173,0.1446,0.2728,0.4495,0.1448,0.3047,2.7059,13.5566,83.5441,25.202,25.7171,14.2759,1.427,2.2707,9195555.0,41.4167,1.8178,1.092,67.1128,24.216,24.9194,24.6206,65.7807,77.9858,77.9858,75.1325,100.0,100.0,24.8585,26.0226,0.4577,25.0304,0.167,53.609,-37.8248,25.3917
2025-02-28,26.7,26.7,25.17,25.31,1104558,2275703.0631,5322.4319,24.7147,18.4368,0.4736,28.5714,42.8571,14.2857,0.6586,23.7181,24.9356,26.1531,-0.5131,41.9034,9.3825,25.7203,9.9359,25.3446,25.2718,24.9612,17.0245,172.8065,0.7447,-0.2551,-0.613,0.1252,24.933,1,24.8639,0.3834,0.0885,0.2949,0.4736,0.141,0.3327,2.7607,13.6742,69.4205,25.202,25.7171,28.3569,0.9561,2.6017,8090997.0,34.6136,1.9107,1.0269,54.6913,24.3087,24.9356,24.6437,67.9021,61.4199,61.4199,39.3931,66.6667,0.0,24.9649,25.879,1.5143,25.1717,0.1821,48.4091,-62.7338,25.4213
2025-03-07,26.06,26.27,25.89,25.56,2090591,3210967.4579,272696.3023,23.6591,17.4909,0.4599,21.4286,35.7143,14.2857,0.638,23.7525,24.986,26.2195,0.2763,56.9055,14.733,25.7327,9.9359,25.378,25.3104,25.0056,17.1056,183.8256,0.5292,-0.4013,-0.7527,-0.0667,24.9979,1,24.9019,0.3723,0.0619,0.3104,0.4599,0.0998,0.3601,2.8159,13.7931,78.2118,25.202,25.7171,27.1783,1.0921,2.4961,10181588.0,33.1749,1.8488,1.0438,57.3665,24.3986,24.986,24.6701,65.079,55.8311,55.8311,52.9678,40.5123,21.537,25.0695,25.8474,0.3712,25.3039,0.1928,48.9988,-54.8921,25.4778
2025-03-14,26.12,26.38,25.96,25.68,2307271,4481875.5974,761665.8117,22.8201,17.0889,0.4929,14.2857,28.5714,14.2857,0.622,23.7576,25.0264,26.2952,0.4113,62.5313,17.3104,25.7693,11.913,25.425,25.3602,25.0559,17.2313,192.6431,0.3959,-0.2879,-0.8447,-0.2189,25.078,1,24.9658,0.3692,0.047,0.3221,0.4929,0.1056,0.3873,2.8714,13.912,83.3351,25.2302,25.7171,25.8883,0.9281,2.4217,12488859.0,32.8907,1.9753,1.0569,58.6552,24.4858,25.0264,24.6961,55.9707,50.661,50.661,59.622,17.8163,31.9118,25.1707,25.8574,0.4132,25.4212,0.2009,50.5959,-51.0481,25.5404
2025-03-21,26.37,26.62,26.33,25.76,900387,3829871.218,685000.5074,22.331,16.4626,0.5405,7.1429,21.4286,14.2857,0.6006,23.8284,25.0967,26.365,0.0,80.9668,18.998,25.8148,15.9725,25.4769,25.4138,25.1082,17.4492,198.0575,0.3921,-0.192,-0.8915,-0.31,25.1415,1,25.0168,0.3687,0.0372,0.3315,0.5405,0.1206,0.4199,2.9272,14.0305,84.4076,25.2302,25.7171,24.8956,0.4885,2.3313,13389246.0,34.3602,2.1608,1.044,59.499,24.5704,25.0967,24.709,55.1052,58.8235,58.8235,63.8808,30.7178,38.7047,25.2674,25.8841,0.3224,25.5211,0.2072,47.7148,-48.5879,25.6002
2025-03-28,26.63,26.7,26.34,26.01,202039,3943798.7653,627614.3291,21.9765,15.9309,0.5878,0.0,14.2857,14.2857,0.5828,23.885,25.175,26.465,-0.0236,86.863,24.2331,25.9091,17.3685,25.5585,25.493,25.1748,17.7105,205.3338,0.3907,-0.5568,-0.9417,-0.4279,25.2091,1,25.1436,0.3837,0.0418,0.3419,0.5878,0.1341,0.4537,2.9833,14.1503,89.0764,25.2868,25.7981,23.8224,0.5583,2.2409,13591285.0,33.8369,2.3444,1.0678,62.1165,24.6524,25.175,24.7275,60.7584,72.7907,72.7907,94.8693,56.8722,100.0,25.3613,25.9823,0.3517,25.6114,0.2138,48.3259,-43.0473,25.6824
2025-04-04,26.73,27.9,24.81,24.57,391270,3590516.1439,434674.2103,23.0618,17.7513,0.5502,0.0,100.0,100.0,0.7584,24.0204,25.2082,26.3959,-0.5084,27.3085,-11.7668,25.6233,37.171,25.4061,25.3696,25.1298,17.9256,217.2151,-0.0147,-0.851,-0.9908,-0.6048,25.2506,1,25.1402,0.2762,-0.0525,0.3288,0.5502,0.0688,0.4814,3.0396,14.2544,86.0449,25.3357,25.9404,16.9981,-0.9895,3.0871,13200015.0,37.1111,2.1963,1.004,44.1166,27.4611,25.2082,24.7201,62.0497,54.5348,54.5348,4.8544,46.2349,0.0,25.4385,25.5459,3.0414,25.652,0.2059,32.6088,-95.1456,25.5568
2025-04-11,24.73,25.16,24.12,24.71,1111437,4580175.3245,631119.8819,22.9631,18.8883,0.499,100.0,92.8571,-7.1429,0.7771,24.0284,25.211,26.3936,0.3569,-115.798,-8.5266,25.4241,21.6796,25.2982,25.281,25.0984,18.2605,231.7983,-0.3019,-0.1549,-0.993,-0.7858,25.2794,0,25.138,0.1999,-0.1031,0.303,0.499,0.0038,0.4952,3.0962,14.3589,79.0076,25.3357,25.6009,21.6463,-0.7735,3.1457,14311452.0,33.63,1.993,0.998,45.7367,27.4611,25.211,24.7126,56.4029,41.8832,41.8832,25.9259,36.3335,9.0004,25.4933,25.2612,1.0205,25.6409,0.1899,41.7979,-74.0741,25.4487
2025-04-17,25.18,25.6,25.01,25.16,241317,4792861.494,721782.3577,23.2768,20.2145,0.4428,92.8571,85.7143,-7.1429,0.7631,24.1089,25.2447,26.3806,0.6525,-43.9093,1.6698,25.3756,27.3547,25.2774,25.2652,25.1031,18.8939,240.6701,-0.1067,0.082,-0.9628,-0.8718,25.2916,1,25.1382,0.1743,-0.103,0.2772,0.4428,-0.0568,0.4996,3.1531,14.467,79.9684,25.3357,25.6009,20.4696,-0.5796,3.0327,14552769.0,35.8853,1.7667,0.9956,50.8349,27.4611,25.2447,24.7264,39.8069,23.0026,23.0026,38.2275,15.4415,37.324,25.529,25.2061,0.5807,25.603,0.1734,43.7444,-61.7725,25.4022
2025-04-25,25.67,25.71,25.36,25.27,92727,4866248.2911,716605.3189,23.6667,21.499,0.4102,85.7143,78.5714,-7.1429,0.7332,24.2433,25.2932,26.3431,0.01,-26.39,3.9377,25.362,28.7349,25.2762,25.2658,25.1155,19.4607,256.4391,-0.0867,0.0446,-0.8532,-0.9721,25.3069,0,25.1392,0.1607,-0.0932,0.2539,0.4102,-0.085,0.4952,3.2102,14.575,79.409,25.3357,25.6009,19.7826,-0.6975,2.9015,14645496.0,35.7357,1.6356,0.9929,51.9689,27.3867,25.2932,24.7401,33.3232,35.0838,35.0838,41.0979,29.9827,43.6238,25.5496,25.2027,0.3445,25.5592,0.158,44.4197,-58.9021,25.3709
2025-05-02,25.6,25.75,25.02,24.86,108483,4829479.2081,637642.2476,23.4822,22.1199,0.3174,78.5714,71.4286,-7.1429,0.7318,24.2714,25.3025,26.3336,-0.4685,-68.4365,-5.0483,25.2488,21.0839,25.2126,25.2121,25.0968,19.8046,264.3614,0.1039,-0.5064,-0.7732,-0.9952,25.3077,0,25.1328,0.1158,-0.1105,0.2263,0.3174,-0.1604,0.4778,3.2675,14.6779,77.6753,25.3357,25.6009,21.6673,-1.2412,2.9435,14537013.0,33.245,1.2647,0.9728,47.4758,27.3138,25.3025,24.7325,31.5273,36.4956,36.4956,30.1614,41.2428,42.7805,25.5545,25.0594,0.7141,25.4987,0.1397,42.1166,-69.8386,25.287
2025-05-09,25.39,25.79,25.27,25.34,1750204,6301134.3634,1015625.609,23.3564,22.8181,0.2307,71.4286,64.2857,-7.1429,0.7168,24.4165,25.3518,26.2871,0.6892,-37.1693,5.3463,25.2765,21.7211,25.2326,25.2295,25.115,20.1545,281.2473,-0.4649,-1.3847,-0.5556,-0.9808,25.326,0,25.1341,0.1176,-0.0869,0.2046,0.2307,-0.2217,0.4524,3.3251,14.7845,81.1648,25.3357,25.6009,20.5432,0.0301,2.8283,16287217.0,31.9439,0.9179,0.9947,52.6732,27.2423,25.3518,24.7381,42.6136,56.2616,56.2616,97.5255,62.1348,100.0,25.5494,25.1211,0.5206,25.4285,0.1248,45.3363,-56.9392,25.2738
2025-05-16,25.8,26.01,25.44,25.11,224001,6135568.4069,1025245.488,23.4777,23.7846,0.1014,64.2857,57.1429,-7.1429,0.706,24.5312,25.3837,26.2363,-0.5043,-40.6928,0.144,25.2401,25.0546,25.2136,25.2134,25.1145,20.6318,288.0985,-1.0521,-0.0937,-0.4525,-0.9505,25.3347,0,25.1336,0.099,-0.0844,0.1835,0.1014,-0.3074,0.4089,3.3829,14.8878,76.7583,25.3357,25.6009,19.3668,-0.453,2.8117,16063216.0,32.3156,0.4028,0.9754,50.072,27.1723,25.3837,24.744,50.662,59.2289,59.2289,50.0,64.2442,49.9521,25.536,25.0879,0.566,25.3372,0.1102,42.1377,-63.2275,25.2306
2025-05-23,25.5,25.88,25.39,25.41,658981,6633166.3049,1094303.3617,23.5077,24.6796,0.0804,57.1429,50.0,-7.1429,0.69,24.6143,25.4167,26.219,0.6531,-28.4006,6.6206,25.2865,23.8976,25.2444,25.2401,25.1367,21.6645,294.0894,-0.5574,1.2005,-0.3569,-0.9129,25.3401,0,25.1383,0.1077,-0.0606,0.1683,0.0804,-0.2773,0.3578,3.441,14.993,76.3255,25.3357,25.6009,18.8583,-0.27,2.7151,16722197.0,30.7021,0.3191,0.9787,53.3103,27.1037,25.4167,24.7666,63.8666,76.1092,76.1092,80.8023,83.3174,100.0,25.5191,25.1715,0.4823,25.2562,0.0992,60.7121,-55.0265,25.2342
2025-05-30,25.7,25.7,25.26,24.94,129484,6550767.3958,996854.3515,23.2879,24.0013,0.0113,50.0,42.8571,-7.1429,0.6801,24.5731,25.4,26.227,-0.8182,-81.4165,-3.7852,25.2059,20.4312,25.1978,25.2003,25.1222,22.7878,299.2566,-0.1023,0.9005,-0.2713,-0.8724,25.3367,0,25.1311,0.0755,-0.0742,0.1498,0.0113,-0.2824,0.2937,3.4992,15.0925,75.231,25.2875,25.6009,19.1105,-0.8206,2.7268,16592713.0,28.9247,0.0449,0.9555,48.1074,27.0364,25.4,24.7739,63.2355,54.3683,54.3683,32.3027,53.5921,10.8243,25.4971,25.0711,0.5512,25.2045,0.0864,52.1239,-67.7249,25.1801
2025-06-06,25.75,26.12,25.67,25.7,191712,6733958.8624,924653.9184,23.5881,23.6236,-0.0412,42.8571,35.7143,-7.1429,0.6864,24.5755,25.4125,26.2496,0.8,27.5821,11.1888,25.3294,27.4897,25.2749,25.2668,25.165,22.9944,-39.3862,0.005,0.6912,0.0978,-0.6345,25.3524,0,25.1376,0.11,-0.0318,0.1418,-0.0412,-0.2692,0.228,3.5577,15.1986,83.6748,25.2875,25.6009,17.5836,-0.3084,2.6707,16784425.0,30.9159,-0.1631,1.0153,55.5944,26.9705,25.4125,24.7959,67.0417,70.6474,70.6474,98.8372,70.2748,100.0,25.4771,25.2618,0.7677,25.1873,0.0799,54.7209,-47.3545,25.238
2025-06-13,26.07,26.76,26.06,26.28,128252,6840224.8053,844869.8214,24.5249,23.6725,-0.0597,35.7143,28.5714,-7.1429,0.6865,24.5313,25.4487,26.3661,0.9,121.374,20.6373,25.5732,36.704,25.4295,25.4019,25.2476,22.6228,-9.1332,0.1854,0.4112,0.5859,-0.1587,25.3918,0,25.1596,0.182,0.0321,0.1498,-0.0597,-0.2256,0.1659,3.6165,15.3094,79.8562,25.4237,25.6009,16.3231,1.7126,2.6124,16912677.0,35.2539,-0.2356,1.0281,60.3186,26.9059,25.4487,24.8273,66.9097,75.7133,75.7133,96.0,70.2748,100.0,25.4686,25.6089,0.689,25.1909,0.0832,57.0425,-31.746,25.3698
2025-06-20,26.66,26.96,26.44,26.42,1014195,7386329.8053,909185.207,25.5803,23.9556,-0.1048,28.5714,21.4286,-7.1429,0.6741,24.4854,25.4957,26.5059,0.3462,141.9541,22.7378,25.8032,39.2999,25.5816,25.5374,25.3342,22.075,37.3041,0.1934,0.0965,0.991,0.606,25.4413,1,25.1843,0.2473,0.078,0.1693,-0.1048,-0.2099,0.1051,3.6755,15.4205,76.2575,25.4926,25.6009,15.4377,1.7126,2.5515,17926872.0,35.4279,-0.4123,1.0286,61.3689,26.8426,25.4957,24.8553,80.7623,95.9261,95.9261,92.9412,100.0,100.0,25.4772,25.9161,0.5118,25.2274,0.0938,61.2127,-28.0423,25.513
2025-06-27,26.79,26.88,25.84,25.5,384235,7053818.7476,747043.8731,25.3961,23.6863,-0.0666,21.4286,14.2857,-7.1429,0.699,24.4798,25.4837,26.4875,-0.8462,50.2362,3.1981,25.7591,23.0021,25.5694,25.5327,25.3467,21.469,67.7015,0.1914,0.1559,0.9225,0.9252,25.4748,1,25.1868,0.2227,0.0427,0.18,-0.0666,-0.1187,0.0521,3.7347,15.5213,68.4681,25.4926,25.6009,19.8576,0.3396,2.741,17542637.0,31.722,-0.2617,0.9899,51.599,26.7805,25.4837,24.8725,82.455,75.7255,75.7255,38.2353,75.443,26.3291,25.4953,25.8227,1.0236,25.2814,0.0997,50.4499,-52.6455,25.5272
2025-07-03,25.84,26.0,25.55,25.73,150063,7161874.267,647181.5496,25.0444,24.0531,-0.0186,14.2857,7.1429,-7.1429,0.682,24.4856,25.4719,26.4581,0.6465,25.4725,7.1794,25.7784,20.4722,25.5943,25.5592,25.3752,20.8025,86.5719,0.174,0.3134,0.7481,0.9982,25.4911,0,25.1911,0.2191,0.0313,0.1878,-0.0186,-0.0334,0.0148,3.7942,15.6234,65.8951,25.4926,25.6009,19.93,0.4618,2.6505,17692700.0,30.1909,-0.073,0.9894,53.5897,26.7197,25.4719,24.904,75.8636,55.9393,55.9393,36.6414,48.9017,20.3758,25.5199,25.8272,0.4608,25.3541,0.1042,55.5836,-46.4901,25.5745
2025-07-11,25.73,26.66,25.68,25.96,1357557,7134169.0221,538678.7894,25.4523,24.2077,0.0214,7.1429,0.0,-7.1429,0.7028,24.495,25.4647,26.4343,0.4388,92.7337,11.1036,25.8488,30.7554,25.6505,25.6126,25.4185,20.1928,112.4876,0.322,0.8567,0.3829,0.924,25.4835,0,25.2278,0.232,0.0354,0.1967,0.0214,0.0299,-0.0085,3.8538,15.7268,75.5879,25.5615,25.1383,17.96,1.0969,2.7071,19050257.0,33.9141,0.0838,1.0567,55.5518,26.6602,25.4647,24.9448,57.9871,42.2966,42.2966,52.0131,29.0546,40.4588,25.5507,25.9059,0.9725,25.4525,0.1095,56.8827,-20.6141,25.6547
2025-07-18,26.13,26.57,25.88,26.04,6651934,7423383.5439,537343.3,25.8311,24.554,0.0628,0.0,71.4286,71.4286,0.7015,24.5028,25.501,26.4991,0.1594,93.6949,12.4894,25.9235,30.7554,25.7103,25.6695,25.4645,19.7803,130.004,0.8886,0.6844,0.0871,0.766,25.4885,1,25.2647,0.2459,0.0393,0.2065,0.0628,0.0756,-0.0128,3.9137,15.8299,94.1675,25.6403,25.5763,16.7078,0.6964,2.6939,25702191.0,31.5495,0.246,1.054,56.2447,26.6018,25.501,24.9921,49.1096,49.0929,49.0929,58.6243,36.1286,47.5511,25.5875,25.9884,0.6847,25.5554,0.1154,58.6808,-25.8863,25.7324
2025-07-25,26.31,26.48,26.04,25.87,159954,7285241.453,443993.2708,26.1829,24.9248,0.1347,0.0,64.2857,64.2857,0.6826,24.5055,25.5164,26.5273,-0.5455,78.8228,8.6146,25.9396,30.7554,25.7349,25.6963,25.4945,19.5942,145.9625,0.985,-0.6428,-0.1902,0.5597,25.4993,1,25.278,0.2404,0.0271,0.2133,0.1347,0.1415,-0.0067,3.9738,15.9303,92.8973,25.6403,25.5813,15.9443,0.7616,2.6384,25542237.0,30.1079,0.5272,1.0281,54.3073,26.5445,25.5164,25.0356,48.0566,52.7804,52.7804,47.7037,48.7686,58.296,25.6276,25.9866,0.4366,25.6572,0.1197,50.6684,-34.8599,25.7748
2025-08-01,26.21,26.54,25.91,25.85,176961,7186929.7863,334160.613,26.2236,24.8529,0.1628,7.1429,57.1429,50.0,0.6785,24.5057,25.5247,26.5437,-0.254,68.0475,8.1426,25.9455,26.7537,25.7527,25.7168,25.5209,19.5599,161.2279,0.364,-1.3644,-0.4419,0.3218,25.5115,1,25.2883,0.2318,0.0148,0.217,0.1628,0.1527,0.0101,4.0341,16.0295,91.5862,25.6403,25.5813,16.2531,0.4367,2.6245,25365276.0,28.1261,0.6365,1.023,54.0713,26.4885,25.5247,25.0758,50.8819,50.7723,50.7723,45.9889,41.3286,18.1385,25.6687,25.9737,0.6252,25.7417,0.1222,43.9065,-35.8995,25.8078
2025-08-08,25.85,26.23,25.85,25.93,246988,7303924.1021,296076.2978,26.1258,24.7411,0.224,0.0,50.0,50.0,0.6569,24.5037,25.5331,26.5625,0.7368,52.0134,9.8304,25.9681,24.8544,25.78,25.7452,25.5512,19.521,188.8358,-0.1579,-0.6771,-0.8073,-0.1536,25.5141,1,25.3144,0.2288,0.0094,0.2194,0.224,0.1844,0.0395,4.0946,16.1285,90.5994,25.6796,25.6993,16.2341,0.9885,2.5335,25612264.0,26.9729,0.8756,1.0429,54.9152,26.4335,25.5331,25.1182,50.0299,46.537,46.537,45.9184,38.4211,38.8286,25.7097,25.9874,0.3771,25.7995,0.1239,43.8578,-36.2168,25.8459
2025-08-15,26.1,26.52,25.86,25.93,655032,7184827.3748,215685.9103,26.4234,24.9505,0.2684,21.4286,42.8571,21.4286,0.6568,24.5065,25.5292,26.552,0.0455,67.5324,9.8304,25.9843,30.2912,25.8031,25.7699,25.5793,19.4786,201.19,-0.0879,0.0157,-0.9149,-0.3615,25.541,0,25.328,0.2238,0.0036,0.2202,0.2684,0.1924,0.076,4.1552,16.2265,89.7904,25.6796,25.6993,15.0777,0.2306,2.5329,25612264.0,28.1814,1.0494,1.0232,54.9152,26.3797,25.5292,25.1619,46.9693,43.5987,43.5987,38.8889,31.9319,38.8286,25.7499,25.9938,0.6549,25.8371,0.1246,47.4369,-36.2168,25.8738
2025-08-22,25.96,26.82,25.88,26.25,144305,7215029.323,172800.8344,27.0741,25.2909,0.3717,14.2857,100.0,85.7143,0.6767,24.6458,25.6133,26.5807,0.5198,90.7728,16.9127,26.0746,35.534,25.8714,25.8335,25.6288,19.4371,208.012,0.0173,0.1295,-0.9564,-0.4697,25.5925,1,25.3742,0.2427,0.0179,0.2247,0.3717,0.2428,0.129,4.2161,16.3267,89.7292,25.6796,25.74,13.5888,-0.0325,2.5781,25756569.0,28.5694,1.4531,1.0454,58.4564,23.7406,25.6133,25.2211,46.322,48.8304,48.8304,61.684,59.2191,100.0,25.7914,26.1058,0.9355,25.8811,0.1273,47.815,-21.078,25.9385
2025-08-29,26.47,26.72,26.32,26.49,130383,7331976.2896,176758.1714,27.6784,25.4832,0.3924,7.1429,92.8571,85.7143,0.656,24.7575,25.7025,26.6476,0.5768,113.5591,21.9663,26.206,35.534,25.9667,25.9211,25.6926,19.3084,211.2272,0.0826,0.0422,-0.9712,-0.5184,25.6575,1,25.4272,0.2741,0.0395,0.2346,0.3924,0.2124,0.18,4.2771,16.4284,89.2758,25.716,25.74,13.0161,0.0728,2.4764,25886952.0,27.3651,1.531,1.0424,60.9831,23.7694,25.7025,25.2776,51.6369,62.4815,62.4815,86.8716,79.6095,100.0,25.8375,26.271,0.3871,25.9235,0.1332,50.1274,-7.2221,26.0247
2025-09-05,26.83,27.0,26.61,26.45,188240,7182359.5264,114702.8236,28.5888,26.0884,0.3722,0.0,100.0,100.0,0.6368,24.8029,25.7667,26.7305,-0.4617,131.4177,20.5164,26.2986,40.4234,26.0404,25.9911,25.7484,19.0901,211.9825,0.016,-0.0119,-0.9743,-0.5297,25.7266,1,25.5206,0.292,0.0459,0.2461,0.3722,0.1488,0.2234,4.3384,16.5285,90.4135,25.9965,26.0297,12.4512,0.9435,2.4079,25698712.0,29.3476,1.4503,1.0603,60.2582,23.7978,25.7667,25.3226,61.3403,72.7089,72.7089,69.5713,96.0176,88.0527,25.8886,26.3746,0.3869,25.9633,0.1401,47.6519,-22.7396,26.0947
2025-09-12,26.8,27.18,26.73,26.9,921923,7817462.0375,280967.0872,29.6431,27.084,0.3657,0.0,100.0,100.0,0.6289,24.7944,25.8483,26.9023,0.6889,158.6303,29.7144,26.4844,43.3494,26.173,26.1126,25.8339,18.8407,204.7121,0.0162,0.1535,-0.938,-0.4181,25.8102,1,25.6225,0.3391,0.0745,0.2647,0.3657,0.1041,0.2616,4.3999,16.6323,91.0046,26.2024,26.1535,11.7073,1.171,2.3376,26620635.0,29.6244,1.4225,1.0468,64.8572,23.8577,25.8483,25.3701,72.9679,83.7133,83.7133,94.697,96.0176,100.0,25.9485,26.606,0.5259,26.002,0.1513,52.9349,-4.244,26.2113
2025-09-19,27.3,28.24,26.94,26.75,173629,7649175.4682,269896.0969,31.5827,28.5815,0.4318,21.4286,100.0,78.5714,0.6761,24.9207,25.9429,26.965,-0.2615,203.3068,24.6489,26.5944,56.7983,26.2623,26.1981,25.902,18.5959,193.3567,0.0704,0.3324,-0.8513,-0.231,25.8915,1,25.6505,0.3603,0.0765,0.2838,0.4318,0.1292,0.3026,4.4615,16.7335,91.0428,26.2024,26.6794,10.1117,0.7939,2.5271,26447006.0,36.6999,1.6772,1.018,62.3245,23.9512,25.9429,25.4028,75.4775,70.0103,70.0103,45.7627,82.8278,60.4308,26.0165,26.721,1.29,26.0538,0.1628,43.5643,-47.243,26.2966
2025-09-26,27.0,27.78,26.96,27.22,159029,7673566.4192,248591.8037,33.3839,29.39,0.5093,14.2857,92.8571,78.5714,0.6856,24.9126,26.0367,27.1608,0.5276,176.3698,33.4221,26.7959,56.7983,26.4097,26.3343,25.9996,18.3637,165.9404,0.2473,0.5913,-0.5141,0.2429,26.0008,1,25.7176,0.41,0.101,0.3091,0.5093,0.165,0.3443,4.5234,16.8383,90.3753,26.3612,26.6794,9.2597,1.1809,2.5187,26606035.0,33.6075,1.9743,1.0304,66.7111,24.1141,26.0367,25.4474,73.2592,66.054,66.054,57.7023,86.8103,100.0,26.0954,26.9621,0.8088,26.1363,0.1779,43.3807,-29.8959,26.4395
2025-10-03,27.37,29.98,27.02,27.15,244015,7450985.1692,146455.8494,36.2523,30.6483,0.5091,7.1429,100.0,92.8571,0.848,24.9997,26.1388,27.2779,-0.0035,242.4834,30.959,26.9374,73.5417,26.5236,26.4431,26.0848,18.1698,155.3927,0.5146,0.373,-0.3485,0.4164,26.12,1,26.0119,0.4387,0.1037,0.335,0.5091,0.1264,0.3827,4.5855,16.9415,93.6112,26.4757,27.6576,6.9511,1.2796,3.1235,26362020.0,45.5924,1.9662,1.0646,65.4795,24.2705,26.1388,25.4994,59.1633,41.4256,41.4256,20.8117,80.4484,80.9144,26.1844,27.1098,2.96,26.2492,0.1936,31.8357,-60.9271,26.5655
2025-10-10,27.34,29.24,27.02,27.16,308368,7181598.2256,5644.7633,38.9158,32.1841,0.5081,0.0,92.8571,92.8571,0.9457,25.0554,26.2261,27.3968,-0.0813,173.4704,31.1546,27.0499,73.5417,26.6215,26.5387,26.1645,18.0985,155.1683,0.5008,0.1612,-0.3448,0.42,26.2264,1,26.2275,0.457,0.0976,0.3594,0.5081,0.0938,0.4143,4.6478,17.0437,92.1448,26.5352,27.7317,5.7881,1.3095,3.4819,26670388.0,37.9646,1.9552,1.0555,65.5773,24.5559,26.2261,25.5451,46.5916,32.2952,32.2952,18.3716,85.0229,74.1542,26.2813,27.214,2.215,26.3709,0.2084,24.2177,-62.7135,26.6771
2025-10-17,27.38,27.61,27.24,27.39,148408,7152376.9329,-61770.6162,41.3891,33.6101,0.5491,0.0,85.7143,85.7143,0.91,25.2298,26.3485,27.4672,0.0277,110.2076,35.6698,27.1936,73.5417,26.7397,26.6522,26.2553,18.1311,160.6219,0.5912,0.1148,-0.4324,0.3318,26.3148,1,26.4459,0.4844,0.1,0.3844,0.5491,0.1036,0.4455,4.7103,17.1471,89.7375,26.6203,27.816,5.5854,1.4601,3.3223,26818796.0,36.6352,2.1059,1.0551,67.8349,24.8271,26.3485,25.6057,31.1736,19.7999,19.7999,20.2165,85.0229,100.0,26.3857,27.362,0.4461,26.4993,0.2234,23.7059,-59.8437,26.8058
2025-10-24,27.5,27.96,27.36,27.77,287417,7257763.1662,-50202.1412,43.8107,34.9968,0.6129,21.4286,78.5714,57.1429,0.8878,25.2158,26.4521,27.6883,0.45,121.7009,42.3923,27.3996,75.2924,26.8982,26.8012,26.3675,18.1213,168.1417,0.556,-0.1213,-0.5467,0.2055,26.3918,1,26.7262,0.5308,0.1171,0.4137,0.6129,0.1406,0.4723,4.773,17.2533,73.6788,26.8103,27.816,5.3158,1.8401,3.1972,27106213.0,37.714,2.3419,1.0665,71.1961,25.0848,26.4521,25.6723,25.153,23.3638,23.3638,31.5034,91.3847,100.0,26.4994,27.595,0.6,26.642,0.2409,25.7836,-51.0636,26.9715
2025-10-31,27.8,27.87,27.5,27.83,125604,7356143.3244,-9602.9746,46.0594,36.1415,0.6571,14.2857,71.4286,57.1429,0.8508,25.1591,26.5296,27.9,0.0813,107.9241,43.3981,27.5759,75.2924,27.0416,26.9384,26.4758,18.2648,173.369,0.5058,-0.0295,-0.6207,0.1155,26.4865,1,27.0381,0.5658,0.1217,0.4441,0.6571,0.1554,0.5017,4.8359,17.3591,77.4739,26.8403,27.816,5.1511,1.5825,3.0571,27231817.0,36.5453,2.5,1.0757,71.699,25.3295,26.5296,25.7508,23.1751,26.3616,26.3616,27.3649,100.0,100.0,26.6222,27.7791,0.3691,26.7939,0.259,25.7968,-49.6772,27.1287
2025-11-07,27.92,28.54,27.36,27.5,249671,7165968.3925,-52631.4326,48.3699,37.2479,0.705,7.1429,64.2857,57.1429,0.874,25.1511,26.5837,28.0163,-0.3574,99.6241,29.959,27.6307,78.4062,27.1121,27.0133,26.5517,18.6428,175.9394,0.5492,-0.1719,-0.6553,0.0708,26.5656,1,27.1176,0.5604,0.0931,0.4674,0.705,0.1663,0.5387,4.8991,17.4605,82.2516,26.88,27.816,4.6564,1.0094,3.178,26982146.0,38.4708,2.6737,1.0638,64.9795,25.5621,26.5837,25.8078,25.5239,26.8462,26.8462,21.6704,66.6667,0.0,26.7488,27.7893,1.175,26.9408,0.2728,26.0633,-57.3021,27.2233
2025-11-14,27.62,28.03,27.59,27.7,148527,7091704.8925,-89078.6033,50.5154,38.4694,0.7263,0.0,57.1429,57.1429,0.8494,25.2725,26.6935,28.1146,0.1818,87.3786,33.9963,27.7193,78.4062,27.2025,27.1048,26.6367,19.2923,180.861,0.3645,-0.1908,-0.7177,-0.015,26.6548,1,27.2227,0.5658,0.0788,0.4871,0.7263,0.1476,0.5787,4.9624,17.5629,84.0261,26.88,27.821,4.4489,1.2541,3.0664,27130673.0,36.7562,2.7444,1.0683,66.9982,25.783,26.6935,25.8721,27.1034,28.1022,28.1022,35.2713,43.3473,30.0418,26.8767,27.8542,0.53,27.0801,0.2844,24.3998,-52.802,27.3288
2025-11-21,27.59,27.69,26.98,27.13,127255,7018219.6108,-119272.4352,51.001,39.0376,0.7136,0.0,50.0,50.0,0.8401,25.4023,26.7635,28.1247,-0.6479,36.3995,13.8536,27.6436,57.3148,27.1914,27.1082,26.6733,20.4077,184.7061,0.3798,0.1317,-0.7627,-0.082,26.716,1,27.216,0.5181,0.0249,0.4933,0.7136,0.1036,0.61,5.0259,17.6586,77.8652,27.0387,27.8309,9.3628,0.2276,3.0967,27003418.0,34.5062,2.6896,1.0463,56.9268,25.9928,26.7635,25.9287,25.7148,22.196,22.196,9.6463,10.0139,0.0,26.9977,27.6921,0.72,27.196,0.288,28.0591,-66.3073,27.3415
2025-11-28,27.1,27.77,27.09,27.73,1538162,8375847.2269,311190.9146,51.502,39.5902,0.7134,0.0,42.8571,42.8571,0.8287,25.4812,26.852,28.2228,0.9266,55.44,26.3962,27.727,58.015,27.2742,27.1911,26.7515,21.9032,185.0209,0.5136,0.1547,-0.7663,-0.0875,26.7461,1,27.2619,0.5227,0.0236,0.4992,0.7134,0.0806,0.6327,5.0895,17.7593,84.4322,27.138,28.0517,8.8141,0.9764,2.9884,28541580.0,33.1727,2.6778,1.0565,63.1981,26.1922,26.852,25.9897,27.116,31.0497,31.0497,48.2315,24.165,42.4533,27.1127,27.7694,0.6799,27.3002,0.291,40.1564,-58.3419,27.4227
2025-12-05,27.82,28.08,27.69,28.01,137022,8465330.982,487471.5785,52.1608,40.3748,0.717,0.0,35.7143,35.7143,0.7975,25.5443,26.9507,28.3572,0.4949,86.9944,31.4814,27.8603,60.7249,27.3881,27.3008,26.8451,23.5473,183.5823,0.5781,-0.476,-0.7499,-0.0625,26.7594,1,27.3309,0.543,0.0351,0.5079,0.717,0.0611,0.6558,5.1534,17.8618,84.4785,27.23,28.1931,8.5046,0.794,2.8468,28678602.0,34.8033,2.6824,1.0575,65.7407,26.3816,26.9507,26.0629,31.5678,41.4577,41.4577,66.4952,43.3226,87.5145,27.2245,27.9176,0.392,27.3994,0.2954,41.5419,-55.0121,27.5277
2025-12-12,27.93,28.01,27.58,27.62,1353642,7364158.9551,164897.8798,52.498,41.0705,0.7376,0.0,28.5714,28.5714,0.7715,25.6952,27.0382,28.3812,-0.7207,63.5213,19.1823,27.8652,56.8815,27.4238,27.3434,26.9025,24.868,185.5736,0.2681,-0.883,-0.7724,-0.0971,26.7744,1,27.3465,0.5213,0.0107,0.5106,0.7376,0.0563,0.6813,5.2174,17.9594,64.5354,27.3838,28.2527,9.1813,0.4701,2.7934,27324960.0,33.405,2.7544,1.0444,59.5911,26.5615,27.0382,26.1259,43.3705,57.604,57.604,58.0853,52.1408,26.4547,27.3301,27.8821,0.434,27.4798,0.296,37.6858,-68.3103,27.5656
2025-12-19,27.54,28.7,27.15,27.39,2322951,5760573.426,-492286.5634,53.2394,42.4111,0.7144,0.0,21.4286,21.4286,0.8271,25.8813,27.1152,28.3491,-0.0968,60.2117,12.5585,27.8072,62.8781,27.4186,27.3496,26.9386,26.5099,184.3689,0.0778,-0.7547,-0.7589,-0.0762,26.7876,1,27.3474,0.48,-0.0245,0.5045,0.7144,0.0147,0.6997,5.2816,18.0537,71.4903,27.3838,28.3569,7.9523,0.23,3.0199,25002009.0,34.8922,2.664,1.0181,56.2793,26.7324,27.1152,26.1786,49.5114,49.4726,49.4726,23.8372,37.9897,0.0,27.425,27.7663,1.55,27.5287,0.2915,30.0115,-79.7835,27.5617
2025-12-26,27.61,28.02,27.6,27.95,536993,6120674.6143,-601803.77,53.9279,43.6559,0.6869,0.0,14.2857,14.2857,0.8131,26.0585,27.2162,28.3739,0.8,68.4612,23.6761,27.8956,62.8781,27.5003,27.4297,27.0135,28.5949,184.1407,-0.2163,-0.5321,-0.7563,-0.0722,26.8055,1,27.3789,0.4868,-0.0141,0.5009,0.6869,-0.021,0.7079,5.346,18.1527,72.8614,27.572,28.3668,7.5122,0.56,2.909,25539002.0,32.961,2.5526,1.0447,61.838,26.8948,27.2162,26.2321,50.7298,45.1129,45.1129,53.4161,28.4022,58.7519,27.5126,27.8674,0.63,27.569,0.2881,38.3223,-62.9177,27.6279
