date,open,high,low,close,volume,ad_14_chaikin a/d,adosc_14_adosc,adx_14_adx,adxr_14_adxr,apo_14_apo,aroon_14_aroon down,aroon_14_aroon up,aroonosc_14_aroonosc,atr_14_atr,bbands_20_real lower band,bbands_20_real middle band,bbands_20_real upper band,bop_14_bop,cci_20_cci,cmo_14_cmo,dema_14_dema,dx_14_dx,ema_12_ema,ema_14_ema,ema_26_ema,ht_dcperiod_14_dcperiod,ht_dcphase_14_ht_dcphase,ht_phasor_14_phase,ht_phasor_14_quadrature,ht_sine_14_lead sine,ht_sine_14_sine,ht_trendline_14_ht_trendline,ht_trendmode_14_trendmode,kama_14_kama,macd_14_macd,macd_14_macd_hist,macd_14_macd_signal,macdext_14_macd,macdext_14_macd_hist,macdext_14_macd_signal,mama_14_fama,mama_14_mama,mfi_14_mfi,midpoint_14_midpoint,midprice_14_midprice,minus_di_14_minus_di,mom_10_mom,natr_14_natr,obv_14_obv,plus_di_14_plus_di,ppo_14_ppo,roc_10_roc,rocr_14_rocr,rsi_14_rsi,sar_14_sar,sma_20_sma,sma_50_sma,stoch_14_slowd,stoch_14_slowk,stochf_14_fastd,stochf_14_fastk,stochrsi_14_fastd,stochrsi_14_fastk,t3_14_t3,tema_14_tema,trange_14_trange,trima_14_trima,trix_14_trix,ultosc_14_ultosc,willr_14_willr,wma_14_wma
2023-09-29,32.99,37.36,31.31,34.5,7825817,426862.7455,,,,,,,,,,,,0.2496,,,,,,,,,,,,,,,0,,,,,,,,,,,,,,,,7825817.0,,,,,,,,,,,,,,,,,,,,,,
2023-10-06,34.5,35.27,30.25,32.62,3910209,208763.4387,,,,,,,,,,,,-0.3745,,,,,,,,,,,,,,,0,,,,,,,,,,,,,,,,3915608.0,,,,,,37.36,,,,,,,,,,,5.02,,,,,
2023-10-13,32.49,35.66,31.3,31.53,3886495,-3267688.5109,,,,,,,,,,,,-0.2202,,,,,,,,,,,,,,,0,,,,,,,,,,,,,,,,29113.0,,,,,,37.2889,,,,,,,,,,,4.36,,,,,
2023-10-20,31.24,32.65,27.4,29.01,4101722,-4853687.6842,,,,,,,,,,,,-0.4248,,,,,,,,,,,,,,,0,,,,,,,,,,,,,,,,-4072609.0,,,,,,37.2185,,,,,,,,,,,5.25,,,,,
2023-10-27,28.79,30.55,26.15,26.99,2068067,-6132129.1024,,,,,,,,,,,,-0.4091,,,,,,,,,,,,,,,0,,,,,,,,,,,,,,,,-6140676.0,,,,,,37.0221,,,,,,,,,,,4.4,,,,,
2023-11-03,27.46,32.77,27.01,31.49,2417528,-4789057.9913,,,,,,,,,,,,0.6997,,,,,,,,,,,,,,,0,,,,,,,,,,,,,,,,-3723148.0,,,,,,36.696,,,,,,,,,,,5.78,,,,,
2023-11-10,31.58,33.07,24.35,25.3,5656793,-9213408.4929,,,,,,,,,,,,-0.7202,,,,,,,,,,,,,,,0,,,,,,,,,,,,,,,,-9379941.0,,,,,,36.3796,,,,,24.0145,8.3988,,,,,8.7199,,,,,
2023-11-17,25.63,29.52,24.98,27.53,3605671,-8768656.1229,,,,,,,,,,,,0.4185,,,,,,,,,,,,,,,0,,,,,,,,,,,,,,,,-5774270.0,,,,,,35.8984,,,,,33.6725,36.4672,,,,,4.54,,,,,
2023-11-24,27.8,29.25,26.95,28.55,1746845,-8085108.0794,,,,,,,,,,,,0.3261,,,,,,,,,,,,,,,0,,,,,,,,,,,,,,,,-4027425.0,,,,,,35.4365,,,29.5657,31.0102,31.0102,48.1645,,,,,2.3,,,,,
2023-12-01,28.67,32.31,28.03,31.62,3218853,-5905129.0071,-1547726.0875,,,,,,,,,,,0.6899,,,,,,,,,,,,,,,0,,,,,,,,,,,,,,,,-808572.0,,,,,,34.993,,,40.2279,56.001,56.001,83.3714,,,,,4.2758,,,,,
2023-12-08,32.0,32.96,28.68,29.88,3154462,-7285436.1833,-1376017.5961,,,,,,,,,,,-0.4947,,,,,,,,,,,,,,,0,,,,,,,,,,,,,,-4.62,,-3963034.0,,,-13.3913,,,34.5673,,,50.6652,64.9843,64.9843,63.417,,,,,4.285,,,,,
2023-12-15,29.65,31.46,28.62,28.63,5672090,-12917581.8875,-2972727.0649,,,,,,,,,,,-0.3592,,,,,29.8042,,,,,,,,,,0,,,,,,,,,,,,,,-3.99,,-9635124.0,,,-12.2318,,,34.1586,,,61.7204,64.1759,64.1759,45.7393,,,,,2.84,,,,,
2023-12-22,28.69,29.75,26.8,29.06,4342975,-10606235.8705,-2620250.2,,,,,,,,,,,0.1254,,,,,29.6897,,,,,,,,,,0,,,,,,,,,,,,,,-2.47,,-5292149.0,,,-7.8338,,,33.7663,,,59.2584,48.6149,48.6149,36.6883,,,,,2.95,,,,,
2023-12-29,29.0,29.49,27.42,27.78,2445193,-12200926.9575,-2745252.2647,,,,,,,,,,,-0.5894,,,,,29.3959,29.6064,,,,,,,,,0,,,,,,,,,,,29.9,30.855,,-1.23,,-7737342.0,,,-4.2399,,,33.3896,,,48.5232,32.7789,32.7789,15.9091,,,,,2.07,29.0139,,,-73.6362,28.9875
2024-01-05,27.55,27.67,25.66,26.32,2784760,-13154611.889,-2850266.2908,,,,42.8571,0.0,-42.8571,4.2079,,,,-0.6127,,-26.6623,,33.3343,28.9227,29.1682,,,,,,,,,0,27.706,,,,,,,,,24.2147,28.96,30.005,21.3975,-0.67,15.9875,-10522102.0,10.6985,,-2.4824,0.7629,36.6688,33.0281,,,33.98,20.5462,20.5462,9.0411,,,,,2.12,28.8425,,,-82.5825,28.5493
2024-01-12,26.1,27.78,25.81,26.19,3925232,-15565541.1885,-3401225.3249,,,,35.7143,7.1429,-28.5714,4.0481,,,,0.0457,,-26.9955,,32.4231,28.5023,28.7711,,,,,,,,,0,27.6464,,,,,,,,,31.9756,28.46,30.005,20.6007,-5.3,15.4565,-14447334.0,10.5128,,-16.8307,0.8029,36.5023,32.6809,,,21.5626,11.3627,11.3627,9.1379,,,,,1.97,28.7534,,,-83.732,28.1717
2024-01-19,25.87,26.29,23.93,25.26,3995592,-15049023.3519,-3153068.7704,,,,100.0,0.0,-100.0,3.9272,,,,-0.259,,-29.4639,,39.8244,28.0035,28.303,,,,,,,,,0,27.555,,,,,,,,,23.4273,28.44,28.5,23.3099,-0.04,15.547,-18442926.0,10.0318,,-0.1581,0.8011,35.268,32.3477,,,15.1953,13.6771,13.6771,22.8522,,,,,2.3555,28.6234,,,-85.4486,27.7313
2024-01-26,25.63,26.93,24.12,24.67,3021082,-16887475.3875,-3349869.5757,,,,92.8571,21.4286,-71.4286,3.8474,,,,-0.3416,,-31.0566,,34.3903,27.4906,27.8186,,,,,,,,,0,27.4794,,,,,,,,,29.8853,28.145,28.5,22.0158,-2.86,15.5953,-21464008.0,10.7482,,-10.3887,0.8504,34.4717,31.9268,,,13.3799,15.0998,15.0998,13.3094,,,,,2.81,28.3987,,,-91.9037,27.272
2024-02-02,24.5,28.25,24.36,27.68,4899307,-13422111.8997,-2023229.7431,,,,85.7143,14.2857,-71.4286,3.8508,,,,0.8164,,-16.5927,,23.7799,27.5197,27.8001,,,,,,,,,0,27.4806,,,,,,,,,37.5775,28.145,28.5,20.3309,-0.87,13.9117,-16564701.0,12.5192,,-3.0473,1.0256,41.7037,31.527,,,23.2553,40.989,40.989,86.8056,,,,,3.895,28.1416,,,-58.9716,27.2553
2024-02-09,28.76,30.3,26.65,30.27,4751089,-8749122.9929,190276.6354,,,,78.5714,7.1429,-71.4286,3.8364,23.5445,28.744,33.9435,0.4137,5.8845,-5.7751,,9.3417,27.9429,28.1294,,,,,,,,,0,27.5047,,,,,,,,,40.2943,28.145,28.5,18.8733,-1.35,12.674,-11813612.0,15.6484,,-4.2694,0.9613,47.1124,31.1471,28.744,,40.879,66.548,66.548,99.529,,,,,3.65,27.8768,,,-30.6346,27.5774
2024-02-16,30.53,32.4,29.24,29.9,5081328,-11707870.9422,137084.2941,,,,71.4286,0.0,-71.4286,3.7881,23.9902,28.514,33.0378,-0.1994,68.401,-7.1012,,3.1244,28.244,28.3655,,,,,,,,,0,27.6027,,,,,,,,,50.7752,28.145,28.445,17.6907,0.02,12.6693,-16894940.0,18.8318,,0.0669,1.1818,46.4494,23.93,28.514,,64.3811,85.6062,85.6062,70.4841,98.2516,94.7549,,,3.16,27.6932,,,-33.887,27.8618
2024-02-23,29.5,29.87,28.02,28.59,2207633,-12555124.6882,-166719.1551,,,,64.2857,21.4286,-42.8571,3.6518,24.1977,28.3125,32.4273,-0.4919,13.5758,-11.8322,,3.7417,28.2972,28.3954,,,,,,,,,0,27.6122,,,,,,,,,52.0009,28.145,28.445,19.5125,-0.04,12.7731,-19102573.0,18.105,,-0.1397,1.0385,44.0839,24.0147,28.3125,,75.6068,74.6662,74.6662,53.9855,90.2655,76.0416,,,1.88,27.5059,,,-48.3942,27.9277
2024-03-01,28.59,30.08,25.4,27.8,14648960,-12179510.3292,-156332.4378,,,,57.1429,14.2857,-42.8571,3.7253,24.2822,28.126,31.9698,-0.1688,-24.6046,-14.6549,,16.586,28.2207,28.316,,,,,,,,,0,27.6136,,,,,,,,,38.975,28.145,28.445,22.9322,-1.26,13.4002,-33751533.0,16.4074,,-4.3359,0.9737,42.6726,24.0986,28.126,,72.0121,55.7637,55.7637,42.8216,62.9034,17.9137,,,4.68,27.3689,,,-57.1429,27.8782
2024-03-08,27.24,27.4,24.41,25.22,9064756,-16341126.189,-1462021.7872,,,,50.0,7.1429,-42.8571,3.7013,23.9161,27.9365,31.9569,-0.6745,-113.1478,-23.292,,20.882,27.7591,27.9032,,,,,,,,,0,27.4349,,,,,,,,,31.1922,27.47,28.445,23.3597,-2.56,14.6761,-42816289.0,15.289,,-9.2153,0.7976,38.354,24.1816,27.9365,,55.3594,35.6483,35.6483,10.1377,31.3184,0.0,,,3.39,27.2734,,,-85.7143,27.4918
2024-03-15,25.33,25.74,22.82,23.73,11469343,-20661769.0999,-3238006.3757,,,,100.0,0.0,-100.0,3.6455,23.367,27.7735,32.18,-0.5479,-157.9373,-27.8343,,27.3533,27.1392,27.3468,,,,,,,,,0,27.169,,,,,,,,,28.541,27.0,27.61,25.2086,-2.59,15.3624,-54285632.0,14.3799,,-9.8404,0.7942,36.0829,32.4,27.7735,,37.4105,20.8194,20.8194,9.499,5.9712,0.0,,,2.92,27.2746,,,-90.501,26.9677
2024-03-22,24.49,27.14,24.1,26.03,6054561,-19028630.9355,-3150546.4391,,,-1.5085,92.8571,64.2857,-28.5714,3.6287,23.3817,27.5005,31.6193,0.5066,-80.2887,-16.3783,,18.1869,26.9686,27.1712,28.3135,,,,,,,,0,27.1448,,,,,,,,,36.0993,27.0,27.61,23.4545,-0.16,13.9404,-48231071.0,16.236,-5.3277,-0.6109,0.9092,41.8108,32.3042,27.5005,,25.9172,21.2838,21.2838,44.2149,23.8634,71.5903,,,3.41,27.3395,,,-66.4927,26.8089
2024-03-28,26.0,26.53,25.28,25.48,2501991,-20729984.8155,-3369693.9323,,,-1.2315,85.7143,57.1429,-28.5714,3.4588,23.4092,27.5095,31.6098,-0.416,-71.9536,-18.2646,25.7457,18.1869,26.7395,26.9457,28.1036,,,,,,,,0,27.0934,,,,,,,,,40.2945,27.0,27.61,22.8275,0.22,13.5745,-50733062.0,15.802,-4.4036,0.8709,0.8768,40.8677,32.2094,27.5095,,24.0736,30.1177,30.1177,36.6391,48.0669,72.6105,,,1.25,27.3357,,,-72.2338,26.6014
2024-04-05,25.48,25.78,23.92,24.18,4014071,-23621842.4176,-4073145.8773,21.8199,,-1.0744,78.5714,50.0,-28.5714,3.3446,22.9926,27.342,31.6914,-0.6989,-103.8616,-22.703,25.2173,24.3235,26.3458,26.577,27.8129,,,,,,,,0,27.0029,,,,,,,,,39.7162,27.0,27.61,24.8935,-0.49,13.832,-54747133.0,15.1528,-3.8869,-1.9862,0.8704,38.6485,32.1155,27.342,,29.4134,36.8386,36.8386,29.6619,62.9974,44.7914,,,1.86,27.2082,,,-85.8038,26.2548
2024-04-12,24.18,24.54,23.27,23.76,5029621,-24780083.2157,-4359166.8472,22.199,,-0.9006,71.4286,42.8571,-28.5714,3.1962,22.5241,27.1025,31.6809,-0.3312,-116.9637,-24.1363,24.6975,27.1282,25.948,26.2014,27.5127,,,,,,,,0,26.9314,,,,,,,,,38.855,27.0,27.61,25.6608,-3.92,13.4522,-59776754.0,14.7092,-3.2936,-14.1618,0.9027,37.9319,32.0225,27.1025,,32.1032,29.3534,29.3534,21.7593,49.894,32.28,,,1.268,26.9566,,41.5783,-90.1879,25.8864
2024-04-19,23.82,24.19,22.49,22.73,5005110,-28371985.6863,-5222765.5894,22.7903,,-0.8207,100.0,35.7143,-64.2857,3.0894,22.1955,26.658,31.1205,-0.6412,-132.2775,-27.678,24.034,30.4769,25.4529,25.7385,27.1584,,,,,,,,0,26.8061,,,,,,,,,33.7593,26.5,27.445,26.4857,-7.54,13.5916,-64781864.0,14.1126,-3.0283,-24.9092,0.8679,36.161,31.9305,26.658,,28.351,18.8608,18.8608,5.1613,25.6905,0.0,,,1.7,26.5739,,37.8698,-97.5782,25.405
2024-04-26,22.84,23.96,22.12,23.61,3150134,-26420989.1054,-4480487.4728,23.4526,,-1.0299,100.0,28.5714,-71.4286,3.0001,21.9511,26.3445,30.7379,0.4187,-119.6023,-22.4195,23.7315,32.0629,25.1694,25.4547,26.8956,,,,,,,,0,26.7629,,,,,,,,,37.6683,26.5,27.2606,26.1959,-6.29,12.7067,-61631730.0,13.476,-3.8184,-21.0368,0.9347,38.7902,31.7417,26.3445,,22.8149,20.2303,20.2303,33.7703,29.3807,55.8621,,,1.8389,26.1338,,43.3019,-85.515,25.074
2024-05-03,23.69,23.89,22.02,22.48,3682554,-28291805.3086,-4364770.9013,24.1001,,-1.3325,100.0,21.4286,-78.5714,2.9193,21.469,26.037,30.605,-0.6471,-123.6455,-26.6,23.2209,32.5172,24.7556,25.0581,26.5685,,,,,,,,0,26.6891,,,,,,,,,33.9275,26.375,27.21,25.2171,-6.11,12.9864,-65314284.0,12.8415,-5.0047,-21.3711,0.9112,36.7,31.4531,26.037,,18.7154,17.0552,17.0552,12.234,25.4544,20.5012,,,1.87,25.672,,43.5581,-95.5684,24.608
2024-05-10,22.75,24.95,21.51,23.65,10566415,-25711634.204,-3099671.4159,24.0367,,-1.7899,100.0,14.2857,-85.7143,2.9565,21.3072,25.7665,30.2258,0.2616,-94.5117,-19.4244,23.1154,23.2129,24.5855,24.8703,26.3523,15.4315,,-0.9014,-0.0882,,,,0,26.5675,,,,,,,0.2796,4.9144,37.3566,26.375,26.955,23.0658,-4.15,12.5012,-54747869.0,14.3748,-6.7386,-14.9281,0.8544,40.2878,31.0757,25.7665,,24.4522,36.0712,36.0712,62.2093,58.7878,100.0,,,3.44,25.1845,,42.3354,-80.3489,24.3189
2024-05-17,23.91,25.42,23.31,25.36,5528333,-20497708.768,-641366.1317,23.6924,,-1.9756,92.8571,7.1429,-85.7143,2.8961,21.281,25.6455,30.01,0.6872,-39.4199,-9.643,23.4713,19.216,24.7047,24.9356,26.2788,16.4751,,-1.0538,-0.6018,,,,0,26.499,-1.6171,0.0666,-1.6837,-1.9756,-0.6796,-1.2959,0.3038,5.1189,37.3117,26.19,26.955,21.8353,0.14,11.4198,-49219536.0,14.7962,-7.4612,0.5551,0.8378,45.1785,30.5974,25.6455,,36.9209,57.6363,57.6363,98.4655,73.5004,100.0,,,2.11,24.7243,,47.6022,-64.6465,24.2961
2024-05-24,25.29,25.65,23.41,23.52,3241193,-23423323.3517,-508267.1438,23.2295,,-2.1388,85.7143,0.0,-85.7143,2.8491,21.0577,25.5055,29.9533,-0.7905,-54.3449,-17.4755,23.3142,17.2122,24.5224,24.7469,26.0745,17.5102,,-1.641,-0.3407,,,,0,26.2784,-1.5884,0.0762,-1.6646,-2.1388,-0.7728,-1.366,0.3288,5.3029,31.4396,25.535,25.795,20.5807,-0.21,12.1136,-52460729.0,14.5363,-8.137,-0.885,0.7866,41.2623,30.1431,25.5055,,54.4831,69.7418,69.7418,48.5507,84.6033,53.81,,,2.239,24.3379,,46.4993,-76.5461,24.0748
2024-05-31,23.22,23.99,22.06,22.64,6315015,-25951949.6899,-1212174.3796,23.3673,,-2.0084,78.5714,7.1429,-71.4286,2.7833,20.723,25.328,29.933,-0.3008,-96.1302,-21.0024,22.9808,25.1579,24.2328,24.466,25.8201,18.5012,,-1.4248,1.3906,,,,0,26.0271,-1.618,0.0373,-1.6553,-2.0084,-0.5561,-1.4523,0.3545,5.4763,30.3005,25.14,25.795,23.0792,-3.39,12.2939,-58775744.0,13.8009,-7.7427,-13.0234,0.7919,39.4988,29.7114,25.328,,61.8272,58.1036,58.1036,27.2947,62.2735,33.0106,,,1.928,24.0336,,45.4855,-86.8145,23.7969
2024-06-07,22.99,23.02,21.53,22.49,5648011,-24321986.7838,-871314.1987,23.7045,,-1.8275,71.4286,0.0,-71.4286,2.691,20.421,25.1895,29.958,-0.3356,-105.1174,-21.6173,22.6871,28.0892,23.9647,24.2025,25.5734,19.4193,,-0.8034,1.6771,,,,0,25.8096,-1.6347,0.0165,-1.6512,-1.8275,-0.2915,-1.536,0.381,5.6464,34.6492,24.255,24.4575,23.5893,-2.99,11.9651,-64423755.0,13.2433,-7.1234,-11.7347,0.809,39.1913,29.3014,25.1895,,53.6726,33.1723,33.1723,23.6715,28.9402,0.0,,,1.49,23.8112,,48.4922,-83.3757,23.5556
2024-06-14,22.47,24.22,22.22,23.22,5558206,-24321986.7838,-652661.0158,23.2229,,-1.8536,64.2857,0.0,-64.2857,2.6416,20.2755,25.117,29.9585,0.375,-66.6963,-16.8502,22.6446,16.9616,23.8501,24.0715,25.3991,20.2148,,-0.3473,2.7434,,,,0,25.7575,-1.571,0.0642,-1.6352,-1.8536,-0.2117,-1.6419,0.4082,5.8221,43.5664,24.255,24.325,22.2876,-0.96,11.3764,-58865549.0,15.8234,-7.2841,-3.9702,0.9207,41.5749,28.9118,25.117,,40.6459,30.6619,30.6619,41.0194,24.2741,39.8116,,,2.0,23.6725,,46.7708,-69.627,23.4623
2024-06-21,23.16,23.16,21.26,22.34,10183394,-22928469.7102,-60487.3706,23.1887,,-1.8568,100.0,7.1429,-92.8571,2.5929,20.0144,24.85,29.6856,-0.4316,-92.8399,-20.8765,22.4039,22.7438,23.6178,23.8406,25.1725,20.8904,,1.2643,1.5527,,,,0,25.708,-1.5733,0.0495,-1.6228,-1.8568,-0.0998,-1.757,0.4361,5.9873,44.7703,24.185,24.2,23.7565,-1.42,11.6066,-69048943.0,14.9526,-7.3716,-5.9764,0.9414,39.5617,28.5417,24.85,,31.1994,29.7641,29.7641,24.6014,18.4503,15.5394,,,1.96,23.56,,49.7338,-81.6327,23.2707
2024-06-28,22.04,25.09,21.8,24.89,6428802,-17281284.9746,1984095.8429,22.0083,,-1.6865,92.8571,0.0,-92.8571,2.6427,20.4315,24.581,28.7305,0.8663,-29.1831,-5.0086,22.8566,6.6632,23.8135,23.9806,25.1515,22.0318,,0.8723,-2.5181,,,,0,25.6981,-1.3538,0.2152,-1.569,-1.6865,0.1435,-1.8299,0.4648,6.1763,44.705,23.91,23.895,21.607,2.16,10.6175,-62620141.0,18.9075,-6.7251,9.5029,0.9562,47.4957,28.1048,24.581,,37.9641,53.4663,53.4663,94.7781,51.7837,100.0,,23.2038,3.29,23.492,,55.0943,-31.1195,23.4323
2024-07-05,24.8,25.06,23.89,24.96,1582833,-15971741.0469,3056816.967,20.9122,21.366,-1.5342,85.7143,0.0,-85.7143,2.5376,20.9658,24.334,27.7022,0.1366,14.6316,-4.6027,23.2503,6.6632,23.9899,24.1111,25.1374,23.6001,,-0.691,-3.0212,,,,0,25.6927,-1.1608,0.3265,-1.4874,-1.5342,0.3182,-1.8524,0.4943,6.3642,43.9109,23.85,23.52,20.8827,1.35,10.1666,-61037308.0,18.2736,-6.1305,5.7179,0.9796,47.6987,27.6941,24.334,,51.7418,71.9951,71.9951,96.6057,71.8465,100.0,,23.7791,1.1711,23.4593,-0.8045,54.2234,-18.1416,23.6141
2024-07-12,25.09,25.19,22.89,24.11,2909824,-15794621.3252,3274121.2504,20.381,21.29,-1.3392,78.5714,0.0,-78.5714,2.5206,21.3656,24.11,26.8544,-0.4261,-3.4046,-9.1932,23.3648,13.475,24.0084,24.111,25.0613,24.3993,,-1.3254,-0.3756,,,,0,25.6855,-1.0642,0.3385,-1.4027,-1.3392,0.4631,-1.8023,0.5245,6.5416,44.6368,23.85,23.455,22.3787,1.63,10.4547,-63947132.0,17.0638,-5.3685,7.2509,0.9971,45.4034,27.3081,24.11,,71.143,87.9676,87.9676,72.5191,90.5973,71.792,,23.9225,2.3,23.4393,-0.761,59.4572,-35.0797,23.6875
2024-07-19,24.27,26.24,23.84,25.27,4338675,-14970363.6529,3327634.8756,19.2698,21.0301,-1.2012,71.4286,100.0,28.5714,2.5116,21.7444,23.9835,26.2226,0.4175,86.0096,-1.981,23.7527,4.8245,24.2025,24.2655,25.0767,24.4492,,-0.924,1.7091,,,,0,25.679,-0.8838,0.4151,-1.2989,-1.2012,0.515,-1.7162,0.5555,6.7289,51.2086,23.85,23.75,20.832,1.62,9.9392,-59608457.0,18.9145,-4.8154,6.8499,1.0636,49.0095,26.9452,23.9835,,81.0594,83.2156,83.2156,80.5221,90.5973,100.0,,24.4384,2.395,23.478,-0.7048,62.0352,-19.4779,23.9163
2024-07-26,25.68,27.98,24.75,26.87,6070336,-13059854.8033,3654903.7312,18.4432,20.9479,-0.92,64.2857,100.0,35.7143,2.5626,21.5467,24.066,26.5853,0.369,181.0912,7.1306,24.4693,7.6969,24.6129,24.6128,25.2096,24.4812,,-0.4407,3.3732,,,,0,25.739,-0.6048,0.5553,-1.1601,-0.92,0.6608,-1.5808,0.5874,6.9303,58.9618,24.605,24.6175,18.9344,1.51,9.537,-53538121.0,22.0922,-3.6756,5.9543,1.1821,53.5653,21.26,24.066,,83.1885,78.3821,78.3821,82.1053,90.5973,100.0,,25.3836,3.225,23.615,-0.6265,63.1542,-16.4557,24.344
2024-08-02,26.91,27.0,23.46,23.91,3868590,-15944904.9728,2538551.9608,17.2476,20.6738,-0.7533,57.1429,92.8571,35.7143,2.6324,21.5593,24.075,26.5907,-0.8475,50.804,-9.0576,24.3135,1.7046,24.5047,24.5191,25.1133,25.3126,,1.1301,4.9232,,,,0,25.7287,-0.6154,0.4358,-1.0512,-0.7533,0.688,-1.4414,0.62,7.1001,54.1549,24.605,24.6175,20.6362,0.39,11.0097,-57406711.0,19.9445,-3.0273,1.6582,1.0127,45.4712,21.3272,24.075,,74.1644,60.8954,60.8954,20.059,66.9437,0.831,,25.0521,3.54,23.7686,-0.5627,55.9916,-60.5361,24.3376
2024-08-09,22.12,32.0,22.12,31.09,15114725,-3614471.4202,5774404.916,17.834,20.9354,-0.3074,50.0,100.0,50.0,3.1501,20.4356,24.328,28.2204,0.9079,254.6162,21.8074,25.9764,25.4574,25.5178,25.3952,25.556,26.7607,,2.6968,1.8107,,,,0,26.1581,-0.044,0.8058,-0.8497,-0.3074,0.9651,-1.2725,0.6536,7.34,65.4424,26.715,26.63,15.97,8.45,10.1322,-42291986.0,26.878,-1.2336,37.3233,1.383,60.9037,21.3936,24.328,,67.8652,64.3179,64.3179,90.7895,66.9437,100.0,,27.2983,9.88,24.0854,-0.444,67.0292,-8.473,25.2857
2024-08-16,31.33,32.37,29.75,31.78,9790864,1766766.8088,8285429.2054,18.4895,21.0909,0.3087,42.8571,100.0,57.1429,3.1122,19.5839,24.643,29.7021,0.1718,317.417,24.0325,27.488,27.0109,26.4813,26.2465,26.017,27.0841,,1.7152,-1.5398,,,,0,26.5835,0.4593,1.0472,-0.5879,0.3087,1.3409,-1.0322,0.6882,7.5844,66.3747,27.06,26.815,15.0013,9.29,9.7931,-32501122.0,26.1042,1.2352,41.3072,1.3438,62.0163,21.6058,24.643,,64.5258,68.3641,68.3641,94.2439,66.9437,100.0,,29.2059,2.62,24.5277,-0.2869,65.8909,-5.3105,26.2438
2024-08-23,31.85,32.81,31.12,32.68,4887515,5902356.4242,9875315.0009,19.2337,21.2316,0.988,35.7143,100.0,64.2857,3.0106,18.9241,25.068,31.2119,0.4911,253.8704,26.9524,28.9237,28.9082,27.4349,27.1043,26.5106,27.3803,,1.3537,2.6605,,,,0,26.9986,0.9202,1.2065,-0.2863,0.988,1.7041,-0.7161,0.724,7.8354,66.6898,27.51,27.035,14.3947,9.46,9.2125,-27613607.0,26.1014,3.9291,40.7407,1.2886,63.4762,21.9287,25.068,,75.7626,94.6058,94.6058,98.7839,100.0,100.0,,30.9134,1.69,25.0857,-0.1029,65.8466,-1.1255,27.2445
2024-08-30,32.73,32.73,30.83,31.46,3600531,4688785.8608,9241830.8289,19.7581,21.5627,1.5947,28.5714,92.8571,64.2857,2.9313,18.746,25.453,32.16,-0.6685,179.3604,20.2076,29.7652,26.5752,28.0542,27.6851,26.8772,26.9694,,2.9051,2.2009,,,,0,27.3575,1.1734,1.1678,0.0056,1.5947,1.9463,-0.3515,0.7607,8.0716,65.6396,27.51,27.035,14.4346,9.12,9.3175,-31214138.0,24.8835,6.3066,40.8236,1.3376,60.1038,22.3639,25.453,,85.4788,93.4664,93.4664,87.3714,93.7565,81.2695,,31.7156,1.8997,25.7821,0.0784,65.8033,-11.6883,28.0128
2024-09-06,31.21,31.69,29.29,29.62,2413474,2939017.2108,7585767.2036,19.3961,21.5503,1.9588,21.4286,85.7143,64.2857,2.8933,18.9785,25.7975,32.6165,-0.6625,114.7997,10.6585,29.9694,14.6901,28.2951,27.9431,27.0804,26.4396,,1.8302,3.5529,,,,0,27.4978,1.2117,0.9648,0.2469,1.9588,1.9223,0.0366,0.7983,8.2871,67.7882,27.51,27.035,17.4042,4.73,9.7682,-33627612.0,23.398,7.695,19.0036,1.3083,55.3293,22.7818,25.7975,26.965,91.1701,85.4381,85.4381,70.159,60.4232,0.0,,31.6132,2.4,26.5457,0.231,62.8131,-27.619,28.4601
2024-09-13,29.81,32.06,29.36,31.16,5624288,4813779.8775,6815186.8232,19.2044,21.2137,2.4081,14.2857,78.5714,64.2857,2.8795,19.0529,26.175,33.2971,0.5,110.9684,16.628,30.4999,16.7131,28.7358,28.372,27.3826,26.9217,,4.5486,10.191,,,,0,27.786,1.3507,0.8831,0.4676,2.4081,1.9551,0.4529,0.8369,8.5158,74.1091,27.51,27.035,16.2303,6.2,9.2411,-28003324.0,22.7442,9.3547,24.8397,1.3855,58.314,23.1829,26.175,26.8982,83.041,70.2185,70.2185,53.125,39.3019,36.6362,,32.0125,2.7,27.3389,0.3707,62.9794,-14.2857,29.0463
2024-09-20,30.76,34.93,30.64,34.04,8337464,9691876.5301,7432508.6186,20.0101,21.5994,2.8625,7.1429,100.0,92.8571,2.9803,19.07,26.753,34.436,0.7646,137.9593,26.5165,31.6269,30.4841,29.5518,29.1277,27.8757,28.1654,,8.5099,2.6347,,,,0,28.395,1.674,0.9651,0.7089,2.8625,1.958,0.9045,0.8766,8.7711,75.7126,28.19,28.095,14.551,9.93,8.7552,-19665860.0,27.3128,10.9885,41.1862,1.466,63.2582,23.568,26.753,26.9266,74.9415,69.168,69.168,84.2199,44.6535,97.3244,,33.2596,4.29,28.2348,0.5201,69.5315,-6.5106,29.9339
2024-09-27,34.23,35.57,34.04,35.2,3367850,11430831.7589,7562670.6878,20.9479,21.4781,3.342,0.0,100.0,100.0,2.8767,18.9616,27.3305,35.6994,0.634,144.831,30.112,32.805,33.1389,30.4208,29.9374,28.4183,30.0114,,6.6313,-6.9186,,,,0,29.2556,2.0007,1.0335,0.9673,3.342,1.964,1.378,0.9174,9.0354,84.5032,29.555,28.685,13.9949,9.93,8.1724,-16298010.0,27.8677,12.6476,39.2956,1.5756,65.056,24.1361,27.3305,27.0,72.1792,77.151,77.151,94.1083,77.9869,100.0,,34.5393,1.53,29.1918,0.6768,64.401,-2.687,30.8731
2024-10-04,35.57,36.47,34.38,35.42,2971914,11413751.7934,6922968.7555,22.0798,21.496,3.8522,0.0,100.0,100.0,2.8204,18.8147,27.8335,36.8523,-0.0718,131.1593,30.8035,33.7872,36.7946,31.1899,30.6684,28.9369,32.1515,,4.6714,-10.8028,,,,0,29.9098,2.2515,1.0274,1.2241,3.8522,1.9624,1.8897,0.9593,9.2992,84.1656,29.665,29.295,13.2506,8.55,7.9626,-13326096.0,28.678,14.3437,31.8199,1.4231,65.4017,24.8221,27.8335,27.1282,78.0735,87.9014,87.9014,85.376,99.1081,100.0,,35.508,2.088,30.0575,0.8293,61.2117,-7.3171,31.7192
2024-10-11,35.22,37.64,35.05,37.0,2983542,12922801.9942,6512064.0511,23.4519,21.9164,4.3204,35.7143,100.0,64.2857,2.8039,18.8844,28.5075,38.1306,0.6873,130.7828,35.7225,34.9472,41.2886,32.0838,31.5126,29.5342,32.7905,,0.8192,-10.447,,,,0,30.7574,2.5483,1.0594,1.4889,4.3204,1.9165,2.4039,1.0024,9.5762,84.6484,30.455,29.88,12.3716,13.09,7.5781,-10342554.0,29.7722,15.788,54.747,1.4824,67.8613,25.6375,28.5075,27.3284,85.2125,90.585,90.585,92.2705,100.0,100.0,,36.7123,2.59,30.8773,0.9822,60.8913,-4.1237,32.6757
2024-10-18,37.07,38.5,36.05,37.52,2758285,13474458.9942,5927488.0765,24.9494,22.1096,4.6391,28.5714,100.0,71.4286,2.7786,19.264,29.2515,39.239,0.1837,126.7454,37.3022,35.9845,44.417,32.9201,32.3136,30.1257,32.8941,,-0.4585,3.5493,,,,0,31.7431,2.7933,1.0435,1.7498,4.6391,1.754,2.8851,1.0466,9.8557,87.8691,30.715,30.31,11.5885,6.43,7.4057,-7584269.0,30.1096,16.6072,20.6819,1.5562,68.6511,26.5977,29.2515,27.449,88.9597,88.3928,88.3928,87.5318,100.0,100.0,,37.7189,2.45,31.6675,1.1281,62.7955,-5.9829,33.5869
2024-10-25,37.2,39.77,37.16,39.04,4484726,15450487.6915,5778217.2109,26.6501,22.5466,5.3065,21.4286,100.0,78.5714,2.7666,19.7334,30.079,40.4246,0.705,131.8569,41.8045,37.1691,48.7592,33.8616,33.2104,30.786,34.056,,2.8482,11.9356,,,,0,32.8291,3.0747,1.0599,2.0148,5.3065,1.9415,3.3649,1.0921,10.1475,88.1951,31.475,30.945,10.804,7.26,7.0865,-3099543.0,31.3654,18.6011,22.8446,1.5449,70.9023,27.6689,30.079,27.7238,89.3328,89.0208,89.0208,87.26,100.0,100.0,,38.9218,2.61,32.4946,1.2708,67.5572,-4.136,34.573
2024-11-01,39.37,39.93,37.71,39.64,3160760,17785463.5473,5934806.2463,28.2677,22.7576,5.359,14.2857,100.0,85.7143,2.7275,20.2601,30.9,41.5399,0.1216,126.1049,43.5284,38.2416,49.2966,34.7506,34.0677,31.4419,35.7311,,6.1367,8.2947,,,,0,33.784,3.3079,1.0345,2.2734,5.359,1.5758,3.7832,1.1389,10.4424,88.0074,31.775,31.025,10.1731,6.96,6.8808,61217.0,29.9547,18.3604,21.2974,1.4753,71.7642,28.879,30.9,27.966,89.0895,89.8549,89.8549,94.7729,100.0,100.0,,39.947,2.22,33.3955,1.4041,69.6318,-1.6283,35.5079
2024-11-08,39.64,41.0,32.02,33.35,15122806,7142241.5072,2072857.8165,26.7138,22.2739,5.1167,7.1429,100.0,92.8571,3.1741,21.5237,31.4505,41.3773,-0.7004,66.5396,7.5582,37.5064,6.5138,34.5351,33.972,31.5832,37.5706,,6.3784,1.8822,,,,0,33.7532,2.9512,0.5423,2.409,5.1167,0.9827,4.1341,1.1866,10.6715,74.1617,34.63,31.56,20.9594,1.89,9.5177,-15061589.0,23.8802,17.3092,6.0076,1.3948,53.7791,30.0946,31.4505,28.062,81.4967,65.6145,65.6145,14.8107,66.6667,0.0,,38.4303,8.98,34.2075,1.4644,53.2657,-40.5191,35.4826
2024-11-15,33.5,37.92,33.0,35.16,9841900,5942009.7999,-77363.704,25.271,21.8802,4.9465,0.0,92.8571,92.8571,3.2988,22.3916,31.964,41.5364,0.3374,58.9751,14.2202,37.3308,6.5138,34.6313,34.1304,31.8482,39.2517,,6.1651,-0.1086,,,,0,33.7949,2.7825,0.2988,2.4837,4.9465,0.5304,4.4161,1.2352,10.9164,60.5819,34.63,35.145,18.7196,5.54,9.3824,-5219689.0,21.3283,16.5226,18.7036,1.1309,57.1101,31.4033,31.964,28.1328,67.8843,48.1834,48.1834,34.9666,39.5069,18.5208,,37.8421,4.92,34.8379,1.4868,49.3753,-49.8719,35.6087
2024-11-22,35.16,37.09,34.05,36.89,6123371,11259674.0894,742017.3755,23.9312,21.5824,4.8847,21.4286,85.7143,64.2857,3.2804,23.3274,32.5605,41.7936,0.5691,63.2679,20.1439,37.5909,6.5138,34.9788,34.4984,32.2216,39.4488,,6.0078,-5.5012,,,,0,33.9111,2.7566,0.2184,2.5383,4.8847,0.244,4.6408,1.2849,11.1761,59.2943,34.63,35.145,17.4768,5.73,8.8923,903682.0,19.9123,16.0408,18.389,1.1608,60.072,32.02,32.5605,28.273,49.4892,34.6696,34.6696,54.2316,17.8367,34.9892,,37.9405,3.04,35.4211,1.4943,52.8404,-35.0982,35.9267
2024-11-29,37.12,37.76,36.2,37.14,5017012,12308245.7293,1343399.032,22.9552,21.3566,4.9537,14.2857,78.5714,64.2857,3.1571,24.6409,33.212,41.7831,0.0129,74.506,20.993,37.8361,10.2673,35.3113,34.8506,32.586,38.7129,,5.0022,-6.7369,,,,0,34.0163,2.7249,0.1493,2.5756,4.9537,0.1338,4.8199,1.3357,11.4358,59.7289,34.63,35.145,16.8602,3.1,8.5006,5920694.0,20.7186,15.9748,9.1069,1.1365,60.4965,33.0,33.212,28.4432,43.8637,48.7379,48.7379,57.0156,30.2866,37.3498,,38.0462,1.555,35.9418,1.4896,51.2663,-32.9633,36.2293
2024-12-06,37.53,40.12,36.79,39.74,6122956,17033770.3299,2970867.6252,22.9031,21.1496,5.0053,7.1429,71.4286,64.2857,3.1695,25.7332,33.9355,42.1378,0.6622,101.377,29.4005,38.6549,22.2267,35.9926,35.5025,33.1159,37.4092,,4.7605,-16.2941,,,,0,34.4264,2.8764,0.2406,2.6358,5.0053,0.0573,4.948,1.3876,11.7188,65.6197,34.68,35.145,15.5916,4.54,7.9755,12043650.0,24.5035,15.8029,12.8977,1.2632,64.7002,33.96,33.9355,28.6568,49.7154,65.7387,65.7387,85.9688,57.4463,100.0,,38.9818,3.33,36.425,1.4944,54.895,-10.76,36.8362
2024-12-13,39.78,40.98,38.25,39.06,5281013,14886545.2639,2683363.3809,23.1304,21.1674,4.8144,0.0,64.2857,64.2857,3.1381,26.7309,34.545,42.3591,-0.2637,105.6713,25.6349,39.12,26.0846,36.4645,35.9768,33.5562,35.7786,207.4044,-2.1805,-21.1295,-0.9532,-0.4603,33.5096,1,34.8649,2.908,0.2178,2.6902,4.8144,-0.1885,5.0029,1.4406,11.9922,69.7105,35.45,35.18,14.6204,3.64,8.034,6762637.0,24.9394,14.9133,10.2767,1.3187,62.8174,34.8048,34.545,28.8824,62.4838,72.9748,72.9748,75.9398,70.848,75.1944,,39.3953,2.73,36.8004,1.4944,52.6198,-16.6667,37.2735
2024-12-20,39.15,44.77,39.11,44.08,12305624,24191858.112,5282587.2435,24.3475,22.1788,4.7182,0.0,100.0,100.0,3.3218,28.3041,35.5535,42.8029,0.871,169.9541,39.607,40.7177,40.1698,37.6361,37.0573,34.3357,34.6641,205.6132,-5.9877,0.8839,-0.9433,-0.4323,33.8472,1,36.0208,3.3001,0.4879,2.8122,4.7182,-0.2935,5.0117,1.495,12.3131,72.9641,38.715,37.705,12.8214,7.08,7.5358,19068261.0,30.0379,14.2465,19.1351,1.4146,69.8035,35.5482,35.5535,29.2376,74.6236,85.1574,85.1574,93.5634,91.7315,100.0,,41.4046,5.71,37.0868,1.5267,56.3993,-4.8832,38.2903
2024-12-27,44.6,44.77,42.3,42.77,2791630,22462446.7743,5315403.6486,25.4776,23.2128,4.643,0.0,100.0,100.0,3.2609,28.5467,36.1375,43.7283,-0.7409,166.8638,32.6052,41.6515,40.1698,38.426,37.819,34.9605,34.9865,202.6022,-1.6035,11.7223,-0.9246,-0.3843,34.2055,1,36.5215,3.4652,0.5224,2.9428,4.643,-0.2949,4.9379,1.5506,12.6177,71.6099,38.715,38.395,12.1263,5.25,7.6244,16276631.0,28.4095,13.7342,13.9925,1.2565,66.3026,36.7471,36.1375,29.5692,80.0625,82.0554,82.0554,76.6628,79.193,62.3846,,42.3959,2.4699,37.39,1.5616,61.3689,-15.6863,39.0093
2025-01-03,42.11,43.05,40.16,42.45,3319431,24402612.8158,5462935.5867,25.4172,23.7485,4.4245,42.8571,92.8571,50.0,3.2343,28.8829,36.671,44.4591,0.1177,120.525,30.8785,42.2931,24.6311,39.045,38.4364,35.5153,35.0016,199.6069,0.6733,14.6237,-0.9034,-0.3356,34.553,1,36.8718,3.5296,0.4694,3.0602,4.4245,-0.4096,4.8341,1.6074,12.916,67.3695,38.715,38.395,16.0824,3.41,7.6191,12957200.0,26.5941,12.8325,8.7346,1.206,65.4393,37.79,36.671,29.913,82.5324,80.3845,80.3845,70.9273,66.6379,37.5292,,42.9592,2.888,37.8357,1.5886,65.4437,-18.1961,39.6026
2025-01-10,43.16,43.69,38.26,39.41,3786759,22219821.7164,4332134.6128,24.5064,23.9791,3.9935,35.7143,85.7143,50.0,3.3911,29.3579,37.0075,44.6571,-0.6906,79.7828,15.4924,42.0212,12.666,39.1012,38.5662,35.8038,34.2487,198.8718,4.6302,13.6736,-0.8978,-0.3235,34.833,1,36.9309,3.2973,0.1897,3.1076,3.9935,-0.7158,4.7093,1.6653,13.1809,63.0491,38.715,38.395,18.2529,-0.23,8.6048,9170441.0,23.5473,11.3882,-0.5802,1.1126,57.7462,44.77,37.0075,30.2078,72.5223,55.1272,55.1272,17.7914,33.3046,0.0,,42.2503,5.43,38.3271,1.5811,55.9362,-42.0392,39.7214
2025-01-17,38.49,41.24,38.15,40.18,3848655,23427975.5513,3860116.3789,23.6128,24.2811,3.5151,28.5714,78.5714,50.0,3.3696,30.1214,37.4435,44.7656,0.5469,59.6253,18.1181,41.9622,11.9963,39.2672,38.7814,36.1279,33.0316,198.8756,5.8423,6.8297,-0.8978,-0.3235,35.2131,1,36.9918,3.1391,0.0252,3.1139,3.5151,-1.0352,4.5503,1.7242,13.4509,58.8044,38.715,38.395,17.2889,6.83,8.3863,13019096.0,22.0025,9.8625,20.4798,1.0859,59.059,44.7049,37.4435,30.4578,58.4354,39.7945,39.7945,30.6647,16.1393,10.8886,,41.9231,3.09,38.8466,1.5536,56.3028,-36.0,39.905
2025-01-24,40.34,44.59,40.26,43.67,2959892,25128746.7116,3857252.7998,23.8086,25.2293,3.2047,21.4286,71.4286,50.0,3.4439,31.2793,38.146,45.0127,0.7699,118.654,28.901,42.7548,26.3532,39.9445,39.4332,36.6866,31.5505,194.7488,7.7477,3.0894,-0.8638,-0.2546,35.9079,1,37.2337,3.2578,0.1151,3.1427,3.2047,-1.1589,4.3636,1.7843,13.7531,59.1055,38.715,38.395,15.7053,8.51,7.8863,15978988.0,26.9451,8.8317,24.2036,1.1639,64.4505,38.15,38.146,30.7258,46.2894,43.9466,43.9466,83.3837,29.7476,78.3543,,42.843,4.41,39.4337,1.5362,56.8101,-8.6275,40.5235
2025-01-31,42.61,47.96,42.18,46.01,8773788,27982504.7462,4413435.9102,24.7804,26.524,3.4097,14.2857,100.0,85.7143,3.6108,31.9925,38.8885,45.7845,0.5882,166.0434,35.0747,43.9488,37.4144,40.8777,40.3101,37.3772,29.9365,190.5321,7.8889,-8.4791,-0.8244,-0.1828,36.7143,1,37.5963,3.5003,0.2861,3.2142,3.4097,-0.7823,4.192,1.8458,14.0757,61.7499,39.68,39.99,13.9073,9.12,7.8479,24752776.0,30.5353,9.1815,24.7221,1.1785,67.5373,38.15,38.8885,31.048,49.4882,64.7236,64.7236,80.1223,63.081,100.0,,44.3,5.78,40.1054,1.5383,59.4261,-12.2334,41.3955
2025-02-07,44.97,48.73,44.14,46.96,5102477,29149874.6449,4611179.795,25.8421,26.278,3.7827,7.1429,100.0,92.8571,3.6807,32.1715,39.5345,46.8975,0.4336,171.6146,37.4493,45.1187,39.6447,41.8134,41.1968,38.0871,28.2745,187.6314,3.4134,-13.1059,-0.7947,-0.1328,37.6043,1,38.0036,3.7263,0.4097,3.3166,3.7827,-0.2735,4.0562,1.9086,14.4045,62.967,40.155,40.375,12.6671,9.82,7.838,29855253.0,29.3081,10.0211,26.4405,1.1847,68.7247,38.3462,39.5345,31.4154,63.6431,82.259,82.259,83.2711,92.7848,100.0,,45.6686,4.5899,40.828,1.554,56.1903,-10.5919,42.3278
2025-02-14,47.47,49.55,45.66,47.0,6458655,27140884.2721,3633652.6479,26.9973,26.1342,4.0398,0.0,100.0,100.0,3.6957,32.365,40.1245,47.884,-0.1208,161.3828,37.5529,46.0402,42.015,42.6113,41.9705,38.7473,26.6186,177.6979,-0.2599,-8.5518,-0.6781,0.0402,38.6004,1,39.4579,3.864,0.4379,3.4261,4.0398,0.0697,3.9701,1.9727,14.7305,76.3864,41.08,41.275,11.7138,7.26,7.8632,36313908.0,28.689,10.5388,18.2687,1.4093,68.7764,38.6577,40.1245,31.7994,75.7748,80.3417,80.3417,77.6316,100.0,100.0,,46.6447,3.89,41.547,1.5724,57.9035,-15.4079,43.1957
2025-02-21,47.38,47.74,39.39,41.85,12315975,22073228.4793,1290987.1856,25.5925,24.7619,4.0796,0.0,92.8571,92.8571,4.0279,32.965,40.446,47.927,-0.6625,58.034,11.8705,45.4675,7.3301,42.4942,41.9545,38.9771,25.1285,174.6383,-2.2566,1.2402,-0.6379,0.0934,39.4312,1,39.5634,3.517,0.0728,3.4443,4.0796,0.1804,3.8992,2.0379,15.0017,72.4723,41.945,41.8,21.1005,2.79,9.6246,23997933.0,24.4386,10.5456,7.1429,1.1903,55.9353,39.0934,40.446,32.132,74.7655,61.6956,61.6956,24.1842,66.6667,0.0,,45.5092,8.3469,42.087,1.5509,51.5589,-49.6774,43.247
2025-02-28,41.77,41.9,38.3,39.32,5433699,19729427.6623,-530493.2349,23.9501,23.4526,3.7423,0.0,85.7143,85.7143,3.9977,33.2278,40.562,47.8962,-0.6796,-15.8385,1.8135,44.3434,2.5981,42.0059,41.6032,39.0025,24.1048,182.7184,1.0623,9.1317,-0.7398,-0.0474,40.0617,1,39.5602,3.0033,-0.3528,3.3561,3.7423,-0.0568,3.7991,2.1039,15.2449,66.3232,42.07,42.875,21.7052,-4.76,10.1671,18564234.0,22.8631,9.5987,-10.7985,1.0659,50.9067,49.55,40.562,32.4438,59.6705,36.9743,36.9743,9.1071,33.3333,0.0,,43.7097,3.605,42.4952,1.4843,51.5638,-76.6292,42.8971
2025-03-07,39.74,40.6,33.83,34.08,9840989,10615247.3034,-4127384.1361,23.239,23.0711,3.1558,100.0,78.5714,-21.4286,4.1957,32.6295,40.39,48.1505,-0.836,-97.5969,-15.1919,42.1056,13.9952,40.7865,40.6001,38.6379,23.4407,198.0512,4.8255,5.5225,-0.8914,-0.3099,40.3283,1,39.4818,2.1486,-0.966,3.1146,3.1558,-0.5024,3.6581,2.1705,15.4332,58.2704,40.54,41.69,26.8087,-8.69,12.3114,8723245.0,20.2261,8.0588,-20.318,0.9176,42.4041,49.4374,40.39,32.6048,36.7657,11.6272,11.6272,1.5903,0.0,0.0,,40.4863,6.77,42.7495,1.3546,43.904,-98.4097,41.8255
2025-03-14,33.42,34.98,30.76,33.29,9280501,12462550.82,-4635844.3735,23.2357,23.1831,2.1747,100.0,71.4286,-28.5714,4.1975,31.7591,40.1025,48.4459,-0.0308,-150.053,-17.431,40.0855,23.1932,39.6332,39.6254,38.2417,22.909,218.9772,5.6036,-1.8432,-0.9945,-0.629,40.2911,1,39.265,1.3914,-1.3785,2.77,2.1747,-1.2814,3.456,2.2377,15.6118,50.9134,40.145,40.155,30.1101,-9.16,12.6088,-557256.0,18.7726,5.5418,-21.5783,0.8377,41.2845,49.1253,40.1025,32.761,18.8852,8.054,8.054,13.4646,0.0,0.0,,37.776,4.22,42.7641,1.1846,42.27,-86.5354,40.6777
2025-03-21,33.06,34.82,31.81,33.0,5469434,11317785.5642,-4786653.9271,23.2327,23.7901,1.4005,92.8571,64.2857,-28.5714,4.1126,30.8701,39.7705,48.6709,-0.0199,-128.9971,-18.2839,38.3752,23.1932,38.6127,38.742,37.8535,22.4969,234.4793,4.1349,-11.0659,-0.9863,-0.8139,40.0707,1,39.0593,0.7592,-1.6086,2.3678,1.4005,-1.8206,3.2211,2.3055,15.7857,50.5653,40.0,40.155,28.5349,-6.41,12.4625,-6026690.0,17.7906,3.5726,-16.2649,0.8449,40.858,48.5743,39.7705,32.9374,9.6989,9.4155,9.4155,13.1914,0.0,0.0,,35.6569,3.01,42.4762,0.9939,39.8336,-88.0788,39.5527
2025-03-28,33.88,34.54,30.77,31.02,5568634,6487697.1875,-5950044.6892,23.4511,24.4644,0.6088,85.7143,57.1429,-28.5714,4.0882,30.3679,39.654,48.9401,-0.7586,-139.8822,-24.0523,36.5021,26.2904,37.4446,37.7124,37.3473,22.3914,255.5428,-1.3043,-17.0812,-0.8612,-0.9683,39.7303,1,38.1136,0.0973,-1.8164,1.9137,0.6088,-2.3239,2.9327,2.3736,15.938,40.2871,39.01,40.155,28.4724,-9.16,13.1791,-11595324.0,16.618,1.5594,-22.7974,0.7037,37.9739,48.0399,39.654,33.0826,9.0443,9.6633,9.6633,2.3339,0.0,0.0,42.9948,33.4154,3.77,41.7796,0.7854,33.889,-98.6163,38.2213
2025-04-04,30.24,31.77,25.19,25.77,10954237,-2535397.7274,-8756048.8657,24.6488,25.033,-0.1567,100.0,50.0,-50.0,4.2662,28.2362,39.1845,50.1328,-0.6793,-192.7756,-36.7929,33.6912,40.219,35.6485,36.1201,36.4897,23.0525,267.7672,-6.8366,-14.596,-0.7341,-0.9992,39.2638,1,36.3065,-0.8412,-2.2039,1.3627,-0.1567,-2.6931,2.5364,2.442,16.0363,34.8806,36.385,37.37,34.6817,-17.9,16.5547,-22549561.0,14.7862,-0.4053,-40.9892,0.6025,31.6035,47.5215,39.1845,33.1434,8.5028,6.4297,6.4297,3.7638,0.0,0.0,42.4583,29.9598,6.58,40.6525,0.5409,30.3874,-97.619,36.3144
2025-04-11,24.5,29.5,24.03,27.1,11316620,-1149266.9413,-8666913.6092,25.9343,25.2203,-0.866,100.0,42.8571,-57.1429,4.3521,26.5682,38.695,50.8218,0.4753,-173.3611,-30.8063,31.77,42.6454,34.3334,34.9174,35.7942,24.3005,272.8578,-10.3455,-8.9413,-0.671,-0.9988,38.7838,1,35.2233,-1.4608,-2.2588,0.798,-0.866,-2.8858,2.0199,2.5105,16.147,33.3451,36.385,36.79,33.4713,-18.91,16.0596,-11232941.0,13.4581,-2.2617,-41.0998,0.6384,34.5969,46.6283,38.695,33.2132,9.157,11.3781,11.3781,28.0365,10.3065,30.9196,41.6895,27.9135,5.47,39.1864,0.2929,32.4908,-87.9702,34.7467
2025-04-17,27.92,28.26,25.45,25.65,7582993,-7652830.3327,-9911863.5734,27.1279,25.3704,-1.9111,92.8571,35.7143,-57.1429,4.242,24.7305,38.1205,51.5105,-0.8078,-149.5493,-34.1879,29.8831,42.6454,32.9975,33.6818,35.0428,25.5599,277.9042,-11.4112,-0.0612,-0.6031,-0.9905,38.3022,1,34.2014,-2.0453,-2.2747,0.2293,-1.9111,-3.2697,1.3587,2.5791,16.242,32.9288,36.325,36.79,31.8868,-21.31,16.538,-18815934.0,12.821,-5.0515,-45.379,0.6509,32.906,45.4983,38.1205,33.2766,11.1375,15.6047,15.6047,15.0139,14.9979,14.0742,40.7137,25.9764,2.81,37.487,0.0445,31.2908,-93.652,33.1318
2025-04-25,25.27,29.76,23.77,29.58,12253613,3864338.4803,-5855529.0661,28.4978,26.1532,-2.9164,100.0,28.5714,-71.4286,4.3668,23.7445,37.6125,51.4805,0.7195,-113.5812,-17.4359,29.3687,46.306,32.4717,33.1349,34.6381,25.9692,290.4674,-9.0407,5.2831,-0.4152,-0.9369,37.8683,1,33.9169,-2.1664,-1.9166,-0.2498,-2.9164,-3.4977,0.5813,2.6481,16.3754,39.9116,36.325,36.66,31.5104,-17.42,14.7628,-6562321.0,11.5643,-7.7837,-37.0638,0.7362,41.2821,44.4249,37.6125,33.3952,19.7717,32.3322,32.3322,53.9461,48.3313,100.0,39.6102,26.0111,5.99,35.7087,-0.1682,42.9976,-77.4631,32.172
2025-05-02,29.58,32.94,28.4,32.83,9893162,13278096.1543,-668512.1381,28.5667,26.6736,-3.832,92.8571,21.4286,-71.4286,4.3792,23.2978,37.301,51.3042,0.7148,-64.4989,-5.6856,29.795,29.4628,32.5268,33.0942,34.5042,25.6596,302.4749,-7.6557,0.7503,-0.2169,-0.8436,37.5182,1,33.847,-1.9774,-1.382,-0.5953,-3.832,-3.5717,-0.2603,2.7176,16.5399,42.5607,36.325,36.66,29.1761,-9.02,13.3391,3330841.0,15.8965,-10.2993,-21.5532,0.7518,47.1572,43.1856,37.301,33.5446,34.619,55.9202,55.9202,98.8004,71.3581,100.0,38.4749,27.2897,4.54,34.0312,-0.3274,46.7255,-64.8565,31.7465
2025-05-09,32.4,34.13,29.87,33.39,21807173,27509068.2059,6042259.7251,28.2207,27.0314,-4.9677,85.7143,14.2857,-71.4286,4.3707,23.0255,36.7665,50.5075,0.2324,-47.6029,-3.7592,30.3085,23.7227,32.6596,33.1337,34.4216,24.9208,-44.9218,-9.3779,1.087,0.0014,-0.7061,37.3217,1,33.8068,-1.762,-0.9334,-0.8287,-4.9677,-3.8048,-1.1629,2.7875,16.7084,46.5343,36.325,36.66,27.1441,-5.93,13.0898,25138014.0,16.7349,-13.3513,-15.0814,0.7257,48.1204,42.0207,36.7665,33.742,56.7068,81.8679,81.8679,92.8571,100.0,100.0,37.378,28.5481,4.26,32.5461,-0.4405,49.919,-62.6843,31.4989
2025-05-16,35.42,37.79,33.5,35.21,20523001,23347061.0101,6914004.1318,26.7678,26.8826,-5.5229,78.5714,7.1429,-71.4286,4.3728,22.9156,36.3885,49.8614,-0.049,-11.169,2.4635,31.202,7.8799,33.052,33.4105,34.48,24.0835,-25.7744,-8.6242,8.5826,0.3293,-0.4348,37.2393,1,33.9129,-1.4281,-0.4795,-0.9485,-5.5229,-3.5048,-2.0182,2.8581,16.8934,51.8154,36.325,36.66,25.1925,1.13,12.4192,45661015.0,21.5122,-14.8428,3.3157,0.7498,51.2318,40.9256,36.3885,33.9934,76.2911,91.0851,91.0851,81.5977,100.0,100.0,36.3811,30.2107,4.4,31.368,-0.5058,51.4689,-55.6245,31.6141
2025-05-23,34.45,35.03,32.68,33.49,13119541,19252427.1948,5339242.9813,25.6159,25.6042,-5.878,71.4286,0.0,-71.4286,4.2412,22.7099,35.9405,49.1711,-0.4076,-27.4919,-3.4308,31.5162,10.6407,33.1194,33.4211,34.4067,23.3217,-6.5579,-5.2648,12.8882,0.6217,-0.1142,37.115,1,33.8761,-1.2873,-0.271,-1.0163,-5.878,-3.0511,-2.8269,2.9291,17.0594,44.4329,33.75,35.7554,25.5002,0.2,12.664,32541474.0,20.5953,-15.8527,0.6008,0.7126,48.2846,39.8963,35.9405,34.2134,84.7382,81.2615,81.2615,69.3295,90.1265,70.3794,35.5003,30.9203,2.53,30.6125,-0.5467,56.6326,-59.4505,31.6119
2025-05-30,33.8,34.6,32.43,34.0,6550268,22180427.1764,5141273.1429,24.6084,24.2793,-5.7639,64.2857,0.0,-64.2857,4.0932,22.5132,35.67,48.8268,0.0922,-24.9318,-1.5651,31.9143,11.5115,33.2548,33.4983,34.3766,22.669,10.9598,-0.9284,16.3196,0.8286,0.1901,36.8293,1,33.882,-1.1217,-0.0843,-1.0374,-5.7639,-2.2289,-3.535,3.0006,17.2288,47.2952,32.485,32.835,24.9707,1.0,12.0389,39091742.0,19.8152,-15.5958,3.0303,0.8124,49.2174,38.9287,35.67,34.429,80.845,70.1884,70.1884,59.6379,73.6477,50.5637,34.746,31.6759,2.17,30.3593,-0.5651,58.9621,-43.5742,31.8064
2025-06-06,34.06,34.99,33.23,34.06,10324929,21593783.4832,4406237.6572,23.5446,23.3918,-5.4813,57.1429,0.0,-57.1429,3.9266,22.3572,35.364,48.3708,0.0,-17.0496,-1.3335,32.2653,9.7154,33.3787,33.5732,34.3531,22.1811,22.2206,5.1415,11.8876,0.922,0.3782,36.4691,1,33.8876,-0.9744,0.0504,-1.0248,-5.4813,-1.3547,-4.1266,3.0726,17.3971,53.1335,30.43,32.185,24.171,3.04,11.5284,49416671.0,19.8902,-14.9193,9.8001,0.8662,49.3332,38.0192,35.364,34.6634,70.6912,60.6238,60.6238,52.904,53.3079,38.9805,34.1191,32.298,1.76,30.5196,-0.5662,62.1005,-38.8592,32.0836
2025-06-13,34.27,35.23,33.11,33.37,10741981,13486628.0115,1125424.7942,22.4741,22.8549,-5.2316,50.0,0.0,-50.0,3.7975,22.3945,34.849,47.3035,-0.4245,-15.0313,-4.0432,32.3891,8.5567,33.3774,33.5461,34.2803,21.953,39.2079,6.575,2.7418,0.9949,0.6321,35.9979,1,33.8841,-0.9029,0.0975,-1.0004,-5.2316,-0.6199,-4.6117,3.145,17.5568,53.0449,30.43,30.78,23.2069,7.6,11.3801,38674690.0,19.5484,-14.325,29.4917,0.9792,47.9784,37.1643,34.849,34.833,58.0573,43.3598,43.3598,17.5373,29.8481,0.0,33.6071,32.5482,2.12,30.9918,-0.559,56.0068,-31.5264,32.319
2025-06-20,33.66,34.93,31.9,32.03,7914059,6251663.1832,-2621071.531,21.8342,22.5335,-4.684,42.8571,64.2857,21.4286,3.7427,22.7555,34.15,45.5445,-0.538,-22.5866,-9.2553,32.166,13.5159,33.1701,33.3439,34.1136,21.8702,51.6125,6.2809,-2.7888,0.9933,0.7838,35.5515,1,33.867,-0.9435,0.0455,-0.989,-4.684,0.2358,-4.9198,3.2178,17.7016,53.5387,30.43,30.78,24.1744,4.93,11.685,30760631.0,18.4177,-12.9904,18.1919,0.9622,45.3724,36.3606,34.15,34.9744,42.9218,24.7818,24.7818,3.9039,12.9935,0.0,33.1837,32.2858,3.03,31.53,-0.5543,45.1614,-41.0842,32.3824
2025-06-27,31.95,33.6,31.01,33.05,7816586,10748463.6233,-2484649.7485,21.4945,22.4728,-3.7035,35.7143,57.1429,21.4286,3.6604,23.6911,33.4545,43.2179,0.4247,-21.9818,-4.5979,32.2499,17.0781,33.1516,33.3048,34.0348,21.6788,64.1087,4.1016,-7.4292,0.9449,0.8996,35.0964,1,33.8635,-0.8832,0.0847,-0.9679,-3.7035,1.3037,-5.0072,3.2909,17.8551,49.0967,30.43,30.78,24.6895,7.4,11.0752,38577217.0,17.4866,-10.3786,28.8499,1.0015,47.701,35.6052,33.4545,35.1532,30.4674,23.2608,23.2608,48.3412,19.5973,58.7918,32.8404,32.4604,2.59,32.0704,-0.5434,43.611,-33.8088,32.5938
2025-07-03,33.48,34.58,32.5,33.91,5104945,12564645.9791,-1625087.3834,20.7896,22.7192,-2.8075,28.5714,50.0,21.4286,3.5475,25.2531,32.8,40.3469,0.2067,16.617,-0.7002,32.5412,11.6259,33.2683,33.3855,34.0256,21.3109,76.9895,1.2876,-6.16,0.8481,0.9743,34.601,1,33.8644,-0.7573,0.1685,-0.9258,-2.8075,2.0859,-4.8934,3.3646,18.0156,52.6304,30.43,30.78,23.6552,4.33,10.4615,43682162.0,18.7278,-7.9409,14.6383,1.0932,49.6499,34.93,32.8,35.326,29.4548,40.3218,40.3218,68.7204,52.9306,100.0,32.5766,32.9061,2.08,32.5805,-0.5222,46.3242,-27.6748,32.9194
2025-07-11,33.53,34.32,31.31,31.4,5263202,7616186.9558,-2700222.7067,20.4974,23.2158,-2.0203,21.4286,42.8571,21.4286,3.5091,25.9629,32.2775,38.5921,-0.7076,-3.4492,-11.1112,32.1596,16.6988,32.9809,33.1207,33.8311,20.8381,103.2487,0.4319,-3.7079,0.5262,0.9734,33.7601,1,33.739,-0.8502,0.0604,-0.9107,-2.0203,2.5456,-4.5659,3.4385,18.1495,54.0677,30.43,30.78,24.6284,-1.43,11.1754,38418960.0,17.5801,-5.7644,-4.3558,1.2185,44.4444,34.58,32.2775,35.4166,35.2279,42.1011,42.1011,9.2417,52.9306,0.0,32.3625,32.3746,3.01,32.9786,-0.5106,43.9297,-45.5777,32.8829
2025-07-18,31.37,32.49,31.22,32.22,4138739,9995147.1684,-2137634.1161,20.2537,23.6908,-1.4941,14.2857,35.7143,21.4286,3.3492,26.4956,31.9225,37.3494,0.6693,-2.9828,-7.1585,32.0636,17.0864,32.8638,33.0006,33.7118,20.3472,150.6762,-0.5407,-2.9513,-0.2702,0.4897,32.8707,0,33.669,-0.8479,0.0502,-0.8981,-1.4941,2.6241,-4.1182,3.5127,18.2902,56.0628,30.43,30.78,24.1531,-1.17,10.3946,42557699.0,17.1038,-4.3007,-3.504,1.1889,46.4207,34.58,31.9225,35.5828,39.5665,36.2765,36.2765,30.8673,45.9889,37.9667,32.1875,32.2708,1.27,33.207,-0.4993,43.2071,-39.729,32.902
2025-07-25,32.42,33.28,31.82,33.04,5412380,13621999.7457,-559155.3166,19.6751,24.0865,-1.0678,7.1429,28.5714,21.4286,3.2139,26.5077,31.8705,37.2333,0.4261,28.0564,-3.2047,32.1983,12.1529,32.8909,33.0059,33.662,19.8985,182.1344,-1.386,-1.2013,-0.733,-0.0372,32.2805,0,33.6168,-0.7711,0.1016,-0.8727,-1.0678,2.516,-3.5838,3.5874,18.4377,60.1697,32.395,30.78,23.3719,-2.17,9.7272,47970079.0,18.3068,-3.1101,-6.163,1.2881,48.3977,34.32,31.8705,35.6218,36.9005,32.3239,32.3239,56.8627,37.9704,75.9445,32.052,32.4901,1.455,33.2939,-0.4821,46.5053,-33.8802,32.9817
2025-08-01,33.31,34.18,29.38,29.72,8390315,6435285.0264,-2149263.6442,19.9119,24.2393,-0.7471,0.0,21.4286,21.4286,3.3279,26.2925,31.692,37.0915,-0.7464,-23.8929,-16.6191,31.4882,22.9903,32.4031,32.5678,33.37,19.5152,210.7645,-1.2651,1.1363,-0.9693,-0.5115,31.8958,1,33.5983,-0.9669,-0.0754,-0.8915,-0.7471,2.2793,-3.0263,3.6622,18.5505,53.7538,32.465,33.095,26.2182,-3.77,11.1974,39579764.0,16.4164,-2.2164,-11.2571,1.0047,41.6905,23.77,31.692,35.5806,33.3511,31.4528,31.4528,6.6282,37.9704,0.0,31.9215,31.5053,4.81,33.1655,-0.4833,39.7269,-85.9425,32.5484
2025-08-08,30.23,36.76,29.99,32.35,20477850,234458.9555,-4577365.0149,19.0554,23.6381,-0.4235,0.0,14.2857,14.2857,3.593,26.2842,31.6595,37.0348,0.3131,42.1586,-4.2892,31.5779,7.9208,32.3949,32.5387,33.2944,19.1867,246.5266,-0.1029,0.7618,-0.9302,-0.9172,31.7512,0,33.5904,-0.8995,-0.0064,-0.8931,-0.4235,2.0409,-2.4644,3.7373,18.6885,57.1932,32.465,33.5825,22.5482,-1.65,11.1067,60057614.0,19.2384,-1.2777,-4.8529,0.9854,47.8554,23.8742,31.6595,35.574,32.7895,34.5918,34.5918,40.2844,55.9532,91.9152,31.8039,31.6957,7.04,32.9752,-0.4776,40.3455,-64.6465,32.4644
2025-08-15,32.39,32.39,29.84,31.43,15836103,4146907.932,-3909684.9909,18.3102,22.539,0.0037,85.7143,7.1429,-78.5714,3.5185,26.3114,31.68,37.0486,-0.3765,-17.6183,-7.9553,31.4301,8.6232,32.2465,32.3909,33.1563,18.8892,263.8724,-0.6396,-1.2855,-0.7785,-0.9943,31.8298,0,33.5558,-0.9099,-0.0134,-0.8965,0.0037,1.8864,-1.8826,3.8127,18.8159,44.7462,32.465,33.5825,21.6853,-2.63,11.1948,44221511.0,18.2423,0.0114,-7.7217,0.9413,46.0224,24.1319,31.68,35.5734,30.3192,24.9131,24.9131,27.8267,52.1669,64.5856,31.6946,31.5321,2.55,32.7702,-0.4729,38.2603,-75.5793,32.2623
2025-08-22,31.53,33.3,30.39,32.77,9646108,10279313.3615,-1329897.3452,17.25,21.4329,0.2504,78.5714,0.0,-78.5714,3.4751,27.3842,32.03,36.6758,0.4261,6.9471,-1.8367,31.6525,3.4669,32.327,32.4414,33.1277,18.6164,281.8741,-1.249,0.4992,-0.5465,-0.9786,32.0209,0,33.5396,-0.8007,0.0766,-0.8773,0.2504,1.5848,-1.3344,3.8884,18.9554,39.3547,31.89,33.0675,20.388,-0.6,10.6044,53867619.0,19.0217,0.7779,-1.798,0.9307,49.0816,24.3844,32.03,35.6364,32.5108,38.0275,38.0275,45.9716,85.5002,100.0,31.6049,31.89,2.91,32.5509,-0.4588,40.7574,-54.0284,32.2575
2025-08-29,32.7,33.0,31.17,32.44,7555115,13210532.8424,779030.8306,16.2655,20.437,0.3801,71.4286,78.5714,7.1429,3.3576,28.2386,32.297,36.3554,-0.1421,-1.8441,-3.2904,31.7574,3.4669,32.3444,32.4413,33.0768,18.3874,-28.2958,-0.221,-0.1641,0.2874,-0.474,32.3813,0,33.5283,-0.7324,0.116,-0.8483,0.3801,1.2607,-0.8807,3.9644,19.0903,47.2234,31.89,33.0675,19.5942,0.41,10.35,46312504.0,18.2811,1.1903,1.28,0.9686,48.3548,24.6319,32.297,35.662,33.7915,38.4338,38.4338,41.503,84.9172,90.1661,31.5369,32.0542,1.83,32.3734,-0.4404,45.7418,-58.497,32.232
2025-09-05,31.71,32.89,30.32,32.19,5672031,15792741.5078,2392565.0387,15.6885,19.6166,0.3544,64.2857,71.4286,7.1429,3.3013,29.9391,32.624,35.3089,0.1868,-43.9892,-4.4449,31.786,8.1882,32.3206,32.4078,33.0111,18.2069,4.8473,-1.44,-0.7468,0.7643,0.0845,32.6148,0,33.506,-0.6904,0.1263,-0.8168,0.3544,0.8838,-0.5293,4.0407,19.2213,47.6925,31.89,33.0675,20.3438,-0.86,10.2557,40640473.0,17.2644,1.1125,-2.6021,0.9468,47.7776,24.8745,32.624,35.625,38.9798,40.478,40.478,33.9595,82.5131,57.3731,31.4884,32.0971,2.57,32.2327,-0.4208,46.7209,-61.8822,32.1831
2025-09-12,33.0,33.56,30.76,31.19,11326581,7945038.9578,338145.0362,14.8448,18.6594,0.3652,57.1429,64.2857,7.1429,3.2655,30.3084,32.7045,35.1006,-0.6464,-66.297,-9.1183,31.5658,3.8756,32.1467,32.2454,32.8762,18.0498,26.2692,-1.0603,2.1135,0.947,0.4426,32.6907,1,33.4457,-0.7295,0.0698,-0.7993,0.3652,0.6295,-0.2643,4.1172,19.341,47.8033,31.815,33.0675,19.0977,-2.72,10.4697,29313892.0,17.6726,1.1492,-8.0212,0.9157,45.4408,25.1122,32.7045,35.5448,38.7209,37.251,37.251,36.2903,49.1797,0.0,31.447,31.7853,2.8,32.0907,-0.4073,42.7172,-75.4232,32.0182
2025-09-19,31.38,35.3,31.15,35.23,16461236,23850956.153,4527933.6849,14.2518,18.043,0.4611,50.0,57.1429,7.1429,3.3287,30.1871,32.8245,35.4619,0.9277,78.9778,10.0269,32.3993,6.5434,32.621,32.6433,33.0505,17.9141,43.7591,0.1419,1.5885,0.9998,0.6916,32.7001,0,33.4703,-0.4295,0.2958,-0.7253,0.4611,0.5081,-0.047,4.1941,19.4999,58.7497,32.475,33.0675,17.3968,3.83,9.4484,45775128.0,19.8329,1.4471,12.1975,1.0557,55.0135,25.3452,32.8245,35.541,44.6701,56.2814,56.2814,98.5944,52.4577,100.0,31.446,32.9669,4.15,32.0654,-0.3692,55.1089,-20.7177,32.4192
2025-09-26,34.99,36.22,31.2,31.68,20202942,7544008.9323,641733.6815,14.0637,17.7791,0.2499,42.8571,50.0,7.1429,3.4502,30.0698,32.739,35.4082,-0.6581,12.4566,-5.64,32.1921,11.6186,32.4763,32.5149,32.949,17.8104,58.0616,0.2735,1.0952,0.9741,0.8486,32.6322,0,33.4606,-0.4728,0.2021,-0.6748,0.2499,0.1505,0.0994,4.2713,19.6217,53.621,32.475,33.0675,15.585,-0.54,10.8908,25572186.0,19.6826,0.7836,-1.676,0.9891,47.18,25.5735,32.739,35.4346,48.7237,52.6387,52.6387,23.0313,39.3894,18.1682,31.465,32.6158,5.03,32.0932,-0.3408,51.8764,-68.7881,32.3292
2025-10-03,31.86,32.15,25.6,25.89,25724634,-15902718.5456,-8466737.2158,14.3126,17.5511,-0.2139,100.0,42.8571,-57.1429,3.6716,28.4761,32.273,36.0699,-0.9115,-310.7634,-24.5182,30.5862,17.548,31.463,31.6316,32.4261,17.7289,56.3735,0.9629,0.6485,0.9804,0.8327,32.4098,1,33.1024,-0.9631,-0.2306,-0.7325,-0.2139,-0.3725,0.1586,4.3483,19.6843,48.7749,30.56,31.18,24.4846,-7.15,14.1816,-152448.0,17.1743,-0.6707,-21.6404,0.7834,37.7409,36.76,32.273,35.202,50.1239,41.4517,41.4517,2.7294,39.3894,0.0,31.4345,30.3273,6.55,32.0164,-0.3602,41.5802,-97.4014,31.4706
2025-10-10,26.33,27.49,24.23,24.42,19655564,-33267143.1836,-16948270.6753,14.9233,17.7104,-0.7608,100.0,35.7143,-64.2857,3.6422,26.7567,31.8195,36.8823,-0.5859,-335.2228,-28.433,28.9307,22.8631,30.3795,30.67,31.8331,17.6672,-10.0675,0.6116,-1.3313,0.5726,-0.1748,32.0404,1,32.5019,-1.4536,-0.5769,-0.8767,-0.7608,-0.882,0.1211,4.4253,19.7317,42.692,29.825,30.495,25.606,-5.3,14.9149,-19808012.0,16.0762,-2.3933,-17.8331,0.7201,35.7835,36.6484,31.8195,34.9096,34.4018,9.1149,9.1149,1.584,6.0561,0.0,31.3067,28.1049,3.26,31.8195,-0.4199,35.5266,-98.4836,30.4841
2025-10-17,24.94,24.95,23.44,23.72,11218012,-40324832.8525,-21122865.5602,15.7026,17.9782,-1.4633,100.0,28.5714,-71.4286,3.4899,25.2438,31.3055,37.3672,-0.8046,-274.6342,-30.2871,27.4329,25.8322,29.3549,29.7434,31.2321,17.6246,312.0655,-0.2519,-0.9503,-0.0512,-0.7424,31.5652,1,32.0131,-1.8772,-0.8004,-1.0768,-1.4633,-1.4214,-0.0419,4.502,19.7716,41.9268,29.475,30.1,26.4316,-8.63,14.7129,-31026024.0,15.5793,-4.6137,-26.677,0.7554,34.8564,36.4,31.3055,34.5912,17.5781,2.1678,2.1678,2.1901,-0.0,0.0,31.0588,26.2221,1.51,31.4871,-0.5077,34.3078,-97.8979,29.4947
2025-10-24,24.0,26.95,23.94,26.26,13603286,-32958269.3375,-18566487.2983,15.5725,17.6238,-1.6239,92.8571,21.4286,-71.4286,3.4713,24.6139,30.9155,37.2171,0.7508,-167.2078,-18.3095,26.874,13.8813,28.8788,29.2789,30.8638,17.5578,313.7548,0.5367,-1.1584,-0.0217,-0.7223,31.1239,1,31.8064,-1.985,-0.7266,-1.2585,-1.6239,-1.3738,-0.2501,4.5787,19.8365,46.414,29.475,30.1,24.6748,-5.17,13.2191,-17422738.0,18.6594,-5.1409,-16.4493,0.815,40.8453,36.0112,30.9155,34.4494,6.631,8.6104,8.6104,22.0571,16.1988,48.5965,30.7168,25.7427,3.23,31.0304,-0.5911,35.8707,-78.8288,28.917
2025-10-31,26.85,26.95,24.72,26.0,8573878,-31705905.1353,-15434354.1906,15.4517,17.6818,-1.8904,85.7143,14.2857,-71.4286,3.3823,24.0053,30.547,37.0887,-0.382,-130.375,-19.129,26.3785,13.8813,28.4359,28.8417,30.5035,17.3666,-40.0775,-0.0244,-6.7442,0.0858,-0.6438,30.626,1,31.5376,-2.0676,-0.6473,-1.4203,-1.8904,-1.388,-0.5024,4.6553,19.8981,46.8284,29.475,30.1,23.5153,-6.77,13.0089,-25996616.0,17.7826,-6.0347,-20.6591,0.7869,40.4355,35.6341,30.547,34.2662,9.5526,17.8796,17.8796,29.3915,47.2513,93.1575,30.3039,25.3477,2.225,30.4814,-0.6686,38.1995,-80.7808,28.3615
2025-11-07,26.14,30.62,25.24,30.52,31775011,-1112121.31,-3015518.1394,14.7242,16.8898,-1.8558,78.5714,7.1429,-71.4286,3.525,23.9652,30.4715,36.9778,0.8141,-45.9091,-0.2913,27.1247,5.2664,28.7565,29.0655,30.5048,17.0357,-26.6671,-4.6005,-7.7144,0.3145,-0.4488,30.3068,1,31.5309,-1.7482,-0.2623,-1.4859,-1.8558,-1.1078,-0.748,4.732,20.0043,56.2457,29.475,30.1,20.9515,-1.92,11.5498,5778395.0,23.281,-5.9453,-5.9186,1.0269,49.8544,35.2683,30.4715,34.1388,25.5029,50.0186,50.0186,98.6072,80.5847,100.0,29.8877,26.684,5.38,29.8814,-0.705,42.4134,-46.8468,28.4757
2025-11-14,30.65,30.65,27.68,28.61,15649981,-6974866.4581,473633.8926,14.0586,16.1844,-1.9487,71.4286,0.0,-71.4286,3.4852,23.8076,30.2495,36.6914,-0.6873,-35.9425,-6.9847,27.2701,5.4064,28.734,29.0048,30.3644,16.994,-12.5517,-6.8917,-2.0672,0.5365,-0.2173,30.0538,1,31.471,-1.6304,-0.1156,-1.5148,-1.9487,-0.9436,-1.0051,4.8088,20.0904,54.6827,29.475,29.8325,19.677,-3.58,12.1819,-9871586.0,21.9262,-6.2939,-11.1215,0.8844,46.5077,34.9134,30.2495,33.9682,44.8221,66.5682,66.5682,71.706,90.281,77.6856,29.4905,27.0668,2.9681,29.1282,-0.7248,44.9256,-59.562,28.3276
2025-11-21,28.62,28.62,26.21,27.64,12102620,-4715041.1469,2576991.969,13.2136,15.2318,-2.1237,64.2857,42.8571,-21.4286,3.4084,23.6283,29.936,36.2437,-0.4066,-65.1931,-10.2787,27.1617,2.2287,28.5657,28.8228,30.1626,17.4947,0.1189,-6.5449,4.2499,0.7086,0.0021,29.7924,1,31.3914,-1.5969,-0.0657,-1.5312,-2.1237,-0.8314,-1.2923,4.8856,20.1659,56.1374,29.475,29.8325,21.7679,-3.55,12.3315,-21974206.0,20.8188,-6.9093,-11.3819,0.8794,44.8606,34.5692,29.936,33.7262,63.9128,75.1516,75.1516,55.1416,74.8891,46.9818,29.1168,27.0493,2.41,28.4182,-0.7383,52.6092,-67.149,28.0858
2025-11-28,27.89,28.91,27.4,28.56,5032598,-2014923.4968,4062312.9827,12.3185,14.292,-2.2169,57.1429,35.7143,-21.4286,3.2728,23.4967,29.794,36.0913,0.4437,-39.9537,-6.4289,27.3178,0.6818,28.5648,28.7878,30.0439,17.6803,9.2412,-3.2909,8.9026,0.8115,0.1606,29.6278,1,31.3241,-1.4791,0.0417,-1.5208,-2.2169,-0.6505,-1.5664,4.9624,20.2498,54.8923,29.475,29.8325,21.0505,-6.67,11.4594,-16941608.0,20.7654,-7.2622,-18.9327,0.8715,46.7855,34.2353,29.794,33.5162,68.5259,63.8578,63.8578,64.7257,64.0286,67.4184,28.7794,27.386,1.5099,27.8811,-0.7388,58.2084,-59.9531,28.0028
2025-12-05,27.88,30.68,27.72,29.49,9133749,-225202.409,4870099.8359,12.0407,13.8646,-2.1828,50.0,28.5714,-21.4286,3.2505,23.4589,29.6575,35.8561,0.5439,-11.4576,-2.5323,27.6885,8.4293,28.7071,28.8814,30.0029,17.4572,31.4573,0.0381,8.1902,0.9722,0.5219,29.4539,1,31.2949,-1.2957,0.1801,-1.4758,-2.1828,-0.3977,-1.7851,5.0393,20.3422,55.0769,29.475,29.8325,19.6812,-2.19,11.0223,-7807859.0,23.3046,-7.1919,-6.9129,0.9091,48.7338,33.9115,29.6575,33.2244,68.3356,65.9974,65.9974,78.125,63.9872,77.5613,28.4942,27.9879,2.96,27.5961,-0.722,59.7468,-52.6789,28.0838
2025-12-12,30.0,30.98,28.8,29.84,11079993,-733458.9686,4596103.7491,11.889,13.3669,-2.4962,42.8571,21.4286,-21.4286,3.174,23.4942,29.4975,35.5008,-0.0734,7.6761,-1.0331,28.0862,9.9172,28.8814,29.0092,29.9908,17.1573,49.0749,2.8136,5.3282,0.9975,0.7556,29.3192,0,31.2762,-1.1094,0.2931,-1.4025,-2.4962,-0.5183,-1.978,5.1163,20.4372,59.1527,29.475,29.8325,18.7156,3.95,10.6368,3272134.0,22.8364,-8.2614,15.2569,0.927,49.4834,33.5973,29.4975,32.9658,67.613,72.9838,72.9838,76.1006,81.6599,100.0,28.2714,28.5794,2.18,27.5307,-0.6903,57.017,-49.9413,28.2396
2025-12-19,30.35,32.23,28.55,31.95,16161668,12968824.7705,8426004.3807,12.1854,13.2186,-2.4706,35.7143,14.2857,-21.4286,3.2102,23.5113,29.609,35.7067,0.4348,36.6351,7.7263,28.9412,16.0388,29.3535,29.4013,30.1359,17.0463,68.3189,3.9128,-0.6876,0.9183,0.9293,29.2299,1,31.2805,-0.7824,0.4961,-1.2785,-2.4706,-0.3807,-2.0899,5.1935,20.5523,60.0646,29.475,29.8325,17.1831,7.53,10.0474,19433802.0,23.7479,-8.1776,30.8354,1.0244,53.8631,33.2926,29.609,32.7558,74.0576,83.1915,83.1915,95.3488,92.5204,100.0,28.1336,29.7698,3.68,27.6775,-0.6325,62.0268,-33.4376,28.6991
2025-12-26,31.88,33.35,31.5,32.59,5786704,13982667.7894,9549367.9286,12.8313,13.4475,-1.8946,28.5714,7.1429,-21.4286,3.1134,23.5008,29.621,35.7412,0.3827,81.8097,10.2675,29.7962,21.2271,29.8514,29.8265,30.3177,17.074,88.8244,1.444,-3.0829,0.7215,0.9998,29.1821,1,31.3007,-0.4663,0.6498,-1.116,-1.8946,0.2254,-2.12,5.2709,20.6727,57.541,28.155,29.8325,16.4517,8.87,9.5531,25220506.0,25.3183,-6.2747,37.3946,0.9251,55.1338,23.44,29.621,32.6194,80.7921,86.201,86.201,87.1537,100.0,100.0,28.0934,30.8868,1.855,27.9539,-0.5536,55.5566,-28.4318,29.2368
