date,symbol,open,high,low,close
2006-11-03,GBPUSD,1.8957,1.9136,1.8953,1.9007
2006-11-10,GBPUSD,1.9018,1.9178,1.8948,1.9107
2006-11-17,GBPUSD,1.9106,1.9152,1.8836,1.8951
2006-11-24,GBPUSD,1.895,1.9349,1.8931,1.932
2006-12-01,GBPUSD,1.9388,1.9847,1.9307,1.9808
2006-12-08,GBPUSD,1.9766,1.9837,1.9513,1.9546
2006-12-15,GBPUSD,1.9518,1.9727,1.9466,1.9519
2006-12-22,GBPUSD,1.9526,1.9748,1.9433,1.958
2006-12-29,GBPUSD,1.958,1.9756,1.9515,1.9586
2007-01-05,GBPUSD,1.9587,1.9751,1.9264,1.9291
2007-01-12,GBPUSD,1.9307,1.9606,1.9259,1.9589
2007-01-19,GBPUSD,1.9639,1.9778,1.9591,1.9737
2007-01-26,GBPUSD,1.9738,1.9914,1.9559,1.9588
2007-02-02,GBPUSD,1.9595,1.9746,1.9481,1.966
2007-02-09,GBPUSD,1.9656,1.9733,1.9456,1.949
2007-02-16,GBPUSD,1.9481,1.9677,1.9402,1.9499
2007-02-23,GBPUSD,1.9522,1.9651,1.9433,1.9632
2007-03-02,GBPUSD,1.9628,1.9672,1.9412,1.9434
2007-03-09,GBPUSD,1.9436,1.9447,1.9184,1.9319
2007-03-16,GBPUSD,1.9342,1.9503,1.9212,1.9423
2007-03-23,GBPUSD,1.9415,1.9726,1.9384,1.9615
2007-03-30,GBPUSD,1.9612,1.9721,1.9546,1.9677
2007-04-06,GBPUSD,1.969,1.9821,1.9636,1.9653
2007-04-13,GBPUSD,1.9654,1.9886,1.9591,1.9861
2007-04-20,GBPUSD,1.9861,2.013,1.9854,2.0021
2007-04-27,GBPUSD,2.0042,2.0061,1.9866,1.9973
2007-05-04,GBPUSD,1.9957,2.0072,1.9844,1.9921
2007-05-11,GBPUSD,1.9941,1.9996,1.9761,1.9812
2007-05-18,GBPUSD,1.9817,1.9872,1.97,1.9747
2007-05-25,GBPUSD,1.9751,1.9893,1.9677,1.9835
2007-06-01,GBPUSD,1.9842,1.9898,1.9733,1.9822
2007-06-08,GBPUSD,1.9821,1.9967,1.9623,1.9699
2007-06-15,GBPUSD,1.9695,1.9783,1.965,1.9759
2007-06-22,GBPUSD,1.9757,1.9996,1.9757,1.9993
2007-06-29,GBPUSD,1.999,2.0086,1.9929,2.0086
2007-07-06,GBPUSD,2.0084,2.0204,2.0057,2.0107
2007-07-13,GBPUSD,2.011,2.0365,2.0096,2.0342
2007-07-20,GBPUSD,2.034,2.0586,2.0324,2.056
2007-07-27,GBPUSD,2.0555,2.0652,2.023,2.024
2007-08-03,GBPUSD,2.0231,2.0459,2.0199,2.0406
2007-08-10,GBPUSD,2.0414,2.0461,2.0155,2.0232
2007-08-17,GBPUSD,2.0225,2.0256,1.9653,1.981
2007-08-24,GBPUSD,1.9808,2.0131,1.9742,2.0129
2007-08-31,GBPUSD,2.0177,2.0231,1.9962,2.017
2007-09-07,GBPUSD,2.0167,2.0322,2.0042,2.0285
2007-09-14,GBPUSD,2.0282,2.0363,2.0055,2.0073
2007-09-21,GBPUSD,2.0066,2.0211,1.988,2.0201
2007-09-28,GBPUSD,2.0205,2.0488,2.0085,2.0471
2007-10-05,GBPUSD,2.0462,2.0492,2.0277,2.0419
2007-10-12,GBPUSD,2.0415,2.0473,2.0245,2.0362
2007-10-19,GBPUSD,2.0355,2.0523,2.0287,2.0515
2007-10-26,GBPUSD,2.0509,2.0572,2.0258,2.0521
2007-11-02,GBPUSD,2.053,2.0896,2.0529,2.0892
2007-11-09,GBPUSD,2.0891,2.1159,2.0782,2.0899
2007-11-16,GBPUSD,2.086,2.0868,2.0354,2.0545
2007-11-23,GBPUSD,2.0541,2.0764,2.0451,2.0622
2007-11-30,GBPUSD,2.0602,2.0832,2.0534,2.0569
2007-12-07,GBPUSD,2.0546,2.0678,2.0183,2.0304
2007-12-14,GBPUSD,2.0302,2.0564,2.0145,2.0176
2007-12-21,GBPUSD,2.0145,2.0228,1.9808,1.9833
2007-12-28,GBPUSD,1.9838,2.0021,1.9696,1.9923
2008-01-04,GBPUSD,1.9947,2.0101,1.9672,1.9725
2008-01-11,GBPUSD,1.9738,1.9826,1.9482,1.9564
2008-01-18,GBPUSD,1.9578,1.9778,1.9518,1.9551
2008-01-25,GBPUSD,1.957,1.9849,1.9336,1.9812
2008-02-01,GBPUSD,1.9798,1.9958,1.9653,1.9676
2008-02-08,GBPUSD,1.9655,1.9786,1.9388,1.9455
2008-02-15,GBPUSD,1.9455,1.9737,1.9403,1.9604
2008-02-22,GBPUSD,1.9571,1.9706,1.9358,1.9685
2008-02-29,GBPUSD,1.9692,1.997,1.9613,1.9877
2008-03-07,GBPUSD,1.9889,2.021,1.972,2.0144
2008-03-14,GBPUSD,2.0166,2.0392,1.9995,2.0215
2008-03-21,GBPUSD,2.0169,2.0273,1.9737,1.9817
2008-03-28,GBPUSD,1.9816,2.0191,1.9759,1.994
2008-04-04,GBPUSD,1.9947,2.0046,1.973,1.9931
2008-04-11,GBPUSD,1.9935,1.994,1.9649,1.9699
2008-04-18,GBPUSD,1.9683,1.9996,1.96,1.9978
2008-04-25,GBPUSD,1.9982,2.0024,1.9677,1.9859
2008-05-02,GBPUSD,1.9847,1.9964,1.9624,1.9716
2008-05-09,GBPUSD,1.9723,1.9783,1.9457,1.9541
2008-05-16,GBPUSD,1.9523,1.9631,1.9365,1.957
2008-05-23,GBPUSD,1.9567,1.9849,1.9454,1.9797
2008-05-30,GBPUSD,1.9808,1.9845,1.9673,1.9821
2008-06-06,GBPUSD,1.9741,1.9765,1.9463,1.9708
2008-06-13,GBPUSD,1.9702,1.9799,1.941,1.9473
2008-06-20,GBPUSD,1.9471,1.9789,1.9458,1.9752
2008-06-27,GBPUSD,1.9751,1.9951,1.9584,1.9948
2008-07-04,GBPUSD,1.9944,2.0005,1.9795,1.9817
2008-07-11,GBPUSD,1.9819,1.9958,1.9648,1.9884
2008-07-18,GBPUSD,1.984,2.0146,1.9816,1.9986
2008-07-25,GBPUSD,1.9969,2.0075,1.9815,1.9914
2008-08-01,GBPUSD,1.9905,1.9967,1.9727,1.975
2008-08-08,GBPUSD,1.975,1.9758,1.9142,1.9209
2008-08-15,GBPUSD,1.9164,1.9254,1.8513,1.8658
2008-08-22,GBPUSD,1.8647,1.8794,1.8504,1.8527
2008-08-29,GBPUSD,1.8515,1.8589,1.8172,1.821
2008-09-05,GBPUSD,1.8163,1.8163,1.7538,1.7658
2008-09-12,GBPUSD,1.7658,1.7976,1.7447,1.7936
2008-09-19,GBPUSD,1.7935,1.8389,1.7735,1.8315
2008-09-26,GBPUSD,1.8314,1.8668,1.8265,1.8428
2008-10-03,GBPUSD,1.8445,1.8445,1.7552,1.7716
2008-10-10,GBPUSD,1.7715,1.772,1.6781,1.7063
2008-10-17,GBPUSD,1.7041,1.7631,1.6909,1.728
2008-10-24,GBPUSD,1.7285,1.7518,1.5267,1.5922
2008-10-31,GBPUSD,1.5923,1.6672,1.5279,1.6067
2008-11-07,GBPUSD,1.6068,1.6399,1.5537,1.5641
2008-11-14,GBPUSD,1.5642,1.5883,1.4558,1.4738
2008-11-21,GBPUSD,1.4988,1.5249,1.4703,1.4915
2008-11-28,GBPUSD,1.5181,1.5512,1.5165,1.5364
2008-12-05,GBPUSD,1.5359,1.5398,1.4468,1.4669
2008-12-12,GBPUSD,1.4683,1.5118,1.4679,1.4944
2008-12-19,GBPUSD,1.4942,1.5723,1.4813,1.4932
2008-12-26,GBPUSD,1.4927,1.5193,1.458,1.4601
2009-01-02,GBPUSD,1.4572,1.4827,1.4351,1.4548
2009-01-09,GBPUSD,1.4546,1.5374,1.4428,1.516
2009-01-16,GBPUSD,1.516,1.5181,1.447,1.473
2009-01-23,GBPUSD,1.4731,1.4908,1.3504,1.3793
2009-01-30,GBPUSD,1.3794,1.4544,1.3549,1.454
2009-02-06,GBPUSD,1.4536,1.4844,1.4052,1.4783
2009-02-13,GBPUSD,1.4784,1.4986,1.4137,1.4352
2009-02-20,GBPUSD,1.4348,1.4484,1.4093,1.4422
2009-02-27,GBPUSD,1.4436,1.4663,1.4112,1.4316
2009-03-06,GBPUSD,1.4311,1.4314,1.3957,1.409
2009-03-13,GBPUSD,1.4091,1.4182,1.3656,1.4009
2009-03-20,GBPUSD,1.4003,1.4596,1.3844,1.4461
2009-03-27,GBPUSD,1.4466,1.4775,1.4268,1.4317
2009-04-03,GBPUSD,1.4317,1.4847,1.4112,1.4841
2009-04-10,GBPUSD,1.4836,1.4959,1.4582,1.467
2009-04-17,GBPUSD,1.467,1.5068,1.4606,1.4794
2009-04-24,GBPUSD,1.4794,1.4816,1.4398,1.4676
2009-05-01,GBPUSD,1.4677,1.4948,1.4515,1.4919
2009-05-08,GBPUSD,1.4899,1.5253,1.4836,1.5226
2009-05-15,GBPUSD,1.5257,1.5352,1.5059,1.5176
2009-05-22,GBPUSD,1.5165,1.5945,1.5117,1.5908
2009-05-29,GBPUSD,1.5928,1.6199,1.5779,1.6185
2009-06-05,GBPUSD,1.6182,1.6663,1.5942,1.5973
2009-06-12,GBPUSD,1.5977,1.6621,1.5802,1.6448
2009-06-19,GBPUSD,1.6442,1.6562,1.6188,1.6492
2009-06-26,GBPUSD,1.6504,1.6603,1.6209,1.6516
2009-07-03,GBPUSD,1.652,1.6744,1.6303,1.6337
2009-07-10,GBPUSD,1.6337,1.638,1.5984,1.6213
2009-07-17,GBPUSD,1.6198,1.6479,1.6033,1.6332
2009-07-24,GBPUSD,1.6328,1.6586,1.6311,1.6426
2009-07-31,GBPUSD,1.6428,1.6732,1.634,1.6707
2009-08-07,GBPUSD,1.6718,1.7043,1.6652,1.6681
2009-08-14,GBPUSD,1.668,1.6718,1.6391,1.6538
2009-08-21,GBPUSD,1.6538,1.6624,1.6276,1.6494
2009-08-28,GBPUSD,1.6505,1.6545,1.6154,1.6266
2009-09-04,GBPUSD,1.6267,1.6413,1.6114,1.6387
2009-09-11,GBPUSD,1.6391,1.6741,1.6322,1.6658
2009-09-18,GBPUSD,1.6661,1.6695,1.6231,1.627
2009-09-25,GBPUSD,1.627,1.6467,1.5916,1.5951
2009-10-02,GBPUSD,1.5952,1.6126,1.577,1.5941
2009-10-09,GBPUSD,1.5938,1.612,1.5826,1.5842
2009-10-16,GBPUSD,1.5834,1.6398,1.5707,1.6354
2009-10-23,GBPUSD,1.6354,1.6693,1.6241,1.6302
2009-10-30,GBPUSD,1.6305,1.6603,1.6252,1.6445
2009-11-06,GBPUSD,1.644,1.6636,1.6262,1.6609
2009-11-13,GBPUSD,1.6612,1.6843,1.6516,1.6681
2009-11-20,GBPUSD,1.6686,1.6876,1.646,1.6495
2009-11-27,GBPUSD,1.6505,1.6746,1.6272,1.6485
2009-12-04,GBPUSD,1.65,1.6722,1.638,1.647
2009-12-11,GBPUSD,1.6469,1.6516,1.6168,1.6257
2009-12-18,GBPUSD,1.6256,1.6411,1.6052,1.6159
2009-12-25,GBPUSD,1.6154,1.6164,1.5922,1.5963
2010-01-01,GBPUSD,1.5962,1.6236,1.5833,1.6168
2010-01-08,GBPUSD,1.6168,1.6241,1.5897,1.6023
2010-01-15,GBPUSD,1.6022,1.6355,1.6021,1.6261
2010-01-22,GBPUSD,1.6261,1.6458,1.6078,1.6109
2010-01-29,GBPUSD,1.611,1.6276,1.5979,1.5979
2010-02-05,GBPUSD,1.5983,1.6069,1.5559,1.5638
2010-02-12,GBPUSD,1.5651,1.5765,1.5535,1.5701
2010-02-19,GBPUSD,1.57,1.5821,1.5348,1.5472
2010-02-26,GBPUSD,1.547,1.5575,1.5152,1.5232
2010-03-05,GBPUSD,1.523,1.5247,1.4784,1.5133
2010-03-12,GBPUSD,1.5138,1.5217,1.4873,1.5203
2010-03-19,GBPUSD,1.5208,1.5381,1.4977,1.5013
2010-03-26,GBPUSD,1.5016,1.5113,1.4798,1.49
2010-04-02,GBPUSD,1.49,1.5298,1.4893,1.5199
2010-04-09,GBPUSD,1.5269,1.5391,1.5125,1.5366
2010-04-16,GBPUSD,1.5444,1.5524,1.5332,1.536
2010-04-23,GBPUSD,1.5284,1.5473,1.5189,1.5376
2010-04-30,GBPUSD,1.5384,1.5497,1.5122,1.5272
2010-05-07,GBPUSD,1.531,1.5314,1.4473,1.4801
2010-05-14,GBPUSD,1.4825,1.5053,1.4493,1.453
2010-05-21,GBPUSD,1.4522,1.4545,1.4227,1.4466
2010-05-28,GBPUSD,1.4517,1.4611,1.4256,1.4463
2010-06-04,GBPUSD,1.4433,1.477,1.4423,1.445
2010-06-11,GBPUSD,1.4421,1.4759,1.4343,1.455
2010-06-18,GBPUSD,1.4555,1.4885,1.4546,1.4821
2010-06-25,GBPUSD,1.4856,1.5077,1.4685,1.5061
2010-07-02,GBPUSD,1.505,1.5228,1.4869,1.5197
2010-07-09,GBPUSD,1.5194,1.5241,1.5046,1.5063
2010-07-16,GBPUSD,1.5062,1.5471,1.4944,1.5297
2010-07-23,GBPUSD,1.5285,1.5449,1.512,1.5417
2010-07-30,GBPUSD,1.5413,1.5721,1.5405,1.568
2010-08-06,GBPUSD,1.5726,1.5997,1.5691,1.594
2010-08-13,GBPUSD,1.5983,1.5995,1.5557,1.5589
2010-08-20,GBPUSD,1.559,1.5702,1.5461,1.553
2010-08-27,GBPUSD,1.5536,1.5619,1.5368,1.5526
2010-09-03,GBPUSD,1.5532,1.5576,1.5323,1.5449
2010-09-10,GBPUSD,1.5444,1.5532,1.5292,1.5348
2010-09-17,GBPUSD,1.5356,1.5728,1.5344,1.5629
2010-09-24,GBPUSD,1.5653,1.5843,1.5499,1.5821
2010-10-01,GBPUSD,1.5822,1.5923,1.5668,1.5818
2010-10-08,GBPUSD,1.5805,1.6018,1.5747,1.5963
2010-10-15,GBPUSD,1.5949,1.6106,1.5752,1.599
2010-10-22,GBPUSD,1.5981,1.6004,1.5647,1.5683
2010-10-29,GBPUSD,1.5665,1.6045,1.566,1.6037
2010-11-05,GBPUSD,1.6047,1.6299,1.5957,1.618
2010-11-12,GBPUSD,1.6189,1.6213,1.5949,1.6116
2010-11-19,GBPUSD,1.6148,1.6155,1.5837,1.5978
2010-11-26,GBPUSD,1.5978,1.6084,1.5574,1.5587
2010-12-03,GBPUSD,1.5593,1.5787,1.548,1.5774
2010-12-10,GBPUSD,1.5758,1.5862,1.5651,1.5801
2010-12-17,GBPUSD,1.5797,1.5912,1.545,1.5535
2010-12-24,GBPUSD,1.5513,1.5577,1.5351,1.5441
2010-12-31,GBPUSD,1.5441,1.5664,1.534,1.5608
2011-01-07,GBPUSD,1.5534,1.5645,1.5404,1.5544
2011-01-14,GBPUSD,1.552,1.5889,1.5471,1.5867
2011-01-21,GBPUSD,1.5861,1.6059,1.5831,1.5998
2011-01-28,GBPUSD,1.6002,1.6017,1.5746,1.5858
2011-02-04,GBPUSD,1.5845,1.6277,1.5819,1.6108
2011-02-11,GBPUSD,1.6095,1.6185,1.5958,1.6003
2011-02-18,GBPUSD,1.5985,1.6263,1.5977,1.6251
2011-02-25,GBPUSD,1.6254,1.6274,1.6026,1.6114
2011-03-04,GBPUSD,1.6108,1.6343,1.6069,1.6267
2011-03-11,GBPUSD,1.6273,1.6341,1.5973,1.6077
2011-03-18,GBPUSD,1.6088,1.6255,1.5974,1.623
2011-03-25,GBPUSD,1.6218,1.64,1.6004,1.6041
2011-04-01,GBPUSD,1.6007,1.615,1.5933,1.611
2011-04-08,GBPUSD,1.6101,1.6427,1.6088,1.638
2011-04-15,GBPUSD,1.6377,1.6426,1.6223,1.6317
2011-04-22,GBPUSD,1.6318,1.6599,1.6163,1.6501
2011-04-29,GBPUSD,1.6517,1.6745,1.6428,1.6708
2011-05-06,GBPUSD,1.6709,1.6739,1.6351,1.6368
2011-05-13,GBPUSD,1.6375,1.6517,1.6143,1.6198
2011-05-20,GBPUSD,1.6175,1.6304,1.6101,1.6232
2011-05-27,GBPUSD,1.6221,1.6514,1.6055,1.6506
2011-06-03,GBPUSD,1.648,1.6547,1.6283,1.6426
2011-06-10,GBPUSD,1.6421,1.6469,1.6216,1.6226
2011-06-17,GBPUSD,1.6234,1.6441,1.6077,1.6196
2011-06-24,GBPUSD,1.6163,1.6262,1.5934,1.5957
2011-07-01,GBPUSD,1.5963,1.6118,1.5908,1.6074
2011-07-08,GBPUSD,1.6059,1.6139,1.593,1.6052
2011-07-15,GBPUSD,1.6029,1.6192,1.578,1.6128
2011-07-22,GBPUSD,1.6122,1.6339,1.6004,1.63
2011-07-29,GBPUSD,1.6331,1.647,1.6259,1.6423
2011-08-05,GBPUSD,1.6394,1.6474,1.6222,1.6391
2011-08-12,GBPUSD,1.6453,1.6471,1.6109,1.6274
2011-08-19,GBPUSD,1.6284,1.6617,1.6255,1.6463
2011-08-26,GBPUSD,1.6479,1.6571,1.6206,1.6367
2011-09-02,GBPUSD,1.6346,1.6453,1.613,1.6218
2011-09-09,GBPUSD,1.6151,1.62,1.5842,1.588
2011-09-16,GBPUSD,1.5831,1.5885,1.5704,1.5786
2011-09-23,GBPUSD,1.5717,1.5755,1.5326,1.5463
2011-09-30,GBPUSD,1.5476,1.5715,1.543,1.5583
2011-10-07,GBPUSD,1.5582,1.5649,1.5272,1.5557
2011-10-14,GBPUSD,1.5553,1.5851,1.5525,1.5821
2011-10-21,GBPUSD,1.5821,1.5973,1.563,1.5947
2011-10-28,GBPUSD,1.5942,1.6151,1.5889,1.613
2011-11-04,GBPUSD,1.6128,1.6161,1.5874,1.6031
2011-11-11,GBPUSD,1.6067,1.6129,1.5865,1.6061
2011-11-18,GBPUSD,1.6086,1.6088,1.5689,1.5799
2011-11-25,GBPUSD,1.5786,1.5798,1.5421,1.5432
2011-12-02,GBPUSD,1.5486,1.5779,1.5457,1.5593
2011-12-09,GBPUSD,1.5623,1.5769,1.556,1.5668
2011-12-16,GBPUSD,1.565,1.5657,1.5407,1.5544
2011-12-23,GBPUSD,1.5542,1.5773,1.5463,1.5584
2011-12-30,GBPUSD,1.559,1.5698,1.536,1.5533
2012-01-06,GBPUSD,1.5497,1.5669,1.5374,1.5423
2012-01-13,GBPUSD,1.5422,1.5499,1.5234,1.5311
2012-01-20,GBPUSD,1.5278,1.5578,1.5272,1.5573
2012-01-27,GBPUSD,1.5556,1.574,1.5514,1.5725
2012-02-03,GBPUSD,1.5731,1.5882,1.5651,1.5814
2012-02-10,GBPUSD,1.5802,1.5928,1.5728,1.5751
2012-02-17,GBPUSD,1.5774,1.5862,1.5643,1.5818
2012-02-24,GBPUSD,1.5842,1.5898,1.5645,1.5875
2012-03-02,GBPUSD,1.5882,1.5981,1.5798,1.5831
2012-03-09,GBPUSD,1.5835,1.5882,1.566,1.567
2012-03-16,GBPUSD,1.5669,1.586,1.5602,1.5831
2012-03-23,GBPUSD,1.5844,1.5923,1.577,1.5868
2012-03-30,GBPUSD,1.5872,1.6036,1.5799,1.6005
2012-04-06,GBPUSD,1.6004,1.6062,1.5803,1.5869
2012-04-13,GBPUSD,1.5889,1.5984,1.5809,1.5854
2012-04-20,GBPUSD,1.5847,1.6148,1.5817,1.6119
2012-04-27,GBPUSD,1.6127,1.6279,1.6074,1.626
2012-05-04,GBPUSD,1.6273,1.63,1.6141,1.6144
2012-05-11,GBPUSD,1.615,1.6198,1.6057,1.6066
2012-05-18,GBPUSD,1.6064,1.6122,1.573,1.5816
2012-05-25,GBPUSD,1.5808,1.5847,1.5629,1.5657
2012-06-01,GBPUSD,1.5677,1.5717,1.5266,1.5361
2012-06-08,GBPUSD,1.5368,1.5599,1.5319,1.5454
2012-06-15,GBPUSD,1.5524,1.5726,1.5454,1.5703
2012-06-22,GBPUSD,1.5727,1.5777,1.5555,1.5576
2012-06-29,GBPUSD,1.5583,1.5714,1.5483,1.5706
2012-07-06,GBPUSD,1.5696,1.5722,1.5458,1.5489
2012-07-13,GBPUSD,1.5475,1.558,1.539,1.5574
2012-07-20,GBPUSD,1.5579,1.5737,1.5516,1.5619
2012-07-27,GBPUSD,1.5606,1.5768,1.5457,1.5743
2012-08-03,GBPUSD,1.573,1.574,1.5488,1.5642
2012-08-10,GBPUSD,1.5635,1.5701,1.5545,1.5683
2012-08-17,GBPUSD,1.5675,1.5744,1.5634,1.5697
2012-08-24,GBPUSD,1.5695,1.5912,1.5676,1.58
2012-08-31,GBPUSD,1.5814,1.5895,1.5752,1.5863
2012-09-07,GBPUSD,1.5879,1.6034,1.5824,1.6024
2012-09-14,GBPUSD,1.6012,1.6255,1.5958,1.6211
2012-09-21,GBPUSD,1.6228,1.6309,1.6161,1.6219
2012-09-28,GBPUSD,1.6242,1.6272,1.6112,1.616
2012-10-05,GBPUSD,1.6124,1.6216,1.6065,1.613
2012-10-12,GBPUSD,1.6134,1.6139,1.5973,1.607
2012-10-19,GBPUSD,1.6078,1.6178,1.5996,1.5996
2012-10-26,GBPUSD,1.6007,1.6143,1.5912,1.6091
2012-11-02,GBPUSD,1.6093,1.6175,1.6004,1.6031
2012-11-09,GBPUSD,1.6008,1.6042,1.5886,1.5892
2012-11-16,GBPUSD,1.5901,1.5916,1.5826,1.5881
2012-11-23,GBPUSD,1.5885,1.6051,1.5879,1.6031
2012-11-30,GBPUSD,1.6031,1.6062,1.5961,1.6008
2012-12-07,GBPUSD,1.6015,1.6131,1.6001,1.6037
2012-12-14,GBPUSD,1.6035,1.6178,1.6012,1.6168
2012-12-21,GBPUSD,1.6164,1.6306,1.6149,1.6169
2012-12-28,GBPUSD,1.6148,1.6206,1.5899,1.6167
2013-01-04,GBPUSD,1.6171,1.638,1.6008,1.6066
2013-01-11,GBPUSD,1.6073,1.6177,1.599,1.6128
2013-01-18,GBPUSD,1.6131,1.6154,1.5853,1.5859
2013-01-25,GBPUSD,1.5847,1.5893,1.5745,1.5794
2013-02-01,GBPUSD,1.5758,1.5878,1.5673,1.5697
2013-02-08,GBPUSD,1.5691,1.5844,1.5629,1.5792
2013-02-15,GBPUSD,1.5799,1.581,1.546,1.5514
2013-02-22,GBPUSD,1.5503,1.5508,1.5131,1.5163
2013-03-01,GBPUSD,1.5075,1.5222,1.4984,1.5038
2013-03-08,GBPUSD,1.504,1.5199,1.4884,1.4915
2013-03-15,GBPUSD,1.4916,1.5177,1.483,1.5114
2013-03-22,GBPUSD,1.5084,1.5246,1.5024,1.5229
2013-03-29,GBPUSD,1.523,1.526,1.5092,1.5211
2013-04-05,GBPUSD,1.5196,1.5363,1.5031,1.5335
2013-04-12,GBPUSD,1.5329,1.5411,1.5238,1.5338
2013-04-19,GBPUSD,1.5336,1.5383,1.5214,1.5229
2013-04-26,GBPUSD,1.5217,1.5498,1.5195,1.545
2013-05-03,GBPUSD,1.5481,1.5606,1.5467,1.5568
2013-05-10,GBPUSD,1.5566,1.5598,1.5312,1.5361
2013-05-17,GBPUSD,1.5355,1.5384,1.5156,1.5168
2013-05-24,GBPUSD,1.5188,1.528,1.5012,1.5126
2013-05-31,GBPUSD,1.5128,1.5239,1.5006,1.5196
2013-06-07,GBPUSD,1.5197,1.5682,1.5176,1.5552
2013-06-14,GBPUSD,1.554,1.5736,1.5492,1.57
2013-06-21,GBPUSD,1.5711,1.5751,1.5367,1.5425
2013-06-28,GBPUSD,1.5394,1.5477,1.5165,1.522
2013-07-05,GBPUSD,1.5206,1.5303,1.4857,1.4893
2013-07-12,GBPUSD,1.4875,1.5215,1.4814,1.5098
2013-07-19,GBPUSD,1.5108,1.5278,1.5027,1.5258
2013-07-26,GBPUSD,1.5262,1.5427,1.5257,1.5384
2013-08-02,GBPUSD,1.5382,1.541,1.5103,1.5286
2013-08-09,GBPUSD,1.5282,1.5573,1.5211,1.549
2013-08-16,GBPUSD,1.5503,1.5654,1.5424,1.5633
2013-08-23,GBPUSD,1.5629,1.5712,1.554,1.5569
2013-08-30,GBPUSD,1.5574,1.561,1.5435,1.5502
2013-09-06,GBPUSD,1.5518,1.5666,1.5505,1.5634
2013-09-13,GBPUSD,1.5628,1.5883,1.5626,1.587
2013-09-20,GBPUSD,1.5935,1.6155,1.5887,1.6005
2013-09-27,GBPUSD,1.5998,1.615,1.5955,1.615
2013-10-04,GBPUSD,1.6142,1.6256,1.6005,1.6012
2013-10-11,GBPUSD,1.6026,1.6122,1.5914,1.5952
2013-10-18,GBPUSD,1.5967,1.6223,1.5895,1.6174
2013-10-25,GBPUSD,1.6171,1.6255,1.6117,1.6166
2013-11-01,GBPUSD,1.6169,1.6206,1.5909,1.5912
2013-11-08,GBPUSD,1.5926,1.6115,1.5903,1.6015
2013-11-15,GBPUSD,1.6001,1.6133,1.5856,1.6117
2013-11-22,GBPUSD,1.6121,1.6223,1.6063,1.6222
2013-11-29,GBPUSD,1.6224,1.6383,1.6133,1.6365
2013-12-06,GBPUSD,1.6368,1.6437,1.63,1.6346
2013-12-13,GBPUSD,1.6346,1.6464,1.6261,1.6294
2013-12-20,GBPUSD,1.6292,1.6472,1.6225,1.633
2013-12-27,GBPUSD,1.6338,1.657,1.6298,1.6478
2014-01-03,GBPUSD,1.648,1.6601,1.6396,1.6417
2014-01-10,GBPUSD,1.6396,1.6516,1.6338,1.6481
2014-01-17,GBPUSD,1.6484,1.6506,1.631,1.6417
2014-01-24,GBPUSD,1.6416,1.6665,1.6395,1.6484
2014-01-31,GBPUSD,1.6502,1.6621,1.6429,1.6436
2014-02-07,GBPUSD,1.6417,1.6437,1.6255,1.6409
2014-02-14,GBPUSD,1.6395,1.6753,1.6382,1.6745
2014-02-21,GBPUSD,1.6767,1.6819,1.6613,1.6615
2014-02-28,GBPUSD,1.6626,1.6761,1.6586,1.674
2014-03-07,GBPUSD,1.671,1.6784,1.664,1.6712
2014-03-14,GBPUSD,1.6721,1.6739,1.6572,1.6644
2014-03-21,GBPUSD,1.6642,1.6664,1.6475,1.6483
2014-03-28,GBPUSD,1.6473,1.6648,1.6466,1.6637
2014-04-04,GBPUSD,1.6642,1.6683,1.6557,1.6573
2014-04-11,GBPUSD,1.657,1.6818,1.6565,1.6729
2014-04-18,GBPUSD,1.6737,1.6841,1.6686,1.6788
2014-04-25,GBPUSD,1.68,1.6838,1.6763,1.6795
2014-05-02,GBPUSD,1.6802,1.6911,1.6778,1.6873
2014-05-09,GBPUSD,1.6876,1.6995,1.6832,1.6855
2014-05-16,GBPUSD,1.6846,1.6902,1.6735,1.6815
2014-05-23,GBPUSD,1.6822,1.6917,1.6802,1.683
2014-05-30,GBPUSD,1.6833,1.688,1.6695,1.6744
2014-06-06,GBPUSD,1.6758,1.6842,1.6699,1.6795
2014-06-13,GBPUSD,1.6808,1.6991,1.6739,1.6961
2014-06-20,GBPUSD,1.6974,1.7061,1.6923,1.701
2014-06-27,GBPUSD,1.702,1.7048,1.6952,1.7035
2014-07-04,GBPUSD,1.7033,1.7178,1.7009,1.7158
2014-07-11,GBPUSD,1.7162,1.7166,1.7087,1.7114
2014-07-18,GBPUSD,1.7121,1.7188,1.7037,1.7083
2014-07-25,GBPUSD,1.7081,1.7099,1.6963,1.6973
2014-08-01,GBPUSD,1.6976,1.7,1.6817,1.6818
2014-08-08,GBPUSD,1.6824,1.6886,1.6767,1.6771
2014-08-15,GBPUSD,1.6774,1.6827,1.6658,1.6688
2014-08-22,GBPUSD,1.6717,1.6737,1.6562,1.6565
2014-08-29,GBPUSD,1.654,1.6612,1.6537,1.6596
2014-09-05,GBPUSD,1.659,1.6643,1.6284,1.6323
2014-09-12,GBPUSD,1.6185,1.6276,1.6052,1.6264
2014-09-19,GBPUSD,1.6268,1.6522,1.6162,1.6285
2014-09-26,GBPUSD,1.6289,1.6412,1.6237,1.6243
2014-10-03,GBPUSD,1.6238,1.6283,1.5952,1.5963
2014-10-10,GBPUSD,1.5968,1.6222,1.5954,1.607
2014-10-17,GBPUSD,1.6068,1.6125,1.5877,1.6091
2014-10-24,GBPUSD,1.6093,1.6184,1.5995,1.6085
2014-10-31,GBPUSD,1.6083,1.618,1.5946,1.599
2014-11-07,GBPUSD,1.596,1.6021,1.5824,1.5868
2014-11-14,GBPUSD,1.58806,1.59446,1.55917,1.5665
2014-11-21,GBPUSD,1.56649,1.57374,1.5585,1.56558
2014-11-28,GBPUSD,1.56977,1.58256,1.5611,1.5647
2014-12-05,GBPUSD,1.56311,1.57638,1.55665,1.5582
2014-12-12,GBPUSD,1.55631,1.5757,1.5537,1.5715
2014-12-19,GBPUSD,1.57276,1.57855,1.55378,1.56279
2015-01-02,GBPUSD,1.56247,1.56652,1.53218,1.5326
2015-01-09,GBPUSD,1.5268,1.53193,1.503,1.51577
2015-01-16,GBPUSD,1.5189,1.5269,1.5074,1.51489
2015-01-23,GBPUSD,1.51322,1.52124,1.4947,1.49889
2015-01-30,GBPUSD,1.50029,1.52237,1.4984,1.50669
2015-02-06,GBPUSD,1.50905,1.53523,1.4985,1.52409
2015-02-13,GBPUSD,1.52339,1.54221,1.5194,1.54
2015-02-20,GBPUSD,1.54101,1.54799,1.5312,1.53994
2015-02-27,GBPUSD,1.53887,1.55522,1.5328,1.54329
2015-03-06,GBPUSD,1.54258,1.5429,1.50289,1.50339
2015-03-13,GBPUSD,1.50589,1.51373,1.4695,1.474
2015-03-20,GBPUSD,1.4752,1.51644,1.4631,1.49499
2015-03-27,GBPUSD,1.49582,1.49945,1.4792,1.48759
2015-04-03,GBPUSD,1.48961,1.4945,1.4736,1.49173
2015-04-10,GBPUSD,1.49189,1.49814,1.4584,1.463
2015-04-17,GBPUSD,1.46449,1.50534,1.4563,1.49594
2015-04-24,GBPUSD,1.49498,1.5188,1.4854,1.5188
2015-05-01,GBPUSD,1.5174,1.54987,1.5105,1.5138
2015-05-08,GBPUSD,1.51521,1.55225,1.5087,1.54579
2015-05-15,GBPUSD,1.54388,1.58148,1.5392,1.572
2015-05-22,GBPUSD,1.57342,1.5746,1.54458,1.54891
2015-05-29,GBPUSD,1.54836,1.5508,1.5235,1.52928
2015-06-05,GBPUSD,1.52871,1.54413,1.5169,1.52669
2015-06-12,GBPUSD,1.52674,1.5598,1.5218,1.55649
2015-06-19,GBPUSD,1.5563,1.59301,1.5484,1.588
2015-06-26,GBPUSD,1.58737,1.591,1.5664,1.57434
2015-07-03,GBPUSD,1.57079,1.57886,1.55552,1.55689
2015-07-10,GBPUSD,1.55617,1.56285,1.5327,1.55129
2015-07-17,GBPUSD,1.54997,1.56754,1.5448,1.56009
2015-07-24,GBPUSD,1.56051,1.56707,1.5464,1.55065
2015-07-31,GBPUSD,1.55152,1.56898,1.5488,1.56193
2015-08-07,GBPUSD,1.56269,1.56515,1.5422,1.54939
2015-08-14,GBPUSD,1.54944,1.56601,1.5454,1.56414
2015-08-21,GBPUSD,1.56479,1.57233,1.556,1.56889
2015-08-28,GBPUSD,1.56829,1.58185,1.5334,1.53932
2015-09-04,GBPUSD,1.54139,1.54368,1.51617,1.5165
2015-09-11,GBPUSD,1.51869,1.54761,1.5167,1.5426
2015-09-18,GBPUSD,1.54403,1.56587,1.5327,1.55294
2015-09-25,GBPUSD,1.55206,1.55678,1.51343,1.51773
2015-10-02,GBPUSD,1.5198,1.52415,1.5105,1.51854
2015-10-09,GBPUSD,1.51831,1.53834,1.5135,1.53122
2015-10-16,GBPUSD,1.5318,1.55089,1.5198,1.54354
2015-10-23,GBPUSD,1.54351,1.55082,1.53035,1.53099
2015-10-30,GBPUSD,1.53138,1.54677,1.524,1.5425
2015-11-06,GBPUSD,1.54503,1.54973,1.50244,1.5047
2015-11-13,GBPUSD,1.5048,1.52634,1.50393,1.5241
2015-11-20,GBPUSD,1.52206,1.53356,1.5152,1.51883
2015-11-27,GBPUSD,1.51839,1.51968,1.5026,1.50329
2015-12-04,GBPUSD,1.50352,1.5159,1.48938,1.51094
2015-12-11,GBPUSD,1.51067,1.52398,1.4954,1.52204
2015-12-18,GBPUSD,1.51905,1.52051,1.48629,1.48929
2015-12-25,GBPUSD,1.49042,1.49449,1.4803,1.49253
2016-01-01,GBPUSD,1.49187,1.4935,1.47229,1.4733
2016-01-08,GBPUSD,1.4734,1.48161,1.4504,1.45211
2016-01-15,GBPUSD,1.45046,1.46043,1.42478,1.4256
2016-01-22,GBPUSD,1.42561,1.43626,1.40798,1.42639
2016-01-29,GBPUSD,1.42661,1.44133,1.4148,1.4245
2016-02-05,GBPUSD,1.42346,1.4668,1.42258,1.45008
2016-02-12,GBPUSD,1.45005,1.45782,1.43503,1.45031
2016-02-19,GBPUSD,1.44992,1.45355,1.42333,1.4405
2016-02-26,GBPUSD,1.42943,1.43025,1.3851,1.38701
2016-03-04,GBPUSD,1.38613,1.42486,1.3834,1.42263
2016-03-11,GBPUSD,1.42203,1.44366,1.41157,1.43779
2016-03-18,GBPUSD,1.43772,1.45145,1.40518,1.44764
2016-03-25,GBPUSD,1.44638,1.44668,1.4053,1.4135
2016-04-01,GBPUSD,1.41332,1.44591,1.41176,1.42279
2016-04-08,GBPUSD,1.42175,1.43216,1.4004,1.41259
2016-04-15,GBPUSD,1.41255,1.43475,1.4089,1.42151
2016-04-22,GBPUSD,1.41674,1.44517,1.41292,1.44098
2016-04-29,GBPUSD,1.44523,1.46707,1.4401,1.46064
2016-05-06,GBPUSD,1.45906,1.47698,1.44122,1.44236
2016-05-13,GBPUSD,1.44289,1.45307,1.4337,1.4363
2016-05-20,GBPUSD,1.43514,1.46627,1.433,1.45025
2016-05-27,GBPUSD,1.44973,1.47395,1.444,1.46209
2016-06-03,GBPUSD,1.46152,1.47246,1.43841,1.45119
2016-06-10,GBPUSD,1.44633,1.466,1.4179,1.42509
2016-06-17,GBPUSD,1.42253,1.43876,1.401,1.43569
2016-06-24,GBPUSD,1.44842,1.50186,1.32264,1.36749
2016-07-01,GBPUSD,1.34636,1.35336,1.31194,1.32692
2016-07-08,GBPUSD,1.32817,1.33402,1.2792,1.2952
2016-07-15,GBPUSD,1.29385,1.34812,1.2849,1.31841
2016-07-22,GBPUSD,1.32345,1.33149,1.3061,1.31045
2016-07-29,GBPUSD,1.31427,1.33016,1.3056,1.32299
2016-08-05,GBPUSD,1.32191,1.33717,1.3019,1.3068
2016-08-12,GBPUSD,1.30738,1.30967,1.2901,1.2918
2016-08-19,GBPUSD,1.29075,1.31853,1.2864,1.307
2016-08-26,GBPUSD,1.307,1.32786,1.30318,1.31358
2016-09-02,GBPUSD,1.31299,1.33524,1.3056,1.3289
2016-09-09,GBPUSD,1.32922,1.34451,1.3238,1.327
2016-09-16,GBPUSD,1.32571,1.33469,1.29948,1.29965
2016-09-23,GBPUSD,1.30184,1.31208,1.2912,1.29635
2016-09-30,GBPUSD,1.29694,1.30581,1.2914,1.29763
2016-10-07,GBPUSD,1.29339,1.29466,1.19432,1.2433
2016-10-14,GBPUSD,1.24343,1.24442,1.20881,1.21864
2016-10-21,GBPUSD,1.21641,1.23325,1.2133,1.22289
2016-10-28,GBPUSD,1.22188,1.22719,1.2081,1.2186
2016-11-04,GBPUSD,1.21915,1.25572,1.2142,1.25139
2016-11-11,GBPUSD,1.24686,1.26737,1.2348,1.25958
2016-11-18,GBPUSD,1.25762,1.2593,1.2299,1.23453
2016-11-25,GBPUSD,1.23487,1.25137,1.231,1.2483
2016-12-02,GBPUSD,1.24648,1.27372,1.23848,1.27269
2016-12-09,GBPUSD,1.26313,1.27747,1.2547,1.25749
2016-12-16,GBPUSD,1.25905,1.27279,1.23744,1.24879
2016-12-23,GBPUSD,1.24826,1.25028,1.22276,1.22831
2016-12-30,GBPUSD,1.22701,1.2388,1.21977,1.2346
2017-01-06,GBPUSD,1.23414,1.24324,1.21988,1.22825
2017-01-13,GBPUSD,1.22536,1.2317,1.2037,1.21809
2017-01-20,GBPUSD,1.20467,1.24164,1.1986,1.2368
2017-01-27,GBPUSD,1.23791,1.26737,1.23732,1.2546
2017-02-03,GBPUSD,1.2564,1.2706,1.24109,1.24859
2017-02-10,GBPUSD,1.24775,1.25823,1.23447,1.24862
2017-02-17,GBPUSD,1.24869,1.25486,1.23822,1.24069
2017-02-24,GBPUSD,1.24163,1.25698,1.23993,1.24613
2017-03-03,GBPUSD,1.24534,1.24788,1.2213,1.22895
2017-03-10,GBPUSD,1.22882,1.23004,1.21327,1.21619
2017-03-17,GBPUSD,1.21628,1.24048,1.21073,1.2394
2017-03-24,GBPUSD,1.23865,1.25312,1.2333,1.2467
2017-03-31,GBPUSD,1.25145,1.26154,1.23745,1.25429
2017-04-07,GBPUSD,1.25496,1.25543,1.2363,1.23695
2017-04-14,GBPUSD,1.23714,1.25752,1.23633,1.25169
2017-04-21,GBPUSD,1.25299,1.29057,1.25126,1.28082
2017-04-28,GBPUSD,1.28116,1.29655,1.27705,1.29445
2017-05-05,GBPUSD,1.29276,1.2985,1.2829,1.2985
2017-05-12,GBPUSD,1.29659,1.29879,1.28426,1.28859
2017-05-19,GBPUSD,1.28862,1.30478,1.28647,1.30279
2017-05-26,GBPUSD,1.30177,1.30431,1.27737,1.27986
2017-06-02,GBPUSD,1.2817,1.2921,1.27683,1.2882
2017-06-09,GBPUSD,1.28702,1.29778,1.26343,1.27379
2017-06-16,GBPUSD,1.27393,1.28179,1.26359,1.2777
2017-06-23,GBPUSD,1.27743,1.28144,1.2587,1.2715
2017-06-30,GBPUSD,1.27402,1.30304,1.2703,1.30218
2017-07-07,GBPUSD,1.30182,1.30231,1.2863,1.2888
2017-07-14,GBPUSD,1.28871,1.31138,1.28092,1.30899
2017-07-21,GBPUSD,1.31084,1.31258,1.29306,1.29929
2017-07-28,GBPUSD,1.30001,1.31592,1.29881,1.3131
2017-08-04,GBPUSD,1.31473,1.32687,1.30215,1.30359
2017-08-11,GBPUSD,1.30445,1.30591,1.29385,1.30078
2017-08-18,GBPUSD,1.30082,1.3022,1.283,1.28729
2017-08-25,GBPUSD,1.28726,1.29165,1.27725,1.2877
2017-09-01,GBPUSD,1.29049,1.29955,1.28512,1.2948
2017-09-08,GBPUSD,1.29616,1.32242,1.2907,1.31933
2017-09-15,GBPUSD,1.3191,1.36166,1.315,1.35889
2017-09-22,GBPUSD,1.35818,1.36576,1.3448,1.3494
2017-09-29,GBPUSD,1.35036,1.35708,1.3342,1.33933
2017-10-06,GBPUSD,1.33968,1.33983,1.3026,1.30629
2017-10-13,GBPUSD,1.30815,1.3338,1.3073,1.32828
2017-10-20,GBPUSD,1.328,1.33118,1.3086,1.3185
2017-10-27,GBPUSD,1.31822,1.32792,1.30689,1.31247
2017-11-03,GBPUSD,1.31233,1.33211,1.3038,1.30749
2017-11-10,GBPUSD,1.30766,1.32296,1.3057,1.3187
2017-11-17,GBPUSD,1.31695,1.32604,1.306,1.32123
2017-11-24,GBPUSD,1.3212,1.336,1.3184,1.33349
2017-12-01,GBPUSD,1.33268,1.35498,1.322,1.34676
2017-12-08,GBPUSD,1.34742,1.35388,1.33189,1.33849
2017-12-15,GBPUSD,1.33862,1.34658,1.33,1.33173
2017-12-22,GBPUSD,1.33184,1.34204,1.3308,1.3361
2017-12-29,GBPUSD,1.33604,1.35443,1.3346,1.35009
2018-01-05,GBPUSD,1.3498,1.36128,1.3491,1.3564
2018-01-12,GBPUSD,1.35687,1.37442,1.3456,1.37249
2018-01-19,GBPUSD,1.37386,1.39453,1.3728,1.38539
2018-01-26,GBPUSD,1.38879,1.43455,1.3855,1.41539
2018-02-02,GBPUSD,1.4142,1.42782,1.39789,1.41199
2018-02-09,GBPUSD,1.40918,1.41507,1.3763,1.38284
2018-02-16,GBPUSD,1.38261,1.4145,1.3795,1.40249
2018-02-23,GBPUSD,1.40308,1.40496,1.3855,1.39649
2018-03-02,GBPUSD,1.39661,1.407,1.371,1.3799
2018-03-09,GBPUSD,1.38042,1.39295,1.37659,1.38467
2018-03-16,GBPUSD,1.38528,1.39958,1.384,1.3941
2018-03-23,GBPUSD,1.39435,1.42199,1.3911,1.4134
2018-03-30,GBPUSD,1.41522,1.42446,1.40077,1.401
2018-04-06,GBPUSD,1.40332,1.41055,1.3964,1.40891
2018-04-13,GBPUSD,1.40906,1.42965,1.4077,1.42362
2018-04-20,GBPUSD,1.42379,1.43767,1.3992,1.39968
2018-04-27,GBPUSD,1.40046,1.40311,1.3746,1.3774
2018-05-04,GBPUSD,1.37749,1.37924,1.3485,1.3526
2018-05-11,GBPUSD,1.35364,1.36178,1.3459,1.354
2018-05-18,GBPUSD,1.35467,1.36082,1.345,1.34662
2018-05-25,GBPUSD,1.34754,1.34917,1.32918,1.3307
2018-06-01,GBPUSD,1.33098,1.3362,1.3204,1.3346
2018-06-08,GBPUSD,1.33509,1.34726,1.3293,1.34015
2018-06-15,GBPUSD,1.34051,1.34467,1.3209,1.32748
2018-06-22,GBPUSD,1.32712,1.33151,1.3101,1.3263
2018-06-29,GBPUSD,1.32686,1.3292,1.30489,1.32071
2018-07-06,GBPUSD,1.32037,1.32902,1.3094,1.3285
2018-07-13,GBPUSD,1.32999,1.33628,1.3101,1.3232
2018-07-20,GBPUSD,1.32301,1.32929,1.2956,1.31319
2018-07-27,GBPUSD,1.31395,1.32132,1.307,1.30977
2018-08-03,GBPUSD,1.31099,1.31729,1.2974,1.29966
2018-08-10,GBPUSD,1.30003,1.3006,1.27219,1.27653
2018-08-17,GBPUSD,1.27665,1.28274,1.26606,1.2754
2018-08-24,GBPUSD,1.27462,1.29365,1.2727,1.28392
2018-08-31,GBPUSD,1.28506,1.30433,1.2827,1.2956
2018-09-07,GBPUSD,1.2925,1.30283,1.2784,1.29185
2018-09-14,GBPUSD,1.29252,1.31437,1.2895,1.30664
2018-09-21,GBPUSD,1.30762,1.32986,1.3054,1.3067
2018-09-28,GBPUSD,1.3077,1.32176,1.2999,1.3026
2018-10-05,GBPUSD,1.30313,1.31228,1.2921,1.31169
2018-10-12,GBPUSD,1.31264,1.32578,1.3027,1.31507
2018-10-19,GBPUSD,1.30981,1.32364,1.301,1.3066
2018-10-26,GBPUSD,1.30651,1.30901,1.2775,1.2829
2018-11-02,GBPUSD,1.28328,1.30408,1.26938,1.2971
2018-11-09,GBPUSD,1.30065,1.31746,1.2957,1.29687
2018-11-16,GBPUSD,1.29247,1.3072,1.2723,1.28282
2018-11-23,GBPUSD,1.28317,1.29281,1.2762,1.2819
2018-11-30,GBPUSD,1.28164,1.28641,1.2724,1.27512
2018-12-07,GBPUSD,1.27361,1.28396,1.26579,1.27286
2018-12-14,GBPUSD,1.27132,1.27599,1.2476,1.2585
2018-12-21,GBPUSD,1.258,1.27074,1.2573,1.263
2018-12-28,GBPUSD,1.26417,1.27385,1.2614,1.2698
2019-01-04,GBPUSD,1.26955,1.2815,1.2437,1.272
2019-01-11,GBPUSD,1.27205,1.28659,1.2705,1.28386
2019-01-18,GBPUSD,1.28613,1.3001,1.2668,1.2872
2019-01-25,GBPUSD,1.2865,1.32179,1.2829,1.3199
2019-02-01,GBPUSD,1.32087,1.32103,1.3042,1.3079
2019-02-08,GBPUSD,1.30732,1.31034,1.2853,1.29371
2019-02-15,GBPUSD,1.29314,1.2959,1.2771,1.28932
2019-02-22,GBPUSD,1.29009,1.31093,1.289,1.30492
2019-03-01,GBPUSD,1.30553,1.33503,1.3049,1.3203
2019-03-08,GBPUSD,1.32322,1.32544,1.2988,1.3015
2019-03-15,GBPUSD,1.29836,1.3381,1.2959,1.3296
2019-03-22,GBPUSD,1.32912,1.3311,1.30035,1.3214
2019-03-29,GBPUSD,1.32098,1.32694,1.2976,1.3043
2019-04-05,GBPUSD,1.30189,1.31962,1.2985,1.3036
2019-04-12,GBPUSD,1.30352,1.31328,1.3028,1.30709
2019-04-19,GBPUSD,1.3079,1.31193,1.2977,1.2994
2019-04-26,GBPUSD,1.2993,1.30194,1.2864,1.2917
2019-05-03,GBPUSD,1.29203,1.31766,1.2903,1.3173
2019-05-10,GBPUSD,1.31661,1.317,1.2966,1.2999
2019-05-17,GBPUSD,1.30063,1.30408,1.2711,1.2718
2019-05-24,GBPUSD,1.27268,1.2814,1.2603,1.2711
2019-05-31,GBPUSD,1.27269,1.27479,1.2558,1.26264
2019-06-07,GBPUSD,1.26344,1.2763,1.2608,1.2736
2019-06-14,GBPUSD,1.27212,1.27588,1.2578,1.259
2019-06-21,GBPUSD,1.25916,1.27467,1.2505,1.2738
2019-06-28,GBPUSD,1.27447,1.27838,1.2659,1.2696
2019-07-05,GBPUSD,1.26989,1.27057,1.248,1.25226
2019-07-12,GBPUSD,1.25269,1.2579,1.2438,1.2573
2019-07-19,GBPUSD,1.25735,1.25761,1.238,1.2499
2019-07-26,GBPUSD,1.25049,1.25223,1.2374,1.238
2019-08-02,GBPUSD,1.23801,1.23812,1.2078,1.21606
2019-08-09,GBPUSD,1.21478,1.22095,1.20206,1.2034
2019-08-16,GBPUSD,1.20298,1.21755,1.2013,1.21444
2019-08-23,GBPUSD,1.21551,1.22937,1.2063,1.22876
2019-08-30,GBPUSD,1.22693,1.23099,1.2137,1.2159
2019-09-06,GBPUSD,1.21594,1.23537,1.1957,1.2278
2019-09-13,GBPUSD,1.22848,1.25056,1.2231,1.2505
2019-09-20,GBPUSD,1.24949,1.25824,1.2391,1.2478
2019-09-27,GBPUSD,1.24725,1.25034,1.227,1.2288
2019-10-04,GBPUSD,1.22914,1.24131,1.22044,1.2332
2019-10-11,GBPUSD,1.23324,1.27071,1.2193,1.26421
2019-10-18,GBPUSD,1.26393,1.29898,1.2514,1.2972
2019-10-25,GBPUSD,1.29062,1.30125,1.2787,1.28233
2019-11-01,GBPUSD,1.28311,1.29758,1.2806,1.29353
2019-11-08,GBPUSD,1.29336,1.29426,1.2767,1.2773
2019-11-15,GBPUSD,1.27903,1.2919,1.2784,1.2902
2019-11-22,GBPUSD,1.29141,1.29854,1.2822,1.2829
2019-11-29,GBPUSD,1.28489,1.2951,1.2825,1.29284
2019-12-06,GBPUSD,1.29121,1.31662,1.2894,1.31319
2019-12-13,GBPUSD,1.31328,1.35149,1.3049,1.3324
2019-12-20,GBPUSD,1.3343,1.34222,1.29781,1.2998
2019-12-27,GBPUSD,1.29963,1.31174,1.2903,1.3078
2020-01-03,GBPUSD,1.30768,1.32842,1.3053,1.3085
2020-01-10,GBPUSD,1.30692,1.32124,1.3012,1.3059
2020-01-17,GBPUSD,1.30349,1.31187,1.2952,1.3008
2020-01-24,GBPUSD,1.30013,1.31748,1.296,1.3078
2020-01-31,GBPUSD,1.3074,1.32094,1.2973,1.3201
2020-02-07,GBPUSD,1.31774,1.31839,1.28765,1.289
2020-02-14,GBPUSD,1.28889,1.30693,1.287,1.30467
2020-02-21,GBPUSD,1.30437,1.30541,1.2848,1.2964
2020-02-28,GBPUSD,1.2947,1.30179,1.2724,1.28214
2020-03-06,GBPUSD,1.27982,1.30527,1.27381,1.3045
2020-03-13,GBPUSD,1.30883,1.32003,1.22558,1.22741
2020-03-20,GBPUSD,1.24025,1.24207,1.14078,1.165
2020-03-27,GBPUSD,1.1545,1.24854,1.14458,1.2452
2020-04-03,GBPUSD,1.23997,1.24753,1.2204,1.22678
2020-04-10,GBPUSD,1.22384,1.24865,1.21629,1.2452
2020-04-17,GBPUSD,1.24636,1.26476,1.2405,1.2506
2020-04-24,GBPUSD,1.24911,1.2494,1.2246,1.2367
2020-05-01,GBPUSD,1.23644,1.26432,1.2358,1.24919
2020-05-08,GBPUSD,1.24565,1.24836,1.2264,1.24082
2020-05-15,GBPUSD,1.24048,1.24376,1.2099,1.21012
2020-05-22,GBPUSD,1.20903,1.22964,1.2077,1.21663
2020-05-29,GBPUSD,1.21852,1.23941,1.2162,1.2348
2020-06-05,GBPUSD,1.23449,1.27317,1.234,1.2667
2020-06-12,GBPUSD,1.26963,1.2813,1.2472,1.2538
2020-06-19,GBPUSD,1.25115,1.26876,1.2342,1.2348
2020-06-26,GBPUSD,1.23457,1.25426,1.2313,1.23358
2020-07-03,GBPUSD,1.23405,1.253,1.2249,1.24805
2020-07-10,GBPUSD,1.24722,1.26694,1.2461,1.262
2020-07-17,GBPUSD,1.26365,1.26662,1.2478,1.25668
2020-07-24,GBPUSD,1.25665,1.28036,1.2516,1.2789
2020-07-31,GBPUSD,1.27928,1.31702,1.2784,1.30821
2020-08-07,GBPUSD,1.30996,1.31858,1.2979,1.3051
2020-08-14,GBPUSD,1.30434,1.3143,1.3004,1.3084
2020-08-21,GBPUSD,1.3096,1.32671,1.3057,1.30898
2020-08-28,GBPUSD,1.30979,1.33566,1.30497,1.3349
2020-09-04,GBPUSD,1.33451,1.34826,1.3174,1.32758
2020-09-11,GBPUSD,1.32517,1.32576,1.2761,1.27964
2020-09-18,GBPUSD,1.2796,1.30073,1.27875,1.2914
2020-09-25,GBPUSD,1.29288,1.29666,1.2674,1.2745
2020-10-02,GBPUSD,1.27584,1.29787,1.275,1.29369
2020-10-09,GBPUSD,1.29142,1.30491,1.2844,1.3046
2020-10-16,GBPUSD,1.30265,1.30827,1.2862,1.2913
2020-10-23,GBPUSD,1.29057,1.3177,1.2899,1.304
2020-10-30,GBPUSD,1.30458,1.30795,1.2879,1.29497
2020-11-06,GBPUSD,1.29196,1.31771,1.2853,1.31478
2020-11-13,GBPUSD,1.31599,1.32802,1.3104,1.31976
2020-11-20,GBPUSD,1.31837,1.33123,1.3164,1.32754
2020-11-27,GBPUSD,1.32921,1.33977,1.3262,1.33079
2020-12-04,GBPUSD,1.33286,1.35394,1.3286,1.3437
2020-12-11,GBPUSD,1.3409,1.34379,1.3132,1.32296
2020-12-18,GBPUSD,1.3363,1.36245,1.3278,1.35152
2020-12-25,GBPUSD,1.34005,1.36194,1.3187,1.3548
2021-01-01,GBPUSD,1.35446,1.36863,1.3426,1.3671
2021-01-08,GBPUSD,1.36555,1.37039,1.3531,1.3547
2021-01-15,GBPUSD,1.35655,1.3711,1.345,1.35796
2021-01-22,GBPUSD,1.35948,1.37459,1.3518,1.3682
2021-01-29,GBPUSD,1.36815,1.37589,1.3608,1.36992
2021-02-05,GBPUSD,1.37045,1.37578,1.3562,1.3732
2021-02-12,GBPUSD,1.37146,1.38663,1.36798,1.38474
2021-02-19,GBPUSD,1.3851,1.40361,1.3828,1.4008
2021-02-26,GBPUSD,1.40143,1.4242,1.3886,1.39306
2021-03-05,GBPUSD,1.39335,1.40174,1.3776,1.38358
2021-03-12,GBPUSD,1.38116,1.40049,1.3798,1.39172
2021-03-19,GBPUSD,1.3918,1.40014,1.3807,1.38677
2021-03-26,GBPUSD,1.38361,1.38768,1.3668,1.3786
2021-04-02,GBPUSD,1.37876,1.38523,1.3705,1.3829
2021-04-09,GBPUSD,1.38214,1.39187,1.3669,1.3706
2021-04-16,GBPUSD,1.37015,1.38437,1.3667,1.3831
2021-04-23,GBPUSD,1.38294,1.4009,1.3808,1.3876
2021-04-30,GBPUSD,1.38712,1.39765,1.3801,1.38134
2021-05-07,GBPUSD,1.38111,1.40057,1.38,1.39885
2021-05-14,GBPUSD,1.39998,1.41669,1.39952,1.40928
2021-05-21,GBPUSD,1.40942,1.4234,1.4076,1.4147
2021-05-28,GBPUSD,1.41513,1.42191,1.4089,1.4187
2021-06-04,GBPUSD,1.41917,1.42493,1.4081,1.4155
2021-06-11,GBPUSD,1.4156,1.41908,1.4072,1.41056
2021-06-18,GBPUSD,1.41105,1.41328,1.379,1.38032
2021-06-25,GBPUSD,1.3797,1.40013,1.3784,1.3877
2021-07-02,GBPUSD,1.38803,1.39395,1.3729,1.38264
2021-07-09,GBPUSD,1.38299,1.39088,1.374,1.39
2021-07-16,GBPUSD,1.38848,1.39101,1.37577,1.3763
2021-07-23,GBPUSD,1.3765,1.37872,1.357,1.3746
2021-07-30,GBPUSD,1.37504,1.39833,1.3735,1.38978
2021-08-06,GBPUSD,1.3894,1.39578,1.3859,1.3871
2021-08-13,GBPUSD,1.38765,1.38945,1.3789,1.3863
2021-08-20,GBPUSD,1.38646,1.38783,1.36,1.362
2021-08-27,GBPUSD,1.36123,1.37807,1.36098,1.37597
2021-09-03,GBPUSD,1.37518,1.38916,1.3729,1.3865
2021-09-10,GBPUSD,1.3857,1.38884,1.3725,1.38313
2021-09-17,GBPUSD,1.38335,1.39131,1.37233,1.3738
2021-09-24,GBPUSD,1.37354,1.37507,1.3608,1.36698
2021-10-01,GBPUSD,1.36631,1.37292,1.341,1.3545
2021-10-08,GBPUSD,1.35411,1.3658,1.3531,1.3611
2021-10-15,GBPUSD,1.36113,1.37732,1.3567,1.3749
2021-10-22,GBPUSD,1.37506,1.38344,1.3707,1.3751
2021-10-29,GBPUSD,1.37494,1.38296,1.3666,1.36806
2021-11-05,GBPUSD,1.36815,1.36983,1.3423,1.3495
2021-11-12,GBPUSD,1.34784,1.36073,1.3351,1.34151
2021-11-19,GBPUSD,1.3421,1.35135,1.3395,1.3452
2021-11-26,GBPUSD,1.34517,1.3455,1.3277,1.33307
2021-12-03,GBPUSD,1.33392,1.33705,1.3193,1.32331
2021-12-10,GBPUSD,1.3218,1.32894,1.31601,1.32684
2021-12-17,GBPUSD,1.3248,1.33745,1.3169,1.3238
2021-12-24,GBPUSD,1.3239,1.34378,1.3171,1.33849
2021-12-31,GBPUSD,1.339,1.35505,1.33871,1.35177
2022-01-07,GBPUSD,1.3529,1.35985,1.3429,1.3586
2022-01-14,GBPUSD,1.35819,1.37488,1.353,1.36762
2022-01-21,GBPUSD,1.36687,1.36898,1.3544,1.35504
2022-01-28,GBPUSD,1.35512,1.35653,1.3356,1.3398
2022-02-04,GBPUSD,1.33937,1.36279,1.3385,1.35269
2022-02-11,GBPUSD,1.35321,1.36435,1.3489,1.35584
2022-02-18,GBPUSD,1.35506,1.36427,1.3485,1.35856
2022-02-25,GBPUSD,1.35926,1.36385,1.3271,1.34053
2022-03-04,GBPUSD,1.33118,1.34371,1.3199,1.32287
2022-03-11,GBPUSD,1.32258,1.32406,1.3025,1.30343
2022-03-18,GBPUSD,1.30346,1.3211,1.2997,1.318
2022-03-25,GBPUSD,1.31708,1.32985,1.3117,1.3188
2022-04-01,GBPUSD,1.31796,1.31849,1.3049,1.3112
2022-04-08,GBPUSD,1.31064,1.31667,1.298,1.3031
2022-04-15,GBPUSD,1.30314,1.31472,1.2971,1.3058
2022-04-22,GBPUSD,1.30551,1.30902,1.282,1.2837
2022-04-29,GBPUSD,1.28356,1.28392,1.2409,1.2571
2022-05-06,GBPUSD,1.2578,1.26382,1.2274,1.2337
2022-05-13,GBPUSD,1.23427,1.24058,1.2153,1.2261
2022-05-20,GBPUSD,1.22474,1.25246,1.2215,1.24866
2022-05-27,GBPUSD,1.24874,1.26669,1.2469,1.26275
2022-06-03,GBPUSD,1.26243,1.26596,1.2456,1.2485
2022-06-10,GBPUSD,1.24896,1.25995,1.2299,1.2314
2022-06-17,GBPUSD,1.23139,1.24064,1.1932,1.2222
2022-06-24,GBPUSD,1.22227,1.23242,1.2159,1.22668
2022-07-01,GBPUSD,1.22688,1.23325,1.1975,1.2094
2022-07-08,GBPUSD,1.20983,1.21653,1.1874,1.2027
2022-07-15,GBPUSD,1.20331,1.20369,1.1758,1.18618
2022-07-22,GBPUSD,1.18644,1.20641,1.1861,1.2002
2022-07-29,GBPUSD,1.20041,1.22457,1.1958,1.21745
2022-08-05,GBPUSD,1.21752,1.22934,1.2002,1.207
2022-08-12,GBPUSD,1.20653,1.22767,1.2045,1.213
2022-08-19,GBPUSD,1.2131,1.21482,1.179,1.1827
2022-08-26,GBPUSD,1.18241,1.19008,1.1716,1.174
2022-09-02,GBPUSD,1.17298,1.17605,1.1494,1.15158
2022-09-09,GBPUSD,1.14858,1.16482,1.1404,1.15876
2022-09-16,GBPUSD,1.16308,1.17381,1.1349,1.14187
2022-09-23,GBPUSD,1.14165,1.14607,1.0838,1.08474
2022-09-30,GBPUSD,1.08182,1.12345,1.03488,1.116
2022-10-07,GBPUSD,1.11867,1.14957,1.1053,1.10913
2022-10-14,GBPUSD,1.10902,1.13807,1.0922,1.1178
2022-10-21,GBPUSD,1.12163,1.14398,1.10583,1.12956
2022-10-28,GBPUSD,1.13911,1.16456,1.12552,1.161
2022-11-04,GBPUSD,1.15929,1.16133,1.11422,1.13724
2022-11-11,GBPUSD,1.1305,1.18548,1.1288,1.18366
2022-11-18,GBPUSD,1.18085,1.20289,1.1709,1.18883
2022-11-25,GBPUSD,1.18973,1.21534,1.17757,1.2093
2022-12-02,GBPUSD,1.20653,1.2311,1.18979,1.22858
2022-12-09,GBPUSD,1.22787,1.23442,1.2105,1.22594
2022-12-16,GBPUSD,1.2255,1.24469,1.2119,1.21345
2022-12-23,GBPUSD,1.2151,1.22419,1.1991,1.20505
2022-12-30,GBPUSD,1.2055,1.21258,1.2001,1.20934
2023-01-06,GBPUSD,1.2084,1.2101,1.184,1.20904
2023-01-13,GBPUSD,1.2085,1.22484,1.20836,1.2223
2023-01-20,GBPUSD,1.22182,1.24355,1.21688,1.23942
2023-01-27,GBPUSD,1.23988,1.24478,1.2262,1.2396
2023-02-03,GBPUSD,1.23914,1.24174,1.20466,1.20531
2023-02-10,GBPUSD,1.20314,1.21938,1.1959,1.20575
2023-02-17,GBPUSD,1.20691,1.22697,1.1913,1.20395
2023-02-24,GBPUSD,1.20242,1.21476,1.1927,1.1941
2023-03-03,GBPUSD,1.1954,1.21432,1.1921,1.20437
2023-03-10,GBPUSD,1.20314,1.21137,1.18024,1.20265
2023-03-17,GBPUSD,1.20864,1.22038,1.2009,1.2175
2023-03-24,GBPUSD,1.2204,1.23435,1.2165,1.223
2023-03-31,GBPUSD,1.2233,1.24229,1.2217,1.2333
2023-04-07,GBPUSD,1.23256,1.25253,1.2273,1.24157
2023-04-14,GBPUSD,1.24176,1.25463,1.23439,1.2413
2023-04-21,GBPUSD,1.24153,1.24741,1.2352,1.24373
2023-04-28,GBPUSD,1.24363,1.25839,1.2386,1.25612
2023-05-05,GBPUSD,1.25661,1.26524,1.24352,1.26299
2023-05-12,GBPUSD,1.26291,1.26798,1.24433,1.2447
2023-05-19,GBPUSD,1.24485,1.25462,1.239,1.2444
2023-05-26,GBPUSD,1.24452,1.24722,1.23076,1.23436
2023-06-02,GBPUSD,1.23467,1.25444,1.2326,1.2447
2023-06-09,GBPUSD,1.24446,1.25901,1.2367,1.25754
2023-06-16,GBPUSD,1.25797,1.28482,1.24865,1.28186
2023-06-23,GBPUSD,1.28255,1.28394,1.2685,1.27125
2023-06-30,GBPUSD,1.27135,1.27592,1.25906,1.26928
2023-07-07,GBPUSD,1.26921,1.28492,1.2658,1.2836
2023-07-14,GBPUSD,1.28308,1.31421,1.27502,1.3089
2023-07-21,GBPUSD,1.30914,1.31258,1.28156,1.28527
2023-07-28,GBPUSD,1.28511,1.29958,1.27626,1.28442
2023-08-04,GBPUSD,1.28517,1.2873,1.262,1.27448
2023-08-11,GBPUSD,1.27435,1.28187,1.26655,1.2694
2023-08-18,GBPUSD,1.26957,1.27873,1.26162,1.273
2023-08-25,GBPUSD,1.27313,1.28004,1.25474,1.25746
2023-09-01,GBPUSD,1.25798,1.27461,1.25624,1.25856
2023-09-08,GBPUSD,1.25881,1.26423,1.24455,1.2465
2023-09-15,GBPUSD,1.24746,1.25479,1.23784,1.23813
2023-09-22,GBPUSD,1.23832,1.24248,1.22303,1.2239
2023-09-29,GBPUSD,1.22369,1.22719,1.21101,1.2197
2023-10-06,GBPUSD,1.21954,1.22611,1.20369,1.2238
2023-10-13,GBPUSD,1.22008,1.23375,1.2122,1.21378
2023-10-20,GBPUSD,1.21435,1.22194,1.20897,1.216
2023-10-27,GBPUSD,1.216,1.22887,1.2069,1.2122
2023-11-03,GBPUSD,1.21208,1.23894,1.20897,1.2376
2023-11-10,GBPUSD,1.23662,1.24284,1.21867,1.22237
2023-11-17,GBPUSD,1.22182,1.2506,1.22103,1.24564
2023-11-24,GBPUSD,1.24528,1.26153,1.24455,1.26014
2023-12-01,GBPUSD,1.2599,1.27334,1.25905,1.27081
2023-12-08,GBPUSD,1.2696,1.27245,1.25018,1.25445
2023-12-15,GBPUSD,1.25358,1.27939,1.24998,1.26725
2023-12-22,GBPUSD,1.26851,1.27617,1.26118,1.2693
2023-12-29,GBPUSD,1.2697,1.28275,1.26791,1.273
2024-01-05,GBPUSD,1.2729,1.27709,1.26103,1.27173
2024-01-12,GBPUSD,1.27202,1.27856,1.26729,1.27473
2024-01-19,GBPUSD,1.27479,1.27652,1.25961,1.27008
2024-01-26,GBPUSD,1.26889,1.27748,1.26487,1.27025
2024-02-02,GBPUSD,1.26952,1.27721,1.26136,1.26284
2024-02-09,GBPUSD,1.26332,1.26429,1.25177,1.26247
2024-02-16,GBPUSD,1.2621,1.26875,1.2535,1.25978
2024-02-23,GBPUSD,1.2599,1.27097,1.25789,1.26683
2024-03-01,GBPUSD,1.26754,1.26995,1.25994,1.2653
2024-03-08,GBPUSD,1.26508,1.28937,1.26468,1.28548
2024-03-15,GBPUSD,1.28538,1.2862,1.27247,1.2739
2024-03-22,GBPUSD,1.27335,1.28033,1.25748,1.2601
2024-03-29,GBPUSD,1.25986,1.2668,1.25855,1.2623
2024-04-05,GBPUSD,1.26258,1.26836,1.2539,1.2636
2024-04-12,GBPUSD,1.26293,1.27093,1.24263,1.245
2024-04-19,GBPUSD,1.24486,1.24984,1.23663,1.23695
2024-04-26,GBPUSD,1.23678,1.2541,1.2299,1.24918
2024-05-03,GBPUSD,1.24917,1.26344,1.24659,1.25444
2024-05-10,GBPUSD,1.25448,1.25943,1.24452,1.2521
2024-05-17,GBPUSD,1.25211,1.27118,1.25089,1.27
2024-05-24,GBPUSD,1.26948,1.27614,1.26753,1.2736
2024-05-31,GBPUSD,1.27367,1.28007,1.26805,1.2741
2024-06-07,GBPUSD,1.27388,1.28177,1.2694,1.27198
2024-06-14,GBPUSD,1.27173,1.28604,1.26566,1.2682
2024-06-21,GBPUSD,1.26816,1.274,1.26218,1.2645
2024-06-28,GBPUSD,1.264,1.27025,1.26124,1.2643
2024-07-05,GBPUSD,1.2646,1.2817,1.2615,1.28122
2024-07-12,GBPUSD,1.28066,1.29907,1.27773,1.29849
2024-07-19,GBPUSD,1.29761,1.30443,1.29006,1.291
2024-07-26,GBPUSD,1.29151,1.29421,1.28463,1.28632
2024-08-02,GBPUSD,1.28632,1.2888,1.27068,1.28001
2024-08-09,GBPUSD,1.28055,1.28167,1.26645,1.27568
2024-08-16,GBPUSD,1.27563,1.2946,1.27466,1.2944
2024-08-23,GBPUSD,1.29393,1.32299,1.29368,1.3214
2024-08-30,GBPUSD,1.32087,1.32666,1.31091,1.3126
2024-09-06,GBPUSD,1.3128,1.32383,1.30873,1.3127
2024-09-13,GBPUSD,1.31272,1.31577,1.30016,1.3122
2024-09-20,GBPUSD,1.31204,1.33402,1.31188,1.3321
2024-09-27,GBPUSD,1.33178,1.34341,1.32479,1.3373
2024-10-04,GBPUSD,1.33715,1.3423,1.30694,1.3116
2024-10-11,GBPUSD,1.31125,1.31343,1.302,1.3066
2024-10-18,GBPUSD,1.30653,1.31028,1.29734,1.3048
2024-10-25,GBPUSD,1.30432,1.30579,1.2907,1.2959
2024-11-01,GBPUSD,1.29601,1.30432,1.28434,1.2926
2024-11-08,GBPUSD,1.29677,1.30475,1.28337,1.2915
2024-11-15,GBPUSD,1.2911,1.29256,1.25967,1.26184
2024-11-22,GBPUSD,1.26222,1.27145,1.24868,1.25314
2024-11-29,GBPUSD,1.25912,1.27499,1.25065,1.27334
2024-12-06,GBPUSD,1.27267,1.2811,1.26167,1.27365
2024-12-13,GBPUSD,1.27354,1.27989,1.26078,1.26154
2024-12-20,GBPUSD,1.26112,1.27286,1.24745,1.25645
2024-12-27,GBPUSD,1.25667,1.25925,1.25005,1.25714
2025-01-03,GBPUSD,1.25729,1.26071,1.23521,1.24214
2025-01-10,GBPUSD,1.24239,1.25757,1.21912,1.22044
2025-01-17,GBPUSD,1.22008,1.23059,1.20992,1.21633
2025-01-24,GBPUSD,1.21717,1.25018,1.216,1.24768
2025-01-31,GBPUSD,1.24663,1.25231,1.23856,1.23919
2025-02-07,GBPUSD,1.229,1.25497,1.22488,1.23965
2025-02-14,GBPUSD,1.23708,1.263,1.23321,1.25832
2025-02-21,GBPUSD,1.25901,1.26785,1.25629,1.26317
2025-02-28,GBPUSD,1.26365,1.27157,1.25589,1.25744
2025-03-07,GBPUSD,1.258,1.29444,1.25768,1.29194
2025-03-14,GBPUSD,1.29139,1.29892,1.28612,1.2932
2025-03-21,GBPUSD,1.29294,1.30145,1.28873,1.2911
2025-03-28,GBPUSD,1.29025,1.2992,1.28704,1.2938
2025-04-04,GBPUSD,1.29285,1.32074,1.28527,1.28915
2025-04-11,GBPUSD,1.2839,1.31449,1.27079,1.3085
2025-04-18,GBPUSD,1.30913,1.32985,1.30615,1.3294
2025-04-25,GBPUSD,1.32841,1.34236,1.32324,1.3314
2025-05-02,GBPUSD,1.33045,1.34442,1.32601,1.32641
2025-05-09,GBPUSD,1.32648,1.34025,1.32117,1.32976
2025-05-16,GBPUSD,1.32695,1.33602,1.31394,1.32773
2025-05-23,GBPUSD,1.32752,1.35422,1.3273,1.35344
2025-05-30,GBPUSD,1.3526,1.35932,1.34148,1.34513
2025-06-06,GBPUSD,1.34537,1.36162,1.345,1.3521
2025-06-13,GBPUSD,1.3522,1.3632,1.3453,1.3564
2025-06-20,GBPUSD,1.3554,1.3622,1.338,1.3449
2025-06-27,GBPUSD,1.3414,1.377,1.3367,1.3714
2025-07-04,GBPUSD,1.3686,1.3788,1.356,1.3652
2025-07-11,GBPUSD,1.3625,1.3657,1.3479,1.3499
2025-07-18,GBPUSD,1.3485,1.3504,1.3361,1.3404
2025-07-25,GBPUSD,1.3393,1.3588,1.3391,1.3434
2025-08-01,GBPUSD,1.343,1.3452,1.3138,1.3278
2025-08-08,GBPUSD,1.3271,1.3458,1.325,1.3449
2025-08-15,GBPUSD,1.3422,1.3594,1.3396,1.3551
2025-08-22,GBPUSD,1.3543,1.3565,1.3387,1.3522
2025-08-29,GBPUSD,1.3517,1.353,1.3414,1.3503
2025-09-05,GBPUSD,1.3503,1.3554,1.333,1.3506
2025-09-12,GBPUSD,1.3499,1.359,1.3478,1.3556
2025-09-19,GBPUSD,1.3555,1.3726,1.346,1.3466
2025-09-26,GBPUSD,1.3467,1.3536,1.3321,1.34
2025-10-03,GBPUSD,1.3389,1.3527,1.3387,1.3478
2025-10-10,GBPUSD,1.3427,1.349,1.3258,1.3358
2025-10-17,GBPUSD,1.3358,1.3471,1.3245,1.3424
2025-10-24,GBPUSD,1.3422,1.3443,1.3284,1.3309
2025-10-31,GBPUSD,1.3296,1.3369,1.3094,1.3151
2025-11-07,GBPUSD,1.3138,1.3174,1.3007,1.3157
2025-11-14,GBPUSD,1.3148,1.3215,1.3081,1.3168
2025-11-21,GBPUSD,1.3135,1.3193,1.3034,1.3094
2025-11-28,GBPUSD,1.3096,1.3268,1.3077,1.3236
2025-12-05,GBPUSD,1.3225,1.3385,1.3176,1.3329
2025-12-12,GBPUSD,1.332,1.3438,1.3284,1.3368
2025-12-19,GBPUSD,1.337,1.3455,1.3308,1.3375
2025-12-26,GBPUSD,1.3367,1.3534,1.3365,1.3495
