time,open,high,low,close,Volume,BUY,SELL,MFI Threshold,RSI Threshold,Adaptive Coeff,ParabolicSAR,Basis,Upper,Lower,candle_position,MA,EMA,CMF,Plot,ATR,RSI,RSI-based MA,Regular Bullish,Regular Bullish Label,Regular Bearish,Regular Bearish Label
2024-09-26,14.46,16.55,14.16,16,2846676,,,,,,,,,,-1,,,,,,,,,,,
2024-09-27,16.5,20.1,16.2301,17.75,616068,,,,,,14.16,,,,-1,,,,,,,,,,,
2024-09-30,17.7,18.23,15.52,16.8,306855,,,,,,14.16,,,,-1,,,,,,,,,,,
2024-10-01,16.5,18.1,16.1,17.28,367915,,,,,,14.2788,,,,-1,,,,,,,,,,,
2024-10-02,17.9,17.98,16.755,17.37,235559,,,,,,14.395224,,,,-1,,,,,,,,,,,
2024-10-03,16.83,17.72,16.75,16.96,141673,,,,,,14.50931952,,,,-1,,,,,,,,,,,
2024-10-04,17.21,17.67,16.93,17.36,174533,,,,,,14.6211331296,,,,-1,,,,,,,,,,,
2024-10-07,17.66,18.5,16.82,17.3,182370,,,,,,14.730710467008,,,,-1,,,,,,,,,,,
2024-10-08,17.1,18.93,17.05,18.6,177539,,,,,,14.838096257667841,,,,-1,,,,,,,,,,,
2024-10-09,18.5,18.7,17.95,18.33,75527,,,,,,14.943334332514484,,,,-1,,,,,,,,,,,
2024-10-10,18.2,18.33,16.9001,16.95,198588,,,,,,15.046467645864194,,,,-1,,,,,,,,,,,
2024-10-11,16.54,17.5199,16.5032,17,82143,,,,,,15.14753829294691,,,,-1,,,,,,,,,,,
2024-10-14,17.07,17.398,17,17.15,31284,,,,,,15.246587527087971,,,,-1,,,,,,,,,,,
2024-10-15,17.53,17.53,16.92,17.1,61582,,,,,,15.343655776546212,,,,-1,,,,,1.564257142857143,,,,,,
2024-10-16,17.125,17.94,17.08,17.94,58468,,,,,,15.438782661015289,,,,-1,,,,,1.51395306122449,61.85819070904647,,,,,
2024-10-17,17.77,17.99,17.14,17.38,32645,,,,,,15.532007007794983,,,,-1,,,,,1.4665278425655977,57.61078998073217,,,,,
2024-10-18,17.18,17.81,17.01,17.68,84709,,,,,,15.623366867639083,,,,-1,,,,,1.4189187109537689,59.22599375299713,,,,,
2024-10-21,17.92,18.03,17.37,18,119436,,,,,,15.712899530286302,,,,-1,,,,,1.3647102315999284,60.93586578091495,,,,,
2024-10-22,18.11,18.3,17.65,18.01,116285,,,,,,15.800641539680576,,,,-1,,,,,1.3136595007713623,60.99091873776963,,,,,
2024-10-23,17.99,18.1825,17.64,17.77,77569,,,,,,15.886628708886965,17.436500000000002,18.593708278573796,16.27929172142621,-1,,,0.2343555260606642,,1.2585766792876936,58.84740777904174,,,,,
2024-10-24,17.67,18.05,17.01,17.08,54823,,,,,,15.970896134709227,17.4905,18.460128279290547,16.520871720709454,-1,,,-0.05656187041577941,,1.2429640593385725,53.072409365900405,,,,,
2024-10-25,17,18,16.91,17.18,73105,,,,,,16.053478212015044,17.462,18.43295005020853,16.49104994979147,-1,,,-0.03222779394338977,,1.2320380551001031,53.7803338437151,,,,,
2024-10-28,17.41,17.99,17.13,17.64,59369,,,,,,16.134408647774745,17.503999999999998,18.42832461830259,16.579675381697406,-1,,,-0.023889729748349176,,1.2054639083072387,56.994202971958046,,,,,
2024-10-29,17.39,18,17.39,17.99,52661,,,,,,16.21372047481925,17.5395,18.481062000082886,16.597937999917114,-1,,,-0.03480985629510747,,1.1629307719995787,59.31244044302366,,,,,
2024-10-30,17.9,17.995,17.45,17.55,71200,,,,,,16.291446065322866,17.548499999999997,18.486844819349656,16.610155180650338,-1,,,-0.06168811971010981,,1.1187928597138945,55.27826622869809,,,,,
2024-10-31,17.71,17.9699,17.29,17.91,94329,,,,,,16.367617144016407,17.596,18.506129661092327,16.685870338907673,-1,,,0.02090179898649731,,1.0874433697343306,57.80689376046825,,,,,
2024-11-01,17.94,18.52,17.7,18.27,197668,,,,,,16.44226480113608,17.6415,18.590062596774775,16.692937403225226,-1,,,0.04633309333200643,,1.068340271896164,60.22860174440888,,,,,
2024-11-04,18.49,19.3599,18.455,18.64,56785,,,,,,16.515419505113357,17.7085,18.737038283196075,16.679961716803927,-1,,,0.07472213402220432,,1.0698802524750095,62.604272067803926,58.46761336903417,,,,
2024-11-05,18.83,19.42,18.61,19.22,208304,,,,,,16.58711111501109,17.7395,18.902263518519533,16.576736481480467,-1,,,0.0680392601370216,,1.0513173772982234,66.02977747440201,58.76558385227385,,,,
2024-11-06,19.59,20.73,19.145,20.12,196057,,,,,,16.65736889271087,17.829,19.372889892446963,16.285110107553038,30,,,0.0866904213555316,-37.30010423400759,1.0894375646340646,70.53942937089076,59.68905809442804,,,,
2024-11-07,19.92,21.18,19.92,21,233977,,,,,,16.820274137002436,18.0315,20.050433134108133,16.01256686589187,-1,,,0.26442495638373,-32.36798972691581,1.1016205957316312,74.15258442678885,60.75524314255602,,,,
2024-11-08,21.24,21.6036,20.89,21.41,129826,,,,,,17.08185768878229,18.252,20.691603246431715,15.812396753568283,-1,,,0.2886230021679701,-32.05754095747406,1.0739048388936576,75.6509355313853,61.80631955330391,,,,
2024-11-11,21.73,23.05,21.39,22.25,273355,,,,,,17.443597073679705,18.506999999999998,21.447320390705766,15.56667960929423,-1,,,0.26540794436523796,-26.088576424280713,1.1157687789726822,78.41207013125009,63.050687509981074,,,,
2024-11-12,22.41,22.82,21.68,22.18,342710,,,,,,18.004237366311735,18.761,22.030506996475186,15.491493003524813,-1,,,0.22930366972069485,-18.704604264598217,1.1174995804746335,77.62212979474168,64.39173908253107,,,,
2024-11-13,19.33,21.05,19.05,19.8,303160,,,,,,18.50881362968056,18.853999999999996,22.13061044373611,15.577389556263881,-1,,,0.16077644733541743,-14.090827928806025,1.261249610440731,56.70520284335683,64.65122433092081,,,,
2024-11-14,19.57,21.19,19.57,21,97575,,,,,,18.962932266712503,19.034999999999997,22.365414388631045,15.704585611368946,-1,,,0.1883742931930273,-16.97942679951801,1.2868746382663931,62.23146448291122,65.25487651943483,,,,
2024-11-15,21.17,21.99,20.71,20.93,68722,,,,,,19.05,19.197499999999994,22.564551380659477,15.830448619340512,-1,,,0.15325975576965734,-20.501616619516582,1.2863835926759362,61.73642630117655,65.59360675723615,,,,
2024-11-18,21.25,21.405,20.93,21.39,61570,,,,,,19.45,19.366999999999994,22.81616279696984,15.917837203030146,-1,,,0.13808188452509262,-23.859266905126553,1.2284276217705123,63.77568948448261,65.9124102601975,,,,
2024-11-19,21.2,21.695,20.745,21.56,166585,,,,,,19.81,19.544499999999992,23.06078482919132,16.028215170808664,-1,,,0.17346992456342447,-22.46757394364018,1.2085399345011898,64.5280883234498,66.57311183839404,,,,
2024-11-20,21.26,21.61,21.12,21.27,121940,,,,,,20.134,19.719499999999993,23.213417428904243,16.225582571095742,-1,,,0.1683762658470404,-22.960601169048154,1.1572156534653903,62.156347469646214,66.88378710333534,,,,
2024-11-21,21.8,23,21.685,22.07,229157,,,,,,20.4256,19.968999999999994,23.38514343961149,16.5528565603885,-1,,,0.14306910687554075,-18.88177724371578,1.1981288210750054,65.88181689454314,67.28758818548779,,,,
2024-11-22,22.07,23.35,21.9,23.08,162806,,,,,,20.68804,20.263999999999992,23.684803414404445,16.84319658559554,-1,,,0.18342685923245533,-18.02733078531673,1.2161196195696482,69.90932119092221,67.80937740856766,,,,
2024-11-25,23.33,24.63,23.19,24.5,232444,,,,,,21.007475200000002,20.606999999999992,24.273464782321163,16.94053521767882,-1,,,0.22816800030691511,-14.467942426289275,1.2399682181718161,74.47198809516166,68.41239245290764,,,,
2024-11-26,24.17,25.195,24.15,24.55,120188,,,,,,21.514628672,20.934999999999995,24.77587750390466,17.09412249609533,-1,,,0.20010686243508558,-15.794625322754126,1.2260419168738292,74.61793005007233,68.70371392999203,,,,
2024-11-27,24.705,25.32,24.66,24.96,125667,,,,,,22.103488084480002,21.305499999999995,25.198023474560017,17.412976525439973,-1,,,0.20675285410264174,-16.619632742786795,1.1934674942399843,75.83775893859857,68.82408353797844,,,,
2024-11-29,25.22,25.57,24.74,24.94,64485,,,,,,22.6824602292736,21.656999999999993,25.52915237303505,17.784847626964936,-1,,,0.1758226588464931,-19.856883803997864,1.1675055303656998,75.64677663513558,68.8237864739606,,,,
2024-12-02,24.84,24.94,23.79,24.28,145295,,,,,,23.25996818341888,21.957499999999996,25.660746548638183,18.25425345136181,-1,,,0.14905844020728212,-18.979582790478364,1.1662551353395787,69.43278262628552,68.18240879503456,,,,
2024-12-03,23.97,25.22,23.605,24.97,128406,,,,,,25.57,22.273999999999994,25.869443783457214,18.678556216542773,-1,,,0.18174750458509123,-18.873673431310962,1.19830833995818,72.02046372694899,67.78228979019222,,,,
2024-12-04,24.92,25.54,23.98,24.77,254963,,,,,,23.605,22.551499999999997,26.015574335230234,19.08742566476976,-1,,,0.14975767792210817,-13.122325968921084,1.2241434585325959,70.16629612293616,68.74379645301931,,,,
2024-12-05,24.63,25.5522,24.18,24.65,96457,,,,,,23.605,22.777999999999995,26.168118581996957,19.387881418003033,-1,,19.7178,0.1317140208968709,-15.124160467582708,1.2347189257802675,69.01816258710528,69.22856060331888,,,,
2024-12-06,24.68,25.28,24.0525,25,228703,,,,,,23.682888000000002,22.977999999999994,26.396786919362,19.55921308063799,-1,,19.924945098039217,0.11917209978130072,-10.994381453073686,1.2342032882245344,70.5326856404577,69.85686484183897,,,,
2024-12-09,25.49,25.63,23.28,24.15,173570,,,,,,25.63,23.115,26.49079916464237,19.739200835357625,-1,,20.09063352556709,0.08690090780044427,-9.881199413077898,1.3139030533513532,62.53723481023356,69.76840379367833,,,,
2024-12-10,23.96,25.42,23.9,24.31,259436,,,,,,25.63,23.217999999999996,26.607622987885296,19.828377012114696,-1,,20.256098877505636,0.049030361142549814,-5.460943262344427,1.3286242638262566,63.378767958514345,69.68630948189723,,,,
2024-12-11,24.28,24.395,23.31,23.88,123286,,,,,,25.63,23.302999999999997,26.669423027487795,19.9365769725122,-1,,20.398212647015217,0.0677052668306869,-7.2256192786370015,1.3112225306958099,59.50981747099779,69.49727162485091,,,,
2024-12-12,24.26,25.735,24,25.17,188954,,,,,,23.28,23.571499999999997,26.619018826849274,20.52398117315072,-1,,20.58534156281854,0.11668919104482804,-6.005226093116795,1.3500637785032519,66.1798871381073,69.51856235653408,,,,
2024-12-13,24.8,25.67,23.15,23.25,130698,,,,,1.3410436036587818,25.735,23.683999999999997,26.500894744217504,20.86710525578249,-1,,20.689837972119776,0.05218842500044571,-7.303678883991904,1.4336306514673056,52.35566969223315,68.26473010662771,,,,
2024-12-16,23.01,23.47,22.05,22.3,219816,,,,,1.303014562146888,25.735,23.752499999999998,26.356787810515556,21.14821218948444,-1,,20.752981581056254,0.019662547027965514,-4.718261125516521,1.4326570335053552,47.11180651218271,66.31043142212921,,,,
2024-12-17,22.53,22.9,21.77,22.54,265724,,,,,1.2402678889559617,25.67,23.81,26.24861436065649,21.371385639343508,-1,,20.823060734740324,0.0297590335707719,-0.9047564463070962,1.4110386739692584,48.5147581790624,64.4459191456285,,,,
2024-12-18,22.45,22.75,21.52,22.13,237227,,,,,1.1984044881071723,25.436,23.8385,26.182763423764474,21.494236576235526,-1,,20.874313254946586,-0.0053686106534858915,1.0216946801259394,1.3981073401143114,46.25729087531693,62.33302856967981,,,,
2024-12-19,22.08,22.31,21.16,21.84,223300,,,,,1.1550160189508691,25.12272,23.866999999999997,26.096727337590874,21.63727266240912,-1,,20.912183323380052,0.01917135028849678,2.0375576410624987,1.3803853872490033,44.67385721008846,60.12067718217644,,,,
2024-12-20,21.5,22.14,21.2,21.41,1864109,,,,,1.0973414170920286,24.726448,23.833999999999996,26.18535195153774,21.482648048462252,-1,,20.9317055459926,-0.16528644902253936,39.384578255971455,1.348929288159789,42.35851318976719,58.186800793853706,,,,
2024-12-23,21.51,23.81,20.94,23.65,142550,,,,,1.24461718483902,24.3698032,23.862499999999997,26.1903047598543,21.534695240145695,-1,,21.038305328502695,-0.16124205539725325,31.585931938902256,1.4575771961483752,55.342793341668504,56.99553862347653,,,,
2024-12-24,23.46,23.58,21.275,22.14,168761,,,,,1.3108295247139812,23.958226816,23.7445,26.16836035076278,21.32063964923722,-1,,21.081509041110433,-0.20828992592522577,25.17146337778066,1.5231073964234911,47.564577990399705,55.38113018543821,,,,
2024-12-26,21.82,22.9,21.43,22.59,101796,,,,,1.2727117301164088,23.81,23.646499999999996,26.090572625762302,21.20242737423769,30,,21.14066554930218,-0.19211152266516893,18.16198069096869,1.5193140109646703,49.82767596368768,54.01038114090837,,,,
2024-12-27,22.53,23.1402,20.9,21.21,216240,,,,,1.3138798015707291,23.58,23.458999999999996,26.042624585732284,20.875375414267708,-1,,21.14338454736876,-0.21648566686573537,14.540253183960253,1.5708058673243368,43.611405181850294,52.08743253672213,,,,
2024-12-30,20.94,20.94,20.215,20.28,178152,,,,,1.2261740432971282,23.2048,23.226,26.061576837258976,20.390423162741023,-1,,21.109526329824888,-0.23297809803075817,10.531152538252583,1.5296768768011701,39.9905954118292,50.47695829397896,,,,
2024-12-31,20.29,20.34,19.55,20.26,196383,,,,,1.134614209823596,23.1402,23.025,26.093572958233086,19.95642704176691,-1,,21.07621157179254,-0.19778519014069604,7.531400713136998,1.4768428141725152,39.91384849043829,48.800892617687815,,,,
2025-01-02,20.55,20.79,19.23,19.89,201190,,,,,1.1318257113324368,22.493964000000002,22.770999999999994,25.990800614945016,19.55119938505497,-1,,21.029693470937932,-0.21701430249239642,5.095214082191935,1.4827826131601927,38.44394946333005,47.29618775999727,,,,
2025-01-03,20.1,20.17,19.445,19.79,94377,,,,,1.050283192759519,21.8411712,22.522,25.853243611626105,19.19075638837389,-1,,20.98107804070507,-0.2250497993563455,0.09686617757739868,1.4286552836487503,38.036245903245025,45.28592767179282,,,,
2025-01-06,19.76,20.49,19.3,19.43,100858,,,,,1.0267134893958834,21.318936960000002,22.260999999999996,25.7006389345395,18.82136106546049,-1,,20.9202514508735,-0.23397722385602587,-4.102814609119631,1.4116084776738393,36.53413326936505,44.15581792730224,,,,
2025-01-07,19.6,19.66,18.65,19.65,114872,,,,,0.9901515701105145,20.901149568,21.993499999999997,25.371062878763283,18.615937121236712,-1,,20.870437668486304,-0.2413604841251938,-7.304175876444891,1.3829221578399937,38.141839579637185,43.51510600354898,,,,
2025-01-08,19.79,20.165,19.48,20.12,93630,,,,,0.9290918019761466,20.49,21.791999999999994,25.11125051781273,18.472749482187258,-1,,20.84100874031037,-0.22045036407702942,-10.776801264927357,1.333070575137137,41.54844942953988,43.01751252144023,,,,
2025-01-10,19.88,20.18,19.33,20,119297,,,,,0.8941750021618264,18.65,21.576499999999996,24.7711597627916,18.38184023720839,-1,,20.80802800539624,-0.1888607889415258,-12.831315050746282,1.298565534055913,40.92869257251814,42.6368983569546,,,,
2025-01-13,19.7,21.2,19.7,21.03,127248,,,,,0.9278619601954303,18.6806,21.433999999999994,24.454452946165546,18.413547053834442,-1,,20.816732789498346,-0.17022478614193703,-14.231373301489988,1.3129537101947764,48.08660836873486,42.88066629685793,,,,
2025-01-14,21.29,21.36,19.98,20.47,167423,,,,,0.9448506880792388,18.781375999999998,21.198999999999995,23.70829392459313,18.68970607540686,-1,,20.803135425204292,-0.19401420535314864,-13.796120522875908,1.3177427308951495,44.90093755254837,43.062268037056576,,,,
2025-01-15,20.82,21.43,20.65,21.27,115791,,,,,0.918868681556311,18.936093439999997,21.099999999999994,23.427453544112108,18.77254645588788,-1,,20.821443839902162,-0.1564854964326744,-15.354487052920938,1.2921896786883533,49.99726317850468,42.68044445397345,,,,
2025-01-16,21.09,21.165,20.35,20.39,59601,,,,,0.89368926858783,19.135605964799996,21.004499999999997,23.28339863750005,18.725601362499944,-1,,20.80452447363149,-0.14320499189839792,-18.973662995027894,1.2656047016391851,45.06004878740917,42.50154951090269,,,,
2025-01-17,20.7,20.87,20.44,20.69,70652,,,,,0.8299869670627914,19.319157487615996,20.912,23.08165066312509,18.74234933687491,-1,,20.800033317802804,-0.1677718766109084,-21.62870307388097,1.209490080093529,46.98217084062585,42.298299144969704,,,,
2025-01-21,20.71,21.655,20.5,21.57,56182,,,,,0.8436916043928868,19.488024888606716,20.883999999999997,23.003937734934635,18.76406226506536,-1,,20.830228089653673,-0.16335995785207208,-24.591462532712633,1.20559793151542,52.25853251621294,42.91595109742418,,,,
2025-01-22,21.63,21.63,21.01,21.06,66686,,,,,0.8026691273929633,19.704722399746046,20.845,22.92140554805641,18.76859445194359,-1,,20.83923875280451,-0.1920951496366828,-26.603854945784263,1.1637695078357468,49.20240722923683,43.57393765581043,,,,
2025-01-23,20.88,21.11,20.58,21.09,45983,,,,,0.7595310826664534,19.899750159771443,20.828999999999997,22.892636595914947,18.765363404085047,-1,,20.84907252720433,0.10510177961379377,-29.411388948598596,1.1185002572760507,49.38990102137563,44.250798550877384,,,,
2025-01-24,21.03,21.63,20.95,21.58,35316,,,,,0.7390452051683989,20.0752751437943,20.7255,22.379869668483668,19.071130331516333,-1,,20.877736349666908,0.06851510855813521,-32.46918429533228,1.0871788103277613,52.47537553392343,45.25304327020549,,,,
2025-01-27,21.71,22.15,21.17,21.58,50376,,,,,0.7538006089928249,20.23324762941487,20.697499999999998,22.272198383818033,19.122801616181963,-1,,20.905276100660362,0.08749532245217506,-34.19112147813053,1.0795231810186352,52.47537553392343,46.2844096723968,,,,
2025-01-28,21.54,22.05,21.24,21.82,53099,,,,,0.7496225980475033,20.463257913885084,20.659,22.07654576645664,19.241454233543358,-1,,20.94114762612466,0.07286210416081258,-35.42602286786586,1.06027152523159,54.066127135230104,47.53669494853002,,,,
2025-01-29,21.82,22.41,21.38,22.33,62673,,,,,0.7705479590500917,20.66566696421887,20.714999999999996,22.29443660841451,19.13556339158548,-1,,20.995612425100163,0.18258496745953007,-35.72945834187958,1.0581092734293336,57.33430802844184,48.90758555201607,,,,
2025-01-30,22.54,22.86,21.6701,22.69,68959,,,,,0.8065865800661248,20.90987358922823,20.8355,22.618424283305117,19.052575716694882,-1,,21.062058996664863,0.295917457138608,-35.39734196812183,1.0675228967558097,59.523543689787296,50.19152085631946,,,,
2025-01-31,23.01,23.36,22.31,22.81,63049,,,,,0.8229890374721146,21.221893814951713,20.963,22.919344550430427,19.006655449569575,-1,,21.130605702678004,0.22792770635388204,-35.375096156231464,1.066271261273252,60.25561424338761,51.572015261381566,,,,
2025-02-03,22.37,22.72,21.56,22.24,44331,,,,,0.8594791418212072,23.36,21.0805,23.04720765493981,19.11379234506019,-1,,21.174111361396513,0.27409509156450323,-36.62656914682302,1.0793947426108768,55.1529445980842,52.07675356347794,,,,
2025-02-04,22.18,22.885,22.0546,22.82,58994,,,,,0.8451095994394532,23.36,21.232,23.244019880617174,19.219980119382825,-1,,21.23865601389077,0.3147376640026841,-36.43152326468366,1.061609403852957,58.96125089047329,53.08106165904401,,,,
2025-02-05,22.62,23.2599,22.62,23.11,45584,,,,,0.8126846144413368,23.323999999999998,21.416,23.408168667557714,19.423831332442287,-1,,21.31204205256172,0.39399170776520587,-37.20672909585951,1.0314873035777457,60.75569235686612,53.84952088606983,,,,
2025-02-06,23.01,23.01,21.96,22.24,63485,,,,,0.8429413744571574,23.288719999999998,21.5455,23.393119820200734,19.697880179799267,-1,,21.348432560304396,0.3109210224783682,-36.21070385404163,1.0399524961793352,53.235295048823794,54.43346704759944,,,,
2025-02-07,22.54,22.54,20.93,21.31,52489,,,,,0.9206068137622431,23.2599,21.605,23.338268588534007,19.871731411465994,-1,,21.34692540107677,0.2434833708790104,-36.13071516253818,1.0806701750236682,46.59561384560072,54.40585583366909,,,,
2025-02-10,21.34,21.34,20.63,21.21,40958,,,,,0.8853497205634276,23.166704,21.6655,23.248402081620508,20.082597918379495,-1,,21.341555777505132,0.2258852970719697,-36.954744178698434,1.0541937339505492,45.93222708432735,53.95397687424868,,,,
2025-02-11,21.06,21.2174,19.61,19.85,61512,,,,,0.9572658374814793,23.014501759999998,21.6065,23.358667514822336,19.854332485177665,-1,,21.283063394073558,0.12714362985726343,-35.59336631519424,1.0937084672397959,38.00704181963456,53.154307916419945,,,,
2025-02-12,19.67,20.21,18.7821,19.5,100540,,,,,0.9970999453291386,22.742141619199998,21.558,23.478891459713147,19.637108540286853,-1,,21.213139339404005,0.17449238820599985,-30.62493876179855,1.117579291008382,36.27250589380183,52.21735112159325,,,,
2025-02-13,19.83,20.55,19.63,20.24,33409,,,,,0.9878023819392914,22.346137457279998,21.5065,23.509011173501733,19.503988826498265,-1,,21.174977012368554,0.13655380138768372,-32.465063970322134,1.1127521987934976,42.2712425803954,51.48848448205553,,,,
2025-02-14,20.29,20.495,19.45,19.75,58309,,,,,0.9796170183772919,21.989733711552,21.4745,23.565839044726864,19.383160955273134,-1,,21.11909556090312,0.1622444547050112,-31.52458488228485,1.1079127560225337,39.61228220353137,50.569692101313244,,,,
2025-02-18,19.48,20.09,19.2701,20.04,40350,,,,,0.9476611265938515,21.6689703403968,21.442,23.600227050149993,19.283772949850007,-1,,21.076778087926527,0.1884114962520516,-32.345445508233574,1.0873404163066385,41.94000080963183,49.70354022091336,,,,
2025-02-19,20.17,21.08,19.97,20.91,45733,,,,,0.9540723130795868,21.38028330635712,21.409,23.578542808980593,19.239457191019405,-1,,21.07023777075294,0.17538811592374537,-32.363577999979796,1.0889589579990215,48.36972360083687,49.06321276179873,,,,
2025-02-20,20.74,20.74,19.75,20.11,47908,,,45.53381978326944,52.32414224804812,0.9653166397527573,21.120464975721408,21.361500000000003,23.600028757911975,19.12297124208803,-1,,21.03258138758616,0.21840336432842994,-31.991863352768213,1.0940333181419486,43.589457176366444,47.92506372512581,,,,
2025-02-21,20.26,20.44,19.31,19.58,43787,,,46.29945370621563,52.32414224804812,0.9714684454733192,21.08,21.286000000000005,23.65416722382485,18.91783277617516,-1,,20.97561741160239,0.1578023992585951,-31.965358754843397,1.0966023668460954,40.71841281051326,46.52954933706336,,,,
2025-02-24,19.87,20.47,19.265,19.97,62314,,,47.542030430909485,52.33607691561222,0.9852191319165,20.850209999999997,21.2055,23.636832762087288,18.774167237912714,-1,,20.936181434676804,0.1361405257083867,-29.707278373917934,1.104345054928517,43.65914385210669,45.708563569493535,,,,
2025-02-25,19.98,20.08,19.51,19.8,37686,,,47.542030430909485,52.33607691561222,0.9247279415612767,20.643399,21.116500000000002,23.615846114486512,18.617153885513492,-1,,20.891625299983595,0.1459209693325605,-30.397716415154882,1.0661775510050513,42.665610512308554,44.54458925676748,,,,
2025-02-26,19.92,19.995,18.7,18.83,46134,,,47.542030430909485,52.33607691561222,0.9573120004871742,20.47,20.967,23.632326246446993,18.301673753553004,-1,,20.810777249003845,0.09138653235787564,-29.86247083776935,1.0825220116475478,37.43140410353142,42.87856866724356,,,,
2025-02-27,18.62,19.05,18.46,18.47,24412,,,47.542030430909485,52.33607691561222,0.9041375354748097,20.2576,20.774,23.57228804807495,17.975711951925053,-1,,20.7189820627684,0.02116602718476423,-31.904342215098936,1.0473418679584372,35.68181806356408,41.62474888258215,,,,
2025-02-28,18.47,20.19,18.27,20,55407,,,48.14001859207105,52.64652534072264,1.0126679024297922,18.27,20.6395,23.312262428649234,17.96673757135077,-1,,20.690786687757875,0.016755525238035092,-29.637087745697198,1.1096745916756918,47.01658826961348,41.65481848429736,,,,
2025-03-03,19.87,20.03,18.86,18.91,45419,,,48.23708934105348,52.64652534072264,1.0167081264183755,18.27,20.444499999999998,23.022789937148207,17.86621006285179,-1,,20.620951915688938,-0.021151670762557917,-28.797405961593668,1.1139835494131425,41.4167585994193,41.33228502108964,,,,
2025-03-04,18.71,19.62,18.71,19.59,48695,,,48.62606751691965,52.74307323505282,0.990330121865452,18.27,20.312,22.777486564554614,17.846513435445388,-1,,20.580522428799174,0.016290274395719097,-27.497291112742857,1.0994132958836322,45.75719080313541,41.885867091339705,,,,
2025-03-05,19.69,19.755,19.25,19.53,43398,,,49.77235825333539,52.87716432911594,0.9221353307544927,18.3084,20.1475,22.34628943966888,17.948710560331122,-1,,20.53932547080705,-0.028598494563691963,-26.91727077334673,1.0569552033205156,45.43730192880088,42.54049537955392,,,,
2025-03-06,19.34,19.47,18.11,18.32,56973,,,50.665696918993234,52.87716432911594,0.9709285749741197,20.19,19.908,21.78360763487446,18.032392365125542,-1,,20.45229309940285,-0.09131924772375336,-24.490887193580722,1.0828869745119074,39.4479117847405,42.33882889414999,,,,
2025-03-07,18,19.39,17.78,18.47,75815,,,50.94137896992898,52.87716432911594,1.0332332564783075,20.148400000000002,19.719500000000004,21.36318458044688,18.075815419553127,-1,,20.374556115112544,-0.07181214918152554,-19.933678125805635,1.120537904903914,40.495073044976785,42.401885382824666,,,,
2025-03-10,18.2,18.82,18.005,18.37,54018,,,51.54672648969547,52.87716432911594,0.993544132775503,20.053664,19.5725,21.145253954056184,17.99974604594382,-1,,20.29594607138264,-0.05011865638111433,-18.757914901156852,1.0987137688393487,39.99845659600503,42.263203653279895,,,,
2025-03-11,18.4,19.12,18.37,18.9,92981,,,52.07071153703775,52.87716432911594,0.9532350129079817,19.962717440000002,19.457,20.86212063539016,18.051879364609842,-1,,20.241203088191163,-0.03608797741485758,-12.992494709380665,1.073805642493681,43.923634321326375,41.945625847600574,,,,
2025-03-12,19.02,19.57,18.505,19.36,69508,,,52.07071153703775,53.051449833047506,0.956255955210067,19.8754087424,19.432499999999997,20.82639920725989,18.038600792740105,-1,,20.20664610434053,0.04290040896337882,-10.99141149173965,1.073176668029847,47.154869189090796,42.200298134223736,,,,
2025-03-13,19.22,19.49,18.52,19.33,65498,,,52.0573114645317,52.919677179933196,0.9480577322435402,19.791592392704,19.424,20.818222363900183,18.029777636099816,-1,,20.17226782573894,0.08569430988443436,-9.72527818211986,1.0658069060277149,46.96480107697208,42.64646872468508,,,,
2025-03-14,19.48,20.32,19.31,20.09,46270,,,52.0573114645317,52.919677179933196,0.9461640854653529,17.78,19.416500000000003,20.794604132494673,18.038395867505333,-1,,20.169041636494274,0.09814008993054624,-10.786301509921419,1.0618206984543068,52.219092225550725,43.25789360850252,,,,
2025-03-17,19.84,20.62,19.84,20.55,46749,,,51.98437530538867,52.919677179933196,0.9181530245638769,17.8308,19.4565,20.915092129417783,17.997907870582214,-1,,20.183981180161165,0.159455084483844,-11.558211024397588,1.0416906485647135,55.117477483835714,44.14731267789732,,,,
2025-03-18,20.3,21.615,20.3,21.2,62049,,,51.580448020409875,52.736659541533115,0.9576484634672164,17.942368,19.514499999999998,21.143579187762047,17.88542081223795,-1,,20.223825055448962,0.14450889552444027,-10.31408367364152,1.0612127450958053,58.910398933840874,45.681526594347986,,,,
2025-03-19,21.14,21.96,20.99,21.9,56372,,,51.580448020409875,52.736659541533115,0.9504760216249708,18.16272592,19.564,21.405938109709325,17.722061890290675,-1,,20.28955740621567,0.15943040925415583,-9.878900733967399,1.0546975490175337,62.57808354366906,47.60268841435549,,,,
2025-03-20,21.5,22.295,21.25,21.63,55803,,,51.11040048197056,52.919677179933196,0.9535726683581717,18.4665078464,19.64,21.680509740236353,17.59949025976365,-1,,20.342123782442506,0.15629819362408964,-9.512192249777938,1.0540048669448527,60.34079751021077,48.554417645826724,,,,
2025-03-21,21.23,21.88,19.5001,21.35,171743,,,51.11040048197056,52.919677179933196,1.1117565713546291,18.84935706176,19.7285,21.90023916481678,17.55676083518322,-1,,20.38164833999378,0.2369000724731986,3.171067881678816,1.1487116621630773,58.02401133687998,49.740649984216766,,,,
2025-03-24,21.6,21.97,20.96,21.4,68243,,,51.11040048197056,52.919677179933196,1.0821685375416044,19.193921355584,19.8,22.089786016203032,17.51021398379697,-1,,20.421583699209712,0.219903727774287,2.5447541716580515,1.1388036862942859,58.33167598414853,50.63882749714628,,,,
2025-03-25,21.3,21.405,20.05,20.33,159833,,,51.11040048197056,52.919677179933196,1.0970180218537977,19.5001,19.8265,22.12791065435949,17.52508934564051,-1,,20.417992181593647,0.1297405727429522,10.148638704684798,1.1542462801304083,49.9022957528814,50.95775562743774,,,,
2025-03-26,20.44,20.7,19.31,20.23,198004,,,51.11040048197056,52.919677179933196,1.1124175205093843,22.295,19.896499999999996,22.15721913337325,17.635780866626742,-1,,20.41061993917821,0.18402218622927846,17.97743264740845,1.1710858315496648,49.186907809957276,51.65339820066752,,,,
2025-03-27,19.51,22.05,19.462,21.11,327839,,,51.11040048197056,52.919677179933196,1.2587196733212662,22.235300000000002,20.0285,22.248565539572912,17.80843446042709,-1,,20.438046608230046,0.21591913950341207,29.970028438465288,1.2722939864389744,55.26461318180111,52.70836535329783,,,,
2025-03-28,20.83,21.26,19.57,20.15,131079,,,51.11040048197056,52.919677179933196,1.2739730245892662,22.176794,20.035999999999998,22.25664315008054,17.815356849919457,-1,,20.42675066280926,0.16161637497240547,27.58475575930659,1.302130130264762,48.45564036620488,53.312449908312104,,,,
2025-03-31,20,21.7,19.8,21.26,142038,,,50.86251216951412,52.7434126662778,1.3065028892585349,22.11945812,20.1535,22.37207859901312,17.934921400986884,-1,,20.459427107404974,0.21340480129636177,25.9748111228887,1.3448351209601361,55.31156508011711,54.12587353394002,,,,
2025-04-01,21.04,21.52,19.825,21.01,232925,,,50.56407915011871,52.556963473180346,1.3076609326373505,22.063268957600002,20.2245,22.45724248403156,17.991757515968438,-1,,20.481018201232228,0.21709387272371747,28.717531334807806,1.369846898034412,53.58289244145641,54.58501805196614,,,,
2025-04-02,20.84,21.67,20.67,21.53,56224,,,50.49165963088859,52.416390273351844,1.2326391951797218,22.008203578448,20.3245,22.602555969461527,18.046444030538474,-1,,20.522154742360375,0.23228782024402658,22.15973557369683,1.3434292624605253,56.61983141205437,55.27466307590059,,,,
2025-04-03,20.61,21.64,20.61,21.54,78453,,,50.459683512131356,52.26653563906261,1.1738099360095358,21.95423950687904,20.485500000000002,22.6250651427332,18.345934857266805,-1,,20.562070242659967,0.2768284347643939,17.597448189773907,1.3210414579990595,56.67853200589005,55.593194488781975,,,,
2025-04-04,21.02,21.32,20.15,21.25,132347,,,50.44480188297244,52.10914191248143,1.162632269692602,21.90135471674146,20.624500000000005,22.575115031214104,18.673884968785906,-1,,20.589047880202713,0.3265138655916005,16.629767679320505,1.3259670681419837,54.3803930589724,55.54054560129173,,,,
2025-04-07,21,21.605,19.6,21.06,105451,,,50.1962083232829,51.8875450132412,1.2159422938172568,21.84952762240663,20.759,22.418492693566012,19.09950730643399,-1,,20.607516590783,0.34258917676195083,14.23961130491567,1.3744694204175563,52.86791135753046,55.108939345840994,,,,
2025-04-08,21.68,21.68,20.205,20.5,80241,,,49.17745896939316,51.63820302431453,1.2028613553085623,21.7987370699585,20.839000000000002,22.27097625678598,19.407023743214026,-1,,20.60330025388955,0.30663637355575063,10.73339279063035,1.3816501761020166,48.579286775867686,54.109025290998034,,,,
2025-04-09,20.25,21.69,19.64,21.49,129633,,,48.23969508791391,51.30850090093374,1.2487793535012295,21.74896232855933,20.945500000000003,22.2309800659671,19.660019934032906,30,,20.638072792952705,0.3253026262269796,10.642300400615015,1.4293894492375867,55.458277670459,53.76027387387291,,,,
2025-04-10,21.11,22.165,20.78,21.76,79437,,,47.97293909564857,51.41775738057676,1.2171683786359333,19.31,21.067,22.16432584039537,19.96967415960463,-1,,20.68206993832711,0.3187599355667847,7.528857858905851,1.4262187742920447,57.142228761928905,53.69728940423354,,,,
2025-04-11,22.07,23.06,21.45,22.87,108834,,,47.833421776978156,51.41775738057676,1.212326039395912,19.367099999999997,21.206,22.465403033186483,19.946596966813516,-1,,20.767871117216245,0.3344439564636967,6.683770195183171,1.4393460046997557,63.287248717900404,54.051258885215816,,,,
2025-04-14,23.16,23.5,21,22.89,114158,,,47.69369432402601,51.41775738057676,1.2933540956833158,19.514815999999996,21.323,22.741606358366997,19.904393641633003,-1,,20.85109185771757,0.3334587777603832,6.265656081614652,1.515107004364059,63.38910685741497,55.014602535539645,,,,
2025-04-15,23.01,23.74,22.865,23.32,88138,,,47.69369432402601,51.41775738057676,1.1993282781949175,19.753927039999997,21.429,23.09094945771517,19.767050542284828,-1,,20.9479117848659,0.32231004357725446,4.271318321742746,1.469385075480912,65.59900833615288,56.1868954302679,,,,
2025-04-16,23.31,23.68,22.71,23.52,67048,,,47.538765745868744,51.41775738057676,1.131152472042212,20.072812876799997,21.509999999999998,23.398364371618875,19.62163562838112,-1,,21.048777989380966,0.3191804115497538,1.2148082356736365,1.4337147129465608,66.60859477459425,56.99717982975312,,,,
2025-04-17,23.5,24.27,22.71,24.11,154142,,,47.538765745868744,51.41775738057676,1.1312681901653843,20.366187846655997,21.634,23.837074215726552,19.430925784273448,-1,,21.168825911366024,0.35968381648527353,4.313637402324704,1.442735090593235,69.45633514053878,58.49722945649126,,,,
2025-04-21,23.84,24.07,22.33,23.24,94730,,,46.993124446946325,51.41775738057676,1.1512592798458103,20.756569061990398,21.728500000000004,24.034477233191776,19.422522766808232,-1,,21.250048424645787,0.3348903652668027,3.000742000643481,1.466825441265147,61.171787649861024,58.91581678290155,,,,
2025-04-22,23.48,25,23.225,23.95,102130,,,46.993124446946325,51.41775738057676,1.1658123823835875,21.107912155791357,21.856,24.349578954033515,19.36242104596649,-1,,21.355928878581246,0.32665686225695784,2.3723293957744693,1.4888379097462077,64.85590205293715,59.72103175515017,,,,
2025-04-23,24.43,24.93,23.15,23.52,106002,,,46.993124446946325,51.41775738057676,1.176756890415271,21.574962697096396,22.0155,24.50632697110809,19.524673028891907,-1,,21.44079441275453,0.34620211456649824,2.089041011583391,1.5096352019071928,61.07624143757045,60.03934675697274,,,,
2025-04-24,23.37,24.7,22.41,24.09,69107,,,46.993124446946325,51.41775738057676,1.2310866607272797,21.985967173444827,22.2085,24.71415979334767,19.702840206652333,-1,,21.54468482794063,0.35154078322478416,-0.5770573480750012,1.5653755446281075,64.06577013167721,60.5670066231004,,,,
2025-04-25,24,24.6425,23.7255,24.2,45382,,,46.993124446946325,51.41775738057676,1.147794730661554,22.347651112631446,22.363000000000003,24.958134678585832,19.767865321414174,-1,,21.648814834688054,0.3568261703032101,-4.517996247346055,1.5190630057260996,64.63034468114384,61.29914602468408,,,,
2025-04-28,24.38,24.86,23.76,24.13,53659,,,46.993124446946325,51.41775738057676,1.0958245542324272,22.41,22.562,25.05625419714977,20.067745802850233,-1,,21.746116213719894,0.3819094980649109,-7.300774625589753,1.4891299338885209,63.94186944658797,62.09014303104532,,,,
2025-04-29,24,24.3,23.79,24.1,58039,,,46.993124446946325,51.41775738057676,0.9987887832457129,22.7208,22.704,25.20893433047636,20.19906566952364,-1,,21.83842538180931,0.3657272625054555,-9.308913903033128,1.4191920814679124,63.62903462889588,63.165125020547336,,,,
2025-04-30,23.88,25.87,23.824,25.04,157282,,,46.993124446946325,51.41775738057676,1.059198326241098,22.994304,22.9055,25.48032795541751,20.33067204458249,-1,,21.963977327620707,0.34689116863284014,-3.292772170999348,1.4639640756487757,68.7827016036975,64.11686958720723,,,,
2025-05-01,24.84,25.89,24.51,24.78,79739,,,46.993124446946325,51.41775738057676,1.0477782531647113,23.39690144,23.068,25.684957011492315,20.451042988507687,-1,,22.07440958928264,0.2958524825529931,-4.191758528848254,1.457966641673863,65.99711508153027,64.74936146717877,,,,
2025-05-02,25.04,25.98,24.89,25.79,82347,,,46.993124446946325,51.41775738057676,1.0217260177931942,23.7957972096,23.280500000000004,26.052275423802957,20.50872457619705,-1,,22.22011901715391,0.29022698354813714,-4.712410220701508,1.4395404529828728,70.92334400965711,65.29479684516139,,,,
2025-05-05,25.73,25.95,25.2,25.43,55998,,,46.993124446946325,51.41775738057676,0.9590418822172729,24.188953711872,23.489500000000003,26.247669501680125,20.73133049831988,-1,,22.345996702755716,0.22688829018926732,-7.1421173462481065,1.390287563484096,67.186975312233,65.56607316336267,,,,
2025-05-06,25.08,25.72,24.5,25.7,71807,,,46.44896937294473,51.41775738057676,0.950228058245198,25.98,23.721500000000002,26.402725652569863,21.04027434743014,-1,,22.47752624382412,0.24299782643917342,-7.89786510643813,1.3781241660923749,68.52620651200249,65.77515874735192,,,,
2025-05-07,25.75,26.91,25.1001,25.83,89056,,,46.44896937294473,51.41775738057676,0.9972949213606028,24.5,23.988000000000003,26.379322646569957,21.59667735343005,-1,,22.60899580288984,0.2589254505017646,-7.079296856623813,1.4089652970857767,69.17847689750043,65.95872175613094,,,,
2025-05-08,25.87,26.39,24.96,25.48,97979,,,46.3205137676177,51.41775738057676,1.001455970454718,24.5,24.187500000000004,26.36842526235953,22.006574737640477,-1,,22.721584202776512,0.18970668640079227,-5.648149739655797,1.410467775865364,65.25729479309467,65.65879030274208,,,,
2025-05-09,25.86,26.305,25.26,25.63,69500,,,46.3205137676177,51.41775738057676,0.9696212076369669,24.5482,24.381000000000007,26.341682534220446,22.42031746577957,-1,,22.835639724236255,0.16059813556689156,-6.69597402710804,1.3843629347321238,66.14302621401477,66.0138787716102,,,,
2025-05-12,25.89,25.93,24.3058,25.66,146739,,,46.16264879035545,51.63820302431453,0.9965631085864155,26.91,24.520500000000006,26.427586521371826,22.613413478628186,-1,,22.946398950736793,0.16543375743265895,-1.4965434399731066,1.401494153679829,66.32792030833218,66.11902293270984,,,,
2025-05-13,25.4,25.4,22.57,24.64,142303,,,46.16264879035545,51.63820302431453,1.1520264743409658,26.857916,24.608000000000004,26.362281619352377,22.85371838064763,-1,,23.01281467815888,0.16694467262905924,2.1305055754695394,1.52210171413127,55.275207525444834,65.70466336755801,,,,
2025-05-14,24.92,25.76,24.07,24.12,155744,,,46.17131378043822,51.63820302431453,1.1510795624848422,26.68639936,24.648000000000003,26.317414268538098,22.97858573146191,-1,,23.056233710387943,0.08197203022173537,5.74189271216218,1.5340944488361796,50.642103064429506,64.74583000561175,,,,
2025-05-15,23.92,25.04,23.73,24.92,105468,,,46.17131378043822,51.63820302431453,1.1153273514953101,26.5217433856,24.718000000000004,26.30786288716918,23.128137112830828,-1,,23.129322584490378,0.1016231268333833,5.2517768397150135,1.5180877024907382,56.66069598404128,64.17656938439013,,,,
2025-05-16,25.06,25.135,24.37,24.69,88787,,,46.47639458328811,51.76193431319614,1.0367788375975213,26.363673650176,24.747000000000007,26.312414960960066,23.18158503903995,-1,,23.190525620392716,0.03196324446921023,3.7206994733981094,1.4642957237413998,54.59936172489007,63.50924740426886,,,,
2025-05-19,24.79,26.79,24.599,26.52,141914,,,47.14374304762383,52.22088206273914,1.0991156136575937,22.57,24.911000000000005,26.497642997021646,23.324357002978363,-1,,23.321093243122412,0.0846338384810891,5.889005927593608,1.5162031720455855,65.38865370435039,63.634934481087036,,,,
2025-05-20,26.63,26.89,25.86,26.5,57824,,,47.31841819838175,52.44247896197937,1.046519763758611,22.6544,25.038500000000006,26.70363993405896,23.373360065941053,-1,,23.445756253196045,0.10409565346084217,2.1339738138009947,1.4814743740423295,65.20627087838625,63.37947514356481,,,,
2025-05-21,24.2,24.309,21.17,22.06,219597,,,47.45946716453897,52.23287320136304,1.3784288169409773,26.89,24.965500000000006,26.981560266955782,22.94943973304423,-1,,23.39141287071777,0.08148132580172525,9.308154371502255,1.7563690616107344,39.11978200851031,61.4596656383491,,,,
2025-05-22,22.86,22.9249,21.62,22.58,146489,,,47.758256078206784,52.10914191248143,1.2952314468304933,26.89,24.890000000000008,27.13199018731074,22.648009812689274,-1,,23.3595927581406,0.09622543056488914,10.277068968235621,1.7241212714956817,42.044128077125336,59.39686450031111,,,,
2025-05-23,21.5,22.7,21.5,21.94,2536185,,,47.758256078206784,52.10914191248143,1.2177857037831032,26.7756,24.777000000000008,27.350076757502038,22.20392324249798,-1,,23.30392245389979,-0.10515438295937152,66.19443407490989,1.6866840378174186,39.527531648646445,57.42118995291207,,,,
2025-05-27,23.07,23.93,21.94,22.13,1121038,,,47.758256078206784,52.10914191248143,1.219920823619276,26.663488,24.677000000000007,27.48739570167575,21.866604298324262,-1,,23.257886279237052,-0.24334651249545133,65.79988742036178,1.7083494636876029,40.66304383700201,55.43096404755489,,,,
2025-05-28,22.23,22.25,21.18,21.45,206889,,,47.758256078206784,52.10914191248143,1.14373028413427,26.553618240000002,24.544500000000006,27.682049840241167,21.406950159758846,-1,,23.1869887780905,-0.2569924703596496,55.85368014281011,1.6627530734242026,37.918764722858185,53.19812746365187,,,,
2025-05-29,21.68,21.81,21.295,21.39,147797,,,47.758256078206784,52.10914191248143,1.034664782878541,26.445945875200003,24.36200000000001,27.77551197449155,20.948488025508468,-1,,23.11651862993009,-0.27874782731919734,46.34237935706975,1.5807707110367595,37.67714443536395,51.22811672381396,,,,
2025-05-30,21.13,21.595,20.67,21.17,481223,,,47.758256078206784,52.10914191248143,0.9787425734970333,26.340426957696003,24.18150000000001,27.859076783698374,20.503923216301647,-1,,23.040184566011263,-0.2463913178220035,42.575204648942936,1.533929945962705,36.75240143817202,49.12878638268233,,,,
2025-06-02,21.15,21.65,20.28,21.29,249308,,,47.758256078206784,52.10914191248143,0.9697910476267445,26.113609879388164,23.956500000000013,27.761335213251293,20.151664786748732,-1,,22.971549877148075,-0.22968417666461155,35.94261098171914,1.5222206641082257,37.65130619634295,47.080456803254535,,,,
2025-06-03,21.43,21.95,20.78,21.8,290686,,,47.758256078206784,52.10914191248143,0.9457189168852511,25.763593286624875,23.775000000000013,27.627383677672455,19.92261632232757,-1,,22.925606744710894,-0.18525941047346756,30.82896924006166,1.4970620452433523,41.45934059050956,46.093609165044874,,,,
2025-06-04,22.05,22.3,21.16,21.51,467347,,,47.758256078206784,52.10914191248143,0.9234261373207167,25.434577689427382,23.565500000000007,27.432051305750136,19.69894869424988,-1,,22.870092754722233,-0.21061964166012098,29.258205004151684,1.4715576134402557,39.96461443086198,45.33093140550433,,,,
2025-06-05,21.65,21.72,20.71,20.92,409162,,,47.758256078206784,52.10914191248143,0.8941492905240171,25.12530302806174,23.32000000000001,27.203719866313378,19.436280133686644,-1,,22.793618529046853,-0.23181829786048813,26.793696347867396,1.438589212480237,37.03887447313992,43.92937272615423,,,,
2025-06-06,21.16,21.455,19.86,20.65,253651,,,47.758256078206784,51.93485640854986,0.920176073651423,24.834584846378036,23.078500000000012,26.995469619488624,19.1615303805114,-1,,22.709555057319527,-0.2236942636839447,22.012815278961135,1.4497614115887916,35.74907744974723,42.58292384935832,,,,
2025-06-09,20.92,20.965,19.82,20.33,578870,,,47.758256078206784,51.93485640854986,0.9038088818264906,24.436618058667793,22.813500000000012,26.72125779699778,18.905742203002244,-1,,22.61623917271876,-0.21475601861818444,23.39169665310901,1.4279927393324492,34.22778308041396,40.35714737622,,,,
2025-06-10,20.58,21.18,20.04,20.63,188814,,,47.758256078206784,51.556439506681244,0.8901774714975867,23.974956252801015,22.562000000000012,26.35021646688741,18.773783533112613,-1,,22.53834744045528,-0.225056504611368,17.743467202981602,1.4074218293801315,36.93721070672109,38.33792879252963,,,,
2025-06-11,20.55,20.725,20.055,20.16,165859,,,47.758256078206784,51.20621327285562,0.8383918622538958,23.559460627520913,22.33800000000001,26.13802421044882,18.537975789551204,-1,,22.4450789133786,-0.24682752611270584,12.369417300028704,1.354748841567265,34.536836685663744,38.01057555518345,,,,
2025-06-12,20.11,20.35,19.921,20.26,99252,,,47.758256078206784,51.122668986615636,0.7739911178435325,23.185514564768823,22.14500000000001,25.955472411656807,18.334527588343214,-1,,22.3593895442265,-0.22292247615281688,6.266805082108119,1.2886239243124606,35.4972972960516,37.54294478510675,,,,
2025-06-13,20.15,20.35,19.64,19.69,288525,,,47.94768671872411,50.8742856516661,0.7451076692575334,22.84896310829194,21.88350000000001,25.61330575901718,18.153694240982837,-1,,22.254707601315655,-0.2589487640205372,5.1071347382852705,1.2472936440044278,32.56447226245071,37.04558340037848,,,,
2025-06-16,19.68,20.04,19.17,19.75,216444,,,47.94768671872411,50.54473200267334,0.7359610512238389,22.46388753529691,21.63650000000001,25.242396698464578,18.03060330153544,-1,,22.15648377381308,-0.2444678003446505,2.5134651427921577,1.2203440980041111,33.19020957734867,36.511809524688964,,,,
2025-06-17,19.63,20.3,19.56,19.67,239047,,,47.94768671872411,50.389361393877536,0.7172395525195276,22.002743280355343,21.294000000000008,24.21581039768122,18.372189602318794,-1,,22.058974606212566,-0.2744977321687252,0.8459120919026684,1.1860338052895318,32.7538058174826,36.14288388859071,,,,
2025-06-18,19.65,20.035,19.57,19.68,165913,,,47.758256078206784,50.306550951186644,0.6764865847303706,21.606159221105596,20.95300000000001,22.734113135092084,19.171886864907936,-1,,21.965681484400307,-0.2829704044526141,-2.320436731160938,1.134531390625994,32.87262125567328,35.79970366146995,,,,
2025-06-20,19.83,20.42,19.655,20.1,237098,,,47.45946716453897,50.1603540795327,0.6710327474304864,21.26509693015081,20.855000000000008,22.596947186340056,19.11305281365996,-1,,21.892517504619903,-0.26662496576576905,-3.2036293459909295,1.108136291295566,37.84024221668923,35.877406574221176,,,,
2025-06-23,20.05,20.62,19.9148,20.32,191578,,,47.45946716453897,50.029543526979566,0.6617504253861779,20.9717833599297,20.742000000000008,22.305785151482766,19.17821484851725,-1,,21.830850151497554,-0.269958489106153,-5.087677881398105,1.079355127631597,40.3311326793787,36.068822751580875,,,,
2025-06-24,20.43,20.68,20.03,20.6,246764,,,47.31026717735949,50.029543526979566,0.6495024372168653,20.719533689539542,20.675000000000008,22.13939748702255,19.210602512977466,-1,,21.78258151810549,-0.23084254154911757,-5.1767424491987395,1.0486869042293399,43.4377789401262,36.2101397765535,,,,
2025-06-25,20.68,20.68,20.01,20.31,129406,,,47.09480131455537,49.70653604677165,0.642135446991619,19.17,20.584000000000007,21.893418191410998,19.274581808589016,-1,,21.724833223277827,-0.10435110958215753,-8.407369888704837,1.0216378396415298,41.053698266638804,36.287931479108984,,,,
2025-06-26,20.45,21.22,20.13,21.15,377427,,,47.03381546927606,49.409174241216746,0.6798864220281904,19.200200000000002,20.56900000000001,21.844835412581826,19.293164587418193,-1,,21.7022907439336,-0.02153224267833692,-4.24645778017143,1.0265208510957062,49.67042924857756,37.190185391640235,,,,
2025-06-27,21.25,21.57,20.96,21.38,986430,,,47.03381546927606,49.409174241216746,0.6641187833567571,19.280992,20.568500000000007,21.84305521653556,19.293944783464454,-1,,21.68965189123032,0.055631312764430826,12.298602130054105,0.9967693617317271,51.75019658439645,38.33312247268662,,,,
2025-06-30,21.43,21.55,21.13,21.31,481127,,,47.03381546927606,49.07280440846927,0.6316313550260131,19.41833248,20.575500000000005,21.864646616951926,19.286353383048084,-1,,21.674763581770307,0.03842706676629582,13.727908031144759,0.955571550179461,51.058658953257705,39.53532789217545,,,,
2025-07-01,21.31,21.97,21.255,21.4,289517,20.714599905653323,,47.03381546927606,48.952421213997354,0.6363370027421914,19.547432531200002,20.581000000000007,21.883165888048964,19.27883411195105,-1,,21.66398853934794,-0.007888068895712546,11.1622828089347,0.9383878680237852,51.94775092030257,40.6075093360027,,,,
2025-07-02,21.31,21.31,20.38,20.59,557488,,,47.03381546927606,48.952421213997354,0.6750278864643541,19.741237928704003,20.520500000000006,21.696858363764633,19.344141636235378,-1,,21.621871341726454,-0.08700344680671077,13.916340655126932,0.9442173060220862,44.170435768617075,41.29562355621365,,,,
2025-07-03,20.67,20.97,20.05,20.85,78441,,,47.03381546927606,48.952421213997354,0.698684050972781,19.919538894407683,20.487500000000004,21.585386606166104,19.389613393833905,-1,,21.591601877345024,-0.05391370411256672,7.114980355854521,0.94248749844908,46.91761135345069,42.1113602745993,,,,
2025-07-07,20.85,20.945,20.38,20.74,273448,,,47.03381546927606,48.952421213997354,0.6804905754991135,20.05,20.478500000000004,21.564948802290758,19.39205119770925,-1,,21.55820572529228,-0.0031758602381751324,5.1411612899013,0.9155241057027173,45.88880659569838,43.06309844125985,,,,
2025-07-08,20.76,21.28,20.538,20.95,150434,,,47.03381546927606,49.05383179496505,0.6861593533629192,20.05,20.493500000000004,21.597153478225255,19.389846521774754,-1,,21.534354520378855,-0.00003166930559928778,0.8282709352054934,0.9031295267239517,48.22304324875515,44.13687227493174,,,,
2025-07-09,21.22,21.22,20.48,21.09,199039,,,47.04248045935883,49.18464234751818,0.6920500839991579,20.2036,20.531500000000005,21.662026868322368,19.40097313167764,-1,,21.51692885291302,0.03454006767443326,-1.7853942168431434,0.8914774176722408,49.77844072108678,45.352917625189185,,,,
2025-07-10,21,21.32,20.81,20.84,124382,,,47.16921821120227,49.18464234751818,0.6713258830639544,20.344912,20.542000000000005,21.67986818217168,19.40413181782833,-1,,21.490382623387017,0.01377682625654108,-5.823227846142082,0.8642290306956523,47.05980127851178,46.3662876268205,,,,
2025-07-11,20.61,20.88,20.17,20.4,96733,,,47.31841819838175,49.33083921917212,0.6785125600065178,21.97,20.554000000000006,21.680506102956667,19.427493897043345,-1,,21.447622520509096,0.0286547610134678,-10.077122771935985,0.8532126713602484,42.64532576255994,46.70950788009698,,,,
2025-07-14,20.42,20.43,20.16,20.39,95259,,,47.44687380370878,49.48274872304334,0.6324856725695016,21.933999999999997,20.5605,21.681632909159045,19.439367090840957,-1,,21.406147127547957,0.030413582172290565,-13.851294986399186,0.8115546234059449,42.54763882511673,46.8678297476497,,,,
2025-07-15,20.64,20.73,20.18,20.55,131471,,,47.86963110128036,49.48274872304334,0.6283964638946786,21.863039999999998,20.603500000000004,21.651360200598887,19.55563979940112,-1,,21.372572730389212,0.08700296255441106,-16.020328360452805,0.7928721503055203,44.729190716377055,46.960073445953334,,,,
2025-07-16,20.83,20.83,20.385,20.78,131301,,,48.73509987632492,49.48274872304334,0.6128534052179082,21.794918399999997,20.655000000000005,21.62862210328169,19.68137789671832,-1,21.1542,21.349334584099438,0.09415322963530975,-17.83080377318048,0.7680241395694115,47.79778274308617,47.44179376569957,,,,
2025-07-17,20.89,21.1743,20.76,20.81,85765,,,49.39360732047842,49.633048144402,0.5966124804299093,21.729521663999996,20.712000000000003,21.575541545033474,19.848458454966533,-1,21.17825,21.328184208252402,0.11748722466849158,-20.857696283188897,0.7427581296001676,48.201741095982186,47.33688746908562,,,,
2025-07-18,20.94,20.94,20.274,20.28,118721,,,49.612288111386675,49.48274872304334,0.6168304917549237,21.666740797439996,20.742000000000004,21.49461145353928,19.989388546460727,-1,21.190900000000003,21.28707894518368,0.11274581365366017,-22.269179821382927,0.7372754060572985,42.01587700059632,46.6415789273856,,,,
2025-07-21,20.6,21.08,20.56,20.89,131295,,,49.92547829671107,49.48274872304334,0.6536764495160413,21.606471165542395,20.781500000000005,21.475856536656902,20.087143463343107,-1,21.211349999999996,21.271507221843144,0.11449641873660663,-22.9203147703202,0.7417557341960627,49.97339023647468,46.56405973332968,,,,
2025-07-22,20.85,21.155,20.22,20.33,126976,,,50.39528545066594,49.633048144402,0.7051491560553029,21.5486123189207,20.782000000000004,21.475039681402567,20.08896031859744,-1,21.226599999999998,21.234585370006158,0.08991290023888668,-23.525836994790684,0.7555588960392011,44.003112330542905,45.99658554834684,,,,
2025-07-23,20.3,20.72,20.18,20.7,88069,,,50.88835758063615,49.85558317315437,0.6966459477206518,21.493067826163873,20.787000000000006,21.476147299202474,20.09785270079754,-1,21.24325,21.213621237849054,0.07052471016078138,-25.48272105558337,0.740161832036401,48.390292890813576,46.29800391421803,,,,
2025-07-24,20.69,20.71,20.23,20.28,89560,,,51.37389636856467,49.85558317315437,0.682151264944834,21.43974511311732,20.785500000000006,21.478911133454243,20.09208886654577,-1,21.25985,21.177008640286346,0.05869447097742189,-27.03828740901705,0.7215788440338009,44.160777762977716,46.101087229184245,,,,
2025-07-25,20.21,20.985,20.06,20.55,142429,,,51.85457552416918,50.175160312845975,0.7336349776970088,21.388555308592625,20.755500000000005,21.435013796768317,20.075986203231693,-1,21.2758,21.152420066157468,-0.011359516957979484,-25.973173423591827,0.7361089266028152,47.346851583939525,46.20523329977289,,,,
2025-07-28,20.62,20.995,20.37,20.74,154126,,,52.609984884419305,50.175160312845975,0.7362208306207148,21.308841990077067,20.723500000000005,21.33969071722826,20.107309282771748,-1,21.293000000000003,21.136246730229725,-0.11092796860328398,-24.40609655645268,0.7281725747026142,49.52923417386406,46.2985326515664,,,,
2025-07-29,20.89,20.89,20.23,20.33,73129,,,52.609984884419305,50.175160312845975,0.7446074400090676,21.233911470672442,20.674500000000005,21.25091911834917,20.09808088165084,-1,21.30165,21.10462921139719,-0.11969097430941804,-26.535960477993573,0.7233031050809989,45.1776707437525,45.96990622461395,,,,
2025-07-30,20.36,20.57,20.23,20.48,120588,,,52.863247030075364,50.31649366045015,0.7061005406489851,21.163476782432095,20.628500000000006,21.10399027329479,20.15300972670522,-1,21.312399999999997,21.08013394820514,-0.04941719299503912,-26.06499273444577,0.6959243118609276,47.01190213150455,45.966484856970574,,,,
2025-07-31,20.37,21.1,20.32,20.9,175022,,,53.09046525444956,50.37577952086299,0.7394327618282899,20.06,20.644000000000005,21.133465014069575,20.154534985930436,-1,21.332150000000002,21.07306987180494,0.09445709529163472,-22.977881058715212,0.7019297181565758,51.86785607155671,46.62523702189891,,,,
2025-08-01,20.84,20.84,20.3,20.33,177993,,,53.78275182774879,50.41761038038153,0.7421382713196152,20.0808,20.618000000000002,21.116100391486142,20.11989960851386,-1,21.3488,21.0439298768322,0.0104588217486792,-20.137624953215173,0.6946490240025345,45.7413178107291,46.85335694944265,,,,
2025-08-04,20.13,20.75,20.13,20.26,106132,,,54.30047690352277,50.559713618731365,0.7485991879722658,20.101184,20.594000000000005,21.112127397459982,20.075872602540027,-1,21.364349999999998,21.013187528721133,-0.0431031725791076,-20.90098894938043,0.6893169508594964,45.03775726571885,46.87539741725278,,,,
2025-08-05,20.22,20.78,20.1,20.76,140103,,,54.30047690352277,50.559713618731365,0.7644332211988348,21.1,20.584500000000006,21.082755958316984,20.086244041683027,-1,21.382649999999998,21.003258606026186,0.0026652923509211304,-19.842166017010594,0.6886514543695323,50.85274398511104,47.09360893454027,,,,
2025-08-06,20.95,21.07,20.54,20.94,112265,,,54.30047690352277,50.559713618731365,0.75573377944348,21.080000000000002,20.577000000000005,21.04838519280792,20.10561480719209,-1,21.39765,21.000777876378102,-0.02693985117883868,-20.138389555526047,0.6773192076288516,52.789222223365684,47.421286157924804,,,,
2025-08-07,21.03,21.04,20.335,20.48,65411,,,54.30047690352277,50.559713618731365,0.7768409663632154,21.07,20.559000000000005,21.016117052841842,20.101882947158167,-1,21.41315,20.980355214559353,0.0025459849671539718,-22.607626467111555,0.6792964070839335,47.624856011414444,47.82192751584039,,,,
2025-08-08,20.5,20.5,19.69,19.97,136048,,,53.78275182774879,50.41761038038153,0.8124584880355383,21.07,20.537500000000005,21.058494241809374,20.016505758190636,-1,21.4246,20.940733441439377,-0.0007972415233303603,-21.01426367170828,0.6886323780065096,42.643766438083574,47.298382958812454,,,,
2025-08-11,20.18,20.615,19.67,19.88,139662,,,53.78275182774879,50.36110437240407,0.8649996878078633,21.04,20.512000000000008,21.10440526668638,19.919594733313634,-1,21.434,20.89913605157901,-0.05990795693156212,-19.35846285485758,0.7069443510060444,41.81266217081825,47.14192223311783,,,,
2025-08-12,20.5,22.74,19.295,22.62,885932,,,53.78275182774879,50.36110437240407,1.2999108847489627,19.295,20.615500000000008,21.709364251174705,19.52163574882531,-1,21.45705,20.9666209123014,0.19754760017618928,10.993944242444988,0.9025197545056124,64.49800833129879,48.29247333600964,,,,
2025-08-13,22.37,23.65,22.1,23.55,325235,,,53.78275182774879,50.36110437240407,1.3551988381394942,19.295,20.754000000000005,22.438237512941473,19.069762487058536,-1,21.48595,21.067929896132718,0.23972302654062433,12.942385769936129,0.948768343469497,68.9262173803283,50.061433308677536,,,,
2025-08-14,23.55,24.21,23.28,23.89,162534,,,54.08449204710247,50.36110437240407,1.3037732296498614,19.295,20.908000000000005,23.077807364721355,18.738192635278654,30,21.52,21.17859931197065,0.267765871704718,9.680224620289135,0.9474277475073901,70.38077120193861,51.706713281391764,,,,
2025-08-15,23.98,23.98,23.405,23.62,186837,,,54.141296610431255,50.36110437240407,1.208222774969029,19.5899,21.075000000000006,23.522165707507153,18.62783429249286,-1,21.5522,21.274340515422782,0.2822395415224018,7.6305263640190155,0.9208257655425766,67.67174876170509,53.00260718052326,,,,
2025-08-18,23.75,24.885,23.59,24.82,228149,,,54.46217000418098,50.37577952086299,1.2349690245791363,19.867106,21.271500000000007,24.209582878340687,18.333417121659327,-1,21.5881,21.4133859854062,0.3214456713233604,7.15476773058982,0.9475524965752499,72.70104061584031,54.96856217138668,,,,
2025-08-19,24.89,25.43,24.56,25.4,222061,,,55.25520677050324,50.49616271533489,1.1932120761742484,20.26853752,21.525000000000006,24.931890077475224,18.118109922524788,-1,21.625149999999998,21.569723789900074,0.3946861449767337,6.522020966671677,0.9420130325341607,74.7460067368628,56.94956964319798,,,,
2025-08-20,25.45,26.43,25.01,26.05,290737,,,55.741185773161156,51.595590073254996,1.2367375810383918,20.784683768,21.792500000000008,25.701422485800748,17.883577514199267,-1,21.66765,21.7454208961785,0.3879742345115161,8.007293876716695,0.9761549587817205,76.83988214626046,58.733285791391104,,,,
2025-08-21,25.99,26.705,25.465,26.29,278588,,,56.326221377526004,52.60297979523803,1.2442036665074674,21.462121715840002,22.093000000000007,26.394911668084177,17.791088331915837,-1,21.70955,21.923639684563657,0.40972486767207933,8.7223453162446,0.9950010331544547,77.57907353519404,61.00741120028145,,,,
2025-08-22,26.44,26.76,25.75,25.79,417788,,,56.44301005238343,53.15573161532051,1.2161441231680112,22.1961246756224,22.355000000000008,26.88150637909622,17.828493620903796,-1,21.747149999999998,22.075261657718023,0.2946846337709285,12.931719176646677,0.9960723879291365,72.3950334270128,62.9615023546596,,,,
2025-08-25,25.6,26.8,25.6,26.23,330459,,,56.48532544987658,53.710061417209,1.2181600866333773,22.926344727522817,22.629500000000007,27.390732928559444,17.86826707144057,-1,21.785099999999996,22.23819257310163,0.2807385310600401,13.68315444759854,1.0106386459341983,74.03906961270911,64.6176684709166,,,,
2025-08-26,26.42,26.59,25.77,26.03,273075,,,56.613436230573804,53.795507894957865,1.1660622465654087,23.62360267656871,22.914500000000007,27.772439789663764,18.05656021033625,-1,21.81915,22.386890903568233,0.25873272553576465,12.689956506787707,0.9970215997960413,71.9417381325249,65.98570532157082,,,,
2025-08-27,26.06,26.39,25.58,25.76,242898,,,57.00611088224158,53.93369854225112,1.1213366440346986,24.19535419478634,23.178500000000007,28.05239074559529,18.304609254404724,-1,21.847350000000002,22.519169691663596,0.21312531993293515,11.013828880652586,0.9836629140963243,69.09610983061238,67.51936630865639,,,,
2025-08-28,25.67,26.195,25.09,26.15,328474,,,57.407275156443006,54.04288241794645,1.1242155980250723,24.6641904397248,23.44100000000001,28.361044308743423,18.520955691256596,-1,21.8731,22.661555193951298,0.2495084812704629,11.723286140430963,0.9923298488037299,70.88739153875271,69.53676810156132,,,,
2025-08-29,26.33,26.7,25.985,26.42,373775,,,57.72791488982348,54.18191713912416,1.0729067307255495,25.048636160574336,23.74550000000001,28.611214644324935,18.879785355675086,-1,21.89815,22.808945186345365,0.2858006966234851,13.222287096501999,0.9725205738891777,72.09337644923781,71.69967626430558,,,,
2025-09-02,26.35,26.8,26.065,26.6,343274,,,57.80067785506101,54.32306077649081,1.0330885555669873,25.09,24.062500000000007,28.803081715359255,19.32191828464076,-1,21.9199,22.957614002567116,0.31321261355067637,13.508389510214329,0.9555548186113791,72.89937360232375,72.29977378366452,,,,
2025-09-03,26.7,28.41,26.54,28.41,537506,,,57.91002627625692,54.4125342069004,1.1531379683594747,25.3978,24.44500000000001,29.291311999861144,19.59868800013888,-1,21.95105,23.171433061289974,0.3610253464186061,17.755908152544574,1.0208723315677093,79.35605843691316,73.04476243056344,,,,
2025-09-04,28.4,28.55,27.87,28.47,355029,,,58.29686562379901,54.556515756211006,1.0907139026007862,26.00024,24.821500000000007,29.69005738386622,19.952942616133797,-1,21.9944,23.379220000062915,0.38170923355556513,16.954455399722843,0.9965243078843015,79.53015975973594,73.69829018469181,,,,
2025-09-05,28.76,28.8,27.35,28.21,484034,,,58.53224475769024,54.656863941250386,1.1415228629921432,26.510192,25.20800000000001,29.85901967314678,20.55698032685324,-1,22.030450000000002,23.568662353001624,0.3769466234137858,18.68170904135577,1.0289154287497084,76.51865496963066,74.33021205668649,,,,
2025-09-08,28.58,28.98,27.915,28.85,392473,,,58.53224475769024,54.70245964774142,1.130973757379292,26.9681536,25.652000000000008,29.895694616722366,21.40830538327765,-1,22.070050000000002,23.77577363327607,0.412541073507788,18.024369667291353,1.0314928981247293,78.66067573044259,74.7559002791581,,,,
2025-09-09,28.79,28.9,28.28,28.84,225465,,,58.53224475769024,54.70245964774142,1.0630429132864825,27.35,26.100000000000012,29.646209243685142,22.553790756314882,-1,22.1073,23.974370745696618,0.4450815791135009,14.087792178850162,1.002100548258677,78.54011747310727,75.02690818888983,,,,
2025-09-10,28.68,29.03,28.45,28.98,265026,,,58.53224475769024,54.70245964774142,1.0015666297945767,27.676000000000002,26.418000000000013,29.795558881795706,23.04044111820432,-1,22.1444,24.170669932139887,0.39262988792891274,11.524497811687542,0.9719505090973429,79.02480082351201,75.18297380869352,,,,
2025-09-11,29.09,30.3,28.89,30.3,287963,,,58.53224475769024,54.70245964774142,1.0601948834754007,27.946800000000003,26.755500000000012,30.265653700338184,23.24534629966184,-1,22.18955,24.41103581715401,0.39573420169521567,9.81484702402087,1.0032397584475328,82.93770187673123,75.56573297594618,,,,
2025-09-12,30.13,30.39,28.9025,29.64,356537,,,58.53224475769024,54.88741471985032,1.1177972847832172,28.417440000000003,27.043000000000013,30.508891515901418,23.57710848409861,-1,22.2274,24.616093236089146,0.3754149852633726,9.793672224095513,1.0378297757012804,75.367118110827,75.77802473907575,,,,
2025-09-15,29.57,30.22,28.85,29.66,359615,,,58.53224475769024,55.07600784726642,1.1484863679022361,28.811952,27.345000000000017,30.612099631170835,24.077900368829198,-1,22.2603,24.81389350134055,0.38267657780209546,9.741354408450139,1.0615562202940458,75.4402777519236,75.87811103473393,,,,
2025-09-16,29.62,29.62,27.09,27.26,608639,,,58.53224475769024,55.07600784726642,1.3243801977555079,30.39,27.467000000000013,30.523259805709756,24.41074019429027,-1,22.274099999999997,24.90981924638602,0.2568134084068206,14.427916803177022,1.169302204558757,54.51614700300324,74.63342595405382,,,,
2025-09-17,27.47,28.12,26.8,27.17,391999,,,58.53224475769024,55.07600784726642,1.3051573986735774,30.324,27.555500000000016,30.46626261484808,24.644737385151952,-1,22.2872,24.998453785743433,0.19764921325112983,13.78141056936816,1.1800663328045604,53.912271065799274,73.54886604228145,,,,
2025-09-18,27.46,27.46,25.82,26.42,560042,,,58.53224475769024,55.07600784726642,1.3264120342737373,30.183040000000002,27.57400000000002,30.450757897355295,24.697242102644744,-1,22.2945,25.054200696106435,0.15196865870296528,16.090924349243558,1.212918737604235,49.03749893492901,71.98815942772261,,,,
2025-09-19,26.53,26.74,25.31,25.43,1586492,,,58.07789695757549,54.89889003044661,1.315010000816774,29.9212576,27.531000000000017,30.507231845807244,24.55476815419279,-1,22.296950000000002,25.068937923710102,-0.032778793861438935,31.544174753190973,1.2284245420610753,43.45230649569847,69.94236871675551,,,,
2025-09-22,25.52,25.735,24.85,25.35,357411,,27.57804632987418,57.59838058500922,54.757556682842434,1.2384298922829475,29.552356992,27.509000000000015,30.542340732591285,24.475659267408744,-1,22.3023,25.07995996591755,0.016776727606493055,26.53853022109941,1.203894217628141,43.02584608113084,67.8085453223846,,,,
2025-09-23,25.54,26.18,25.54,25.66,226369,,,57.33758898424311,54.568963555426336,1.1686599601994403,29.0821212928,27.480500000000017,30.571535263467045,24.38946473653299,-1,22.30575,25.102706633920782,-0.0014859573170327197,20.445531477510404,1.1771874877975594,45.26749505271129,65.37364793779875,,,,
2025-09-24,25.54,26.44,25.225,26.21,318086,,,56.821346347311,54.38400848331743,1.1564557150089256,28.65890916352,27.489500000000014,30.5645965838487,24.414403416151327,-1,22.31295,25.146129903178792,0.033117815293922694,16.456958931146335,1.1798883815263053,49.094344971040684,63.199661167177666,,,,
2025-09-25,26.53,26.53,24.99,25.45,353738,,,55.73058602919011,54.3384127768264,1.1834091601489358,28.278018247168,27.47400000000001,30.586705575540073,24.36129442445995,-1,22.316950000000002,25.158046377563938,0.03183894556321303,13.56112944212218,1.2056106399887123,44.46760173363708,60.91030022174955,,,,
2025-09-26,25.6,26.18,25.37,26.01,236178,,,55.03829945589088,54.148591161377425,1.1190782316192804,27.935216422451198,27.46700000000002,30.59218863430615,24.34181136569389,-1,22.322,25.19145632354182,0.013074810140189333,9.201017776539723,1.1773527371323758,48.331526633504225,58.7439324291111,,,,
2025-09-29,26.25,26.25,25.41,26.07,421576,,,54.81108123151668,52.01219743779119,1.0693353076421206,27.62669478020608,27.449500000000018,30.60174665913003,24.297253340870007,-1,22.331599999999998,25.22590901673626,0.03144784936508625,8.538220904293432,1.1532561130514918,48.743039109504124,56.615569688853725,,,,
2025-09-30,26.12,26.36,25.73,26.23,354854,,,54.66428357082058,49.70649723632769,1.0036398859850637,27.34902530218547,27.43100000000002,30.607223543769642,24.254776456230395,-1,22.3412,25.265285133726994,0.03739136169199038,6.829635033723546,1.1158806764049565,49.88919108098959,54.53445470724499,,,,
2025-10-01,25.84,26.23,23.86,24.35,525698,,,54.44035548419907,49.08454856789798,1.1511168172262096,27.099122771966925,27.22800000000002,30.63833488091655,23.81766511908349,-1,22.34355,25.229391599071032,-0.060146817860497206,8.1938586158511,1.2054606280903168,38.88626619877571,51.387923587391015,,,,
2025-10-02,24.43,24.67,23.96,24.42,212538,,,53.58729297473332,48.696670142896025,1.0796161644561264,26.710428039330893,27.025500000000015,30.594087815929036,23.456912184070994,-1,22.3398,25.197650752048638,-0.08562559740901378,4.033371535307619,1.1700705832267229,39.42199075905423,48.82041449083582,,,,
2025-10-03,24.63,25.01,23.89,23.94,183604,,,52.400621544223554,48.42937756736151,1.0675717943485403,26.368376674611184,26.81200000000002,30.57709548351653,23.046904516483508,-1,22.343249999999998,25.148331114713397,-0.12004380317178691,-0.10081294848812564,1.1664941129962425,37.02521082691304,46.076481139049356,,,,
2025-10-06,23.88,24.265,23.45,23.75,246457,,,51.69817067078858,47.97322463809131,1.022341781173174,26.067371473657843,26.557000000000016,30.424857805038478,22.689142194961555,-1,22.3505,25.09349460041091,-0.1669847666548592,-2.4538873206189016,1.1413873906393681,36.0898656309318,44.760318183901404,,,,
2025-10-07,23.81,23.81,23.295,23.74,299353,,,51.1660505945881,47.82331504785175,0.950329573426503,25.700939467345744,26.30200000000002,30.206472307495055,22.397527692504987,-1,22.3565,25.040416380786954,-0.16103702350996107,-3.3747675885414687,1.0966454341651273,36.03826330039783,43.48360334351559,,,,
2025-10-08,23.99,24.57,23.68,23.7,253903,,,50.74637926521608,47.19924455534748,0.9340256878378549,25.315989152570424,26.03800000000002,29.896220315118867,22.179779684881176,-1,22.364349999999998,24.987851032520798,-0.21798478727500642,-5.035717577594288,1.0818850460104754,35.81765296739566,42.53932863154892,,,,
2025-10-09,23.74,24.21,23.48,23.68,223620,,,50.74637926521608,46.911036540818465,0.9021584807709079,24.992630888159155,25.707000000000022,29.160508940193434,22.25349105980661,-1,22.37355,24.93656275673567,-0.2678909171502218,-7.0438457730531745,1.0567503998668701,35.69997785261323,41.98559087132854,,,,
2025-10-10,23.93,24.16,23.14,23.41,351640,,,50.74637926521608,46.72251385432024,0.9099360525428044,24.72100994605369,25.39550000000002,28.477729550178935,22.313270449821104,-1,22.38355,24.87669755058917,-0.28818294075488593,-5.943230051517378,1.0541253713049508,34.07251834367237,41.346067461510074,,,,
2025-10-13,23.61,24.15,23.61,24,309738,,,50.74637926521608,46.33047359870063,0.8840032081292994,24.436428155764027,25.11250000000002,27.548085145297975,22.676914854702062,-1,22.3853,24.842317254487636,-0.28099459310374925,-5.883302417836768,1.0316878447831683,40.45992482953162,41.00266958842581,,,,
2025-10-14,23.83,24.755,23.82,24.42,242902,,,50.74637926521608,46.520214574745495,0.885929421964548,23.14,24.970500000000015,27.212146493093123,22.72885350690691,-1,22.3967,24.825755793527335,-0.21661284912903148,-7.231876644704401,1.0247815701557992,44.57648172079542,40.679965070551155,,,,
2025-10-15,23.9,24.86,23.37,24.41,274232,,,50.74637926521608,46.520214574745495,0.9540463072819994,23.1723,24.832500000000017,26.843488562870565,22.82151143712947,-1,22.4058,24.80945164476156,-0.18274364617257807,-7.6201891836548645,1.0580114580018134,44.49759631065397,40.68210754033807,,,,
2025-10-16,24.32,24.66,23.95,24.37,164447,,,51.1660505945881,46.65934867726718,0.9184065314068088,23.239808,24.73000000000001,26.61170135781372,22.848298642186304,-1,22.421599999999998,24.79221824692777,-0.1676134216919134,-10.414778053608744,1.0331534967159697,44.160949905644905,40.38420920263383,,,,
2025-10-17,24.23,24.96,23.72,24.95,182693,,,51.69817067078858,46.8430928408418,0.952332765702767,23.30461568,24.70600000000001,26.56346493910343,22.84853506089659,-1,22.44495,24.798405766656092,0.05275079504751464,-12.334949287000663,1.0479282469505435,50.060687238491134,40.47832692613291,,,,
2025-10-20,25.05,25.9,25.015,25.89,206372,,,51.89559683024899,47.202364479788365,0.946220535759667,23.4039387392,24.733000000000015,26.642105549726676,22.823894450273354,-1,22.4731,24.841213383649972,0.08196204673975693,-13.313108458192323,1.0409333721683618,57.83604739363656,41.0459595198934,,,,
2025-10-21,25.76,27.11,25.06,27.05,361376,,,52.566790561420035,47.2761747981257,1.072399626630557,23.603623640064,24.802500000000013,26.93022061135795,22.674779388642076,-1,22.508899999999997,24.92783246664409,0.16419811990108296,-10.154046715816818,1.1130095598706216,65.06469855508996,42.91584754534442,,,,
2025-10-22,26.91,28.03,26.4,27.99,335389,24.91928144731839,,53.753461991929804,47.60203624683976,1.1254299855139098,23.9542612760576,24.891500000000008,27.367652458956982,22.415347541043033,-1,22.5499,25.047917467952164,0.18482918909015375,-8.165623735540256,1.1499374484512916,69.6112611570806,45.072224002346296,,,,
2025-10-23,28.12,28.35,27.035,28.03,411964,,,54.44035548419907,48.29127957760549,1.1308332821850904,24.44334992293069,25.02050000000001,27.844047237075802,22.196952762924216,-1,22.5929,25.164861880973646,0.24400217079249867,-4.732493540485285,1.161727630704771,69.79142421803422,47.41266781599781,,,,
2025-10-24,28.31,28.86,27.89,28.53,344205,,,54.85947720678047,48.8296258761568,1.0942665817805648,24.990280933720392,25.14650000000001,28.336548745708708,21.956451254291313,-1,22.6373,25.296828081719777,0.23496193261228812,-3.4957642253541565,1.1480327999401445,72.02412940722076,49.97940094287559,,,,
2025-10-27,28.62,29.09,28.35,29.05,372193,,,55.048590264969725,49.95190330572029,1.0370546200537796,25.609435984325128,25.295500000000008,28.89612480689094,21.694875193109077,-1,22.68195,25.444011294201356,0.25248888374960043,-1.8600110047516538,1.1188875999444199,74.16289416007044,52.702588861423635,,,,
2025-10-28,29.1,29.56,28.825,29.56,268969,,,55.343852097725815,52.624486454613994,0.9890999236715468,26.235937507146605,25.462000000000007,29.501324696034985,21.42267530396503,-1,22.72975,25.60542261599738,0.26674005594281885,-2.781415471654575,1.091467057091247,76.09330794866845,55.57942136008598,,,,
2025-10-29,29.85,29.9,28.35,28.55,330596,,,55.73297369313265,54.471108638752845,1.0444136525239878,26.900750005717285,25.672000000000008,29.890955320929354,21.45304467907066,-1,22.76735,25.720896238899442,0.28737804755774704,-2.1533025904891607,1.1242194101561578,65.63465743881859,57.717612759100646,,,,
2025-10-30,28.39,28.89,27.77,28.32,325049,,,56.034534177984625,54.47352314016268,1.0397433556867681,27.500600004573826,25.867000000000008,30.19555218288958,21.538447817110438,-1,22.806600000000003,25.82282187658966,0.26962338400707814,-1.7483693719367646,1.1239180237164323,63.49444891108291,59.8191792282014,,,,
2025-10-31,28.11,28.73,27.58,28.04,319492,,,56.20607794199139,54.550186097160726,1.0391160255161545,29.9,26.07200000000001,30.404433957949948,21.739566042050072,30,22.84045,25.909770038292027,0.2810703362060023,-1.5265851898032436,1.1257810220224016,60.89133460521314,61.27856564075008,,,,
2025-11-03,27.78,28.34,27.435,28.27,218694,,,56.285779189191345,54.63197623266995,1.0100299347147805,29.8536,26.29800000000001,30.593763494420767,22.00223650557925,-1,22.87985,26.002328076006066,0.3255226725489135,-3.5743341824898023,1.1100109490208017,62.26005041724291,62.541677690496336,,,,
2025-11-04,28.07,28.91,28.07,28.49,235189,,,56.60852255794226,54.65919622945954,0.9783988635939055,29.756856,26.535500000000013,30.764005527960972,22.306994472039055,-1,22.918850000000003,26.09988383773132,0.29114272579895367,-4.89469109006692,1.0907244526621729,63.573277744065884,63.90422636431147,,,,
2025-11-05,28.28,29.39,27.9,28.99,332588,,,57.083383456160604,55.00125710777026,1.0276920424086489,29.66398176,26.80000000000001,30.946965155387385,22.653034844612637,-1,22.95595,26.21322172644774,0.3554307921097233,-3.6835611915810635,1.119244134614875,66.43214622914176,65.4950261017041,,,,
2025-11-06,28.83,28.97,28.24,28.49,241061,,,57.82018824274289,55.11657599400112,0.9825547819699341,29.5748224896,27.04050000000001,30.988955267569555,23.092044732430463,-1,22.993100000000005,26.302507148939984,0.3586799573613909,-4.790738697261507,1.0928695535709552,61.25489141576907,66.29461211436681,,,,
2025-11-07,28.43,29.12,27.88,28.8,482423,,,58.571601467786245,55.22869600084498,1.0021130997515617,29.489229590016,27.31000000000001,30.954563073949632,23.665436926050386,-1,23.031650000000003,26.400448045059985,0.41774441535706525,-0.16096397862630948,1.10337887117303,63.17128285146278,66.6757003613544,,,,
2025-11-10,28.49,30.363,27.385,29.75,504879,,,59.08680221890556,55.627992366106035,1.217269705076711,27.385,27.597500000000007,31.054625250840346,24.14037474915967,-1,23.072500000000005,26.531803023685082,0.4303927941936415,3.7964918368038454,1.2372803803749564,68.3394074193113,66.90960813737021,,,,
2025-11-11,31.91,37.43,31.1,31.25,989508,,,59.414579558535564,56.278176963571816,1.892075675054585,27.385,27.93900000000001,31.422400063156278,24.455599936843743,-1,23.12085,26.716830356089588,0.23727179643790747,15.142182225274452,1.6974746389196025,74.43872482452213,67.2544269707589,,,,
2025-11-12,30.78,31.81,29.8078,31.55,335343,,,59.65736422550431,56.91032014686097,1.7972767094036233,27.385,28.29600000000001,31.722569129610154,24.869430870389866,-1,23.169500000000003,26.90636642055666,0.25524845055087997,12.52975125079932,1.7192407361396307,75.4570886255864,67.65911728558406,,,,
2025-11-13,31.72,32,29.83,30.42,385702,,,59.882923538063395,57.20439353254136,1.7331520033913674,27.786800000000003,28.598500000000012,31.63081446258413,25.566185537415894,-1,23.209950000000003,27.044155972691694,0.21870029475304495,11.132552484487283,1.7514378264153714,64.95917884342745,67.15447795959882,,,,
2025-11-14,30.52,30.56,28.63,29.21,457298,,,59.999661397329746,57.48516741649291,1.653290299604188,28.172528000000003,28.811500000000013,31.346442011170492,26.276557988829534,-1,23.24255,27.12909103258614,0.16208572905333202,11.095285542005785,1.764192267385702,55.97838430099135,65.85558439823602,,,,
2025-11-17,29.52,29.6,28.32,28.33,293597,,,59.999661397329746,57.48516741649291,1.5248289385136173,37.43,28.93350000000001,31.1027696927763,26.76423030722372,-1,23.270150000000005,27.176185501896487,0.09517767829995345,8.224249242719146,1.7296071054295805,50.50915282955263,64.02814474687061,,,,
2025-11-18,28.53,28.705,27.76,27.91,205652,,,59.882923538063395,57.48516741649291,1.389586370324405,37.2478,28.97650000000001,31.025482918425094,26.927517081574923,-1,23.298500000000004,27.2049625410378,0.03214930781628228,4.184223371116286,1.6735637407560389,48.09398132029181,62.775239309832976,,,,
2025-11-19,27.91,28.34,27.38,27.55,274059,,,59.63400970528944,57.24742421883346,1.2811544707594578,36.868288,28.954500000000014,31.054199740438236,26.85480025956179,-1,23.32215,27.218493421781417,-0.0352526897703426,2.014205276514444,1.6225949021306076,46.060929340866764,61.5299879119604,,,,
2025-11-20,28.08,28.755,27.615,27.64,628119,,,59.375168936659996,57.18499756579578,1.2146698658630504,36.29899072,28.935000000000013,31.0755279722529,26.794472027747126,-1,23.3448,27.23502309151548,-0.14187366114141156,6.723263302375776,1.592766694835564,46.66790474129997,60.5140286359666,,,,
2025-11-21,27.79,28.86,27.595,28.36,431270,,,59.375168936659996,57.39916806894176,1.1649982553088123,35.7638512768,28.926500000000015,31.074729736316893,26.778270263683137,-1,23.375400000000003,27.279139833024676,-0.14283102959959385,6.850258687442526,1.5693547880615952,51.38141657752891,59.73698336170132,,,,
2025-11-24,28.8,29.175,28.445,28.68,405238,,,59.33089628074619,57.422740763455224,1.0830592877603054,35.260820200192,28.908000000000015,31.058028837014998,26.757971162985033,-1,23.412250000000004,27.334075525847236,-0.20435539589938784,6.4407195233440415,1.5154723032000528,53.35459775347927,59.007077648087986,,,,
2025-11-25,29.31,29.9,28.93,29.36,254708,,,59.041032637760516,57.52071489775818,1.0519676256697752,34.78797098818048,28.898000000000014,31.0376410913975,26.758358908602528,-1,23.453000000000003,27.413523544441464,-0.2436690486867746,3.411089292404312,1.4943671386857633,57.31870895026831,58.35611784245417,,,,
2025-11-26,29.36,30,29.08,29.34,235211,,,58.87483529737562,57.52071489775818,0.9989999668187818,34.34349272888965,28.93750000000001,31.07915239943305,26.795847600566972,-1,23.500450000000004,27.489071640737876,-0.22781575807398083,0.46142657082786154,1.453340914493923,57.164832666700036,58.063970788949234,,,,
2025-11-28,29.41,29.95,29.15,29.28,116999,,,58.660098504407976,57.52071489775818,0.944231458579274,33.92568316515627,28.985500000000012,31.112624584973002,26.858375415027023,-1,23.549350000000004,27.559304125414823,-0.24422605543750317,-4.446679574932872,1.4066737063157857,56.67329176081983,57.59982856818902,,,,
2025-12-01,28.81,29.71,28.619,28.77,247967,,,58.529619139355766,57.592477474115114,0.9254366160073466,33.532942175246895,29.022000000000013,31.10762316826322,26.936376831736805,-1,23.592000000000002,27.606782395006398,-0.26249242422328045,-5.9031838086133686,1.3841255844360867,52.5379848341368,56.47115552639084,,,,
2025-12-02,29.05,29.55,28.65,29.28,260695,,,58.25362447906048,57.74571594409259,0.8925942319868065,33.16376564473208,29.072500000000012,31.131585962264875,27.01341403773515,-1,23.639650000000003,27.672398771672814,-0.2719983870018689,-6.809799491585865,1.349545185547795,55.99584686625689,55.153807100800464,,,,
2025-12-03,29.25,29.9,28.98,29.26,222521,,,58.1609474540363,57.85844873387925,0.8674212826073608,32.81673970604815,29.11100000000002,31.153810808664158,27.06818919133588,-1,23.685750000000002,27.734657643371918,-0.28439005268277057,-8.38062181083568,1.3188633865800952,55.824084663533164,53.75144967493952,,,,
2025-12-04,29.26,29.82,29.17,29.32,189441,,,58.09460690442208,57.97573006109859,0.8216178371123735,32.490535323685265,29.127500000000015,31.171465508514167,27.083534491485864,-1,23.727800000000002,27.79682793186714,-0.32582349862787474,-10.440112522349098,1.2710874303958024,56.25757614379949,53.129906624966104,,,,
2025-12-05,29.24,29.76,29.18,29.76,255052,,,58.09460690442208,58.0767196493226,0.7769251144965392,32.18390320426415,29.191000000000013,31.230704880612922,27.151295119387104,-1,23.776050000000005,27.873815071793917,-0.27905981503700494,-10.545573017559123,1.2217240425103881,59.40364457603152,53.37456807318325,,,,
2025-12-08,30,30,28.3362,28.62,289451,,,58.09460690442208,58.109166033703104,0.8435448593206619,31.895669012008298,29.182000000000016,31.230097653920712,27.13390234607932,-1,23.821250000000006,27.903077225841216,-0.3475127423483591,-9.72583853851927,1.253300896616789,49.47503774883073,53.30070271027455,,,,
2025-12-09,28.91,29.49,28.8044,29.17,309442,,,58.1609474540363,58.183243926333546,0.8243897144929415,31.6247288712878,29.153000000000013,31.18446351185452,27.121536488145505,-1,23.867250000000002,27.95276047188666,-0.3982493286843922,-8.499055864077802,1.225922261144161,53.51203350595674,53.68770643782204,,,,
2025-12-10,29.04,30.21,28.95,29.92,469733,,,58.25362447906048,58.183243926333546,0.8468308772351755,31.370045139010532,29.08650000000001,30.916071261251336,27.256928738748687,-1,23.91785,28.029907120047966,-0.24043219976760702,-3.770484398658952,1.2283563853481496,58.39396702959232,54.56863770130243,,,,
2025-12-11,29.84,31.46,29.58,31.17,378560,,,58.34989408205155,58.28612204533352,0.9267441294290333,27.38,29.067500000000013,30.799641737848315,27.33535826215171,-1,23.979550000000003,28.153048017300986,-0.23664319195655859,-2.04496596255459,1.2749023578232819,64.9924802030104,55.87753594856746,,,,
2025-12-12,31.23,31.43,29.93,30.18,197847,,,58.48037344710376,58.44792355636238,0.9569404905597205,27.4616,29.055500000000006,30.752974300246834,27.358025699753178,-1,24.038100000000004,28.232536330348005,-0.23670642682614107,-4.59386187750916,1.2909807608359045,57.24850750692958,56.29661387209608,,,,
2025-12-15,30.28,30.8199,29.73,30.44,271483,,,58.6951102400714,58.53575002174652,0.942483189012845,27.541568,29.117000000000008,30.918356155788725,27.31564384421129,-1,24.090300000000003,28.319103533079456,-0.19953536571527566,-5.03000788524475,1.2766178493476255,58.64224348558928,56.67430285296109,,,,
2025-12-16,30.55,31.4999,30.27,30.64,274422,,,58.8613075804563,58.64513472522195,0.9444139999741618,27.619936640000002,29.23250000000001,31.111743198736484,27.353256801263534,-1,24.14895,28.41011908080183,-0.16981617710863836,-5.284453613495752,1.2732808601085093,59.729806129516646,56.84652408005026,,,,
2025-12-17,30.52,31.32,30.37,30.58,262877,,,58.8613075804563,58.64513472522195,0.918957160733277,27.775135174400003,29.366000000000007,31.22976393354898,27.502236066451033,-1,24.203900000000004,28.49521245018215,-0.16924284952274232,-5.724122512911418,1.2501893701007585,59.22662972467154,56.9937952984768,,,,
2025-12-18,30.77,31.72,30.77,31.15,207187,,,58.8613075804563,58.84384625270918,0.9168100885454789,27.924125767424,29.54600000000001,31.36835452094187,27.72364547905815,-1,24.262000000000004,28.599321765861283,-0.14821428819952992,-7.384656139055044,1.2423187008078471,62.461894312108456,57.40726690928312,,,,
2025-12-19,31.01,31.86,30.9662,31.76,93318,,,59.33089628074619,58.99025862512428,0.8911250952993138,28.15187822137856,29.75200000000001,31.597270711846093,27.906729288153926,30,24.3292,28.72326993190594,-0.03771829699748628,-11.679007454153398,1.2174245078930006,65.60705090024126,58.34077162829059,,,,