date,open,high,low,close,volume,sma_20,sma_50,ema_12,rsi_14
2023-01-01,99.2978868043048,103.69785671171631,99.45664346607934,101.15430417618546,3710898,,,101.15430417618546,
2023-01-02,99.62163654049512,103.71012292630317,99.07684897769268,101.04804302453266,4692650,,,101.09674605237352,
2023-01-03,101.27527127655178,103.0814853528086,98.95830532313218,101.77656995238537,7774513,,,101.36208147755134,
2023-01-04,100.10257633618836,103.79477438228031,98.95803862401296,101.35709865813665,3096957,,,101.360508596193,
2023-01-05,99.94682159191622,102.58004111606162,98.90077948850087,100.85447451162266,9752939,,,101.22302094396923,
2023-01-06,99.96516965575357,103.4984891265691,98.55500625593548,101.64976241852915,6455870,,,101.32674157307282,
2023-01-07,100.22079800298931,104.25661156300215,101.75428172841265,102.68347760056258,3839842,,,101.62949247075002,
2023-01-08,102.1852946236973,104.21916690861178,99.42258595104173,101.93740092966279,3521039,,,101.69374822029934,
2023-01-09,101.2271791512807,103.98663178961462,99.59354596042935,101.53245127800002,2168882,,,101.66183794407466,
2023-01-10,100.13156105251872,102.33353151125185,98.6067900755076,100.62158454114619,4605356,,,101.46471032850839,
2023-01-11,99.29687011318157,103.55195141317085,97.87732755449187,100.9937773623887,1357257,,,101.37854095070433,
2023-01-12,100.4918352498181,103.3785377910666,98.8716928957377,101.24607869757821,3143588,,,101.35498959695349,
2023-01-13,100.27555975285453,103.74910030391231,100.32449315156062,101.91181238597694,1189011,,,101.45167518653786,
2023-01-14,103.82659194439995,104.98399070260928,101.94291133443133,104.11918207908843,4701778,,,101.90586644162407,66.20970811774748
2023-01-15,104.90486762729138,107.6989077474875,104.16579184528247,105.81732529968998,7261356,,,102.56110276218895,71.50141715886551
2023-01-16,104.19344874292722,106.92310770556469,102.60045223592869,104.8199645384642,4602038,,,102.93439748083811,66.07176671303199
2023-01-17,103.17523565709102,106.66371765761002,103.04228972255508,104.78288184190663,1094828,,,103.23642741174363,63.61162740902227
2023-01-18,102.56497456531993,105.91861847602237,102.47397325448804,104.03303424905906,3181965,,,103.36535671437946,61.76385163774254
2023-01-19,104.86443737533783,107.66507763292368,103.88658962892345,105.6784332455795,7116414,,,103.73675187101382,69.27066443560484
2023-01-20,105.18648560718867,108.79498375744296,103.67175606940424,106.44975790995727,4784425,102.72337073502263,,104.16945450298736,69.21171846365905
2023-01-21,106.50669047556651,109.55852988919374,105.30685061585358,107.30762613457127,4091619,103.03103683294191,,104.66715769341951,68.77214404985128
2023-01-22,106.96134760600366,110.83555017522112,107.26732664130392,108.30675270287819,7536067,103.39397231685919,,105.24165580812235,75.33640160319297
2023-01-23,109.24123028833914,112.93523174515481,108.29359453271685,110.40019167513756,3512090,103.82515340299679,,106.05266923835946,81.09729830800721
2023-01-24,107.7144683611832,111.51327724956482,107.07575428311002,109.43690873605702,3353937,104.22914390689282,,106.58294390108794,80.80025623026387
2023-01-25,110.73564642880783,112.42951013474918,108.25937817184226,110.41059172078704,9908011,104.70694976735103,,107.18099553032076,81.57469870519466
2023-01-26,108.82083905748405,111.23201302071162,107.26545423357088,109.80439624445242,6290031,105.11468145864721,,107.5899083163565,78.0309118543923
2023-01-27,107.40299990649795,110.28789984607248,106.01977480993436,108.38663215770205,6939567,105.39983918650418,,107.71384368598171,70.21121706413633
2023-01-28,106.94740444908719,109.79766428151767,106.93396365664096,108.18872294498837,2517978,105.71240528727044,,107.78758801110686,64.52533193447994
2023-01-29,107.94471431954102,110.48131825710696,106.81289234754911,108.65618232414613,6343479,106.06859183957776,,107.92227805254386,61.10860158643374
2023-01-30,108.38526588079189,110.97113641988798,107.84204403345186,109.43012892162898,1199606,106.5090190586019,,108.15581045574677,68.3608562693022
2023-01-31,109.4636241601072,112.70974555999517,109.34473964772273,110.9271952304183,1391756,107.00568995200338,,108.58459373488026,71.92156627729277
2023-02-01,108.47042430275525,110.7701026452342,106.1436787838143,108.76741094013921,3404470,107.38175656413144,,108.61285421790657,65.34718735004392
2023-02-02,107.45956782631815,110.99061995773526,106.87096336917898,108.651437240156,6133492,107.71873780684038,,108.6188141148061,60.6982431800347
2023-02-03,106.91637121243903,110.8825060834167,105.19944899674468,107.80973749750721,3351629,107.90326557776132,,108.49391436778168,54.86917385811863
2023-02-04,105.12606300578635,109.1737381178609,105.38580261463234,108.05702614488017,5357083,108.01525062002081,,108.42650606179963,52.80577085572398
2023-02-05,105.57979301996107,108.76380739056744,103.80513619690079,106.64165978076066,3393779,108.10633538213565,,108.15124146372739,43.95428797075771
2023-02-06,106.14250911098736,108.03077556699614,105.57602820127784,106.88254993242799,3303020,108.21131878666172,,107.95565360587716,35.24269893214948
2023-02-07,106.81760664665119,110.43930953574765,106.80848230768189,107.87642320628042,8165288,108.4034882345228,,107.94344294317088,43.47017088776725
2023-02-08,108.04528895318575,108.999311972205,106.41740401864108,108.29012887037914,2805279,108.53407301576276,,107.9968583422098,40.69067869757828
2023-02-09,107.11073159022297,110.32945423302853,106.08095125839408,108.27777036524695,4828178,108.62547363852727,,108.04012979843485,42.92907027351859
2023-02-10,106.07612320550096,108.36439380038311,103.07868487722189,106.40509252393156,7645356,108.58034695799526,,107.78831861071413,41.19315693165087
2023-02-11,105.21236402869351,108.97629899491217,103.6232422153062,106.14259977289906,2420290,108.4721393114963,,107.53490374243333,40.95802676572598
2023-02-12,105.48369250046467,108.35960329002737,103.79361815738818,105.83362563744048,8202034,108.24381100961145,,107.27296980508605,37.349713611883416
2023-02-13,104.8036619201213,107.94715854841786,103.70622743402335,106.09922806979057,9868670,108.07692697629814,,107.0922780864661,34.35866891801875
2023-02-14,106.21740434149402,109.97521353325367,106.36527064070796,107.3630533050915,9383886,107.92455005551335,,107.13395846676083,32.888580502274976
2023-02-15,105.35944250059349,109.41017489957828,104.55080070602355,106.9515796359461,6214851,107.78190922508804,,107.10588727498049,39.52348860310412
2023-02-16,106.14065332035887,109.65744881524496,104.72902803751074,107.19616202540935,4567948,107.7223857184734,,107.11978110492734,41.726512102698194
2023-02-17,106.10982851781343,108.7072836317031,105.65530636171155,107.32236715203216,2416909,107.67906792882559,,107.15095845523724,46.983839138123116
2023-02-18,108.28621721259641,111.30801456504916,106.41376495631121,108.95886376863659,4047687,107.69420200105012,,107.42917525188197,54.76229245911238
2023-02-19,107.96547407109142,110.47524942809672,107.7108410321319,109.0307634050326,1892752,107.6742337252203,105.96560445534415,107.67563153335706,64.70207223341824
2023-02-20,106.770067021218,110.26814102798197,106.40647775267972,107.9840963781265,1234880,107.52707878260571,106.10220029938299,107.72309713212151,56.167097094415645
2023-02-21,106.81875980855445,109.90374792806983,105.71290854139963,107.2337238072963,2390793,107.45039442596355,106.22591391503825,107.64779621771669,46.30093980196901
2023-02-22,105.7079457927617,109.17573928621556,104.27221181538708,107.17808698534711,7413618,107.37672691322311,106.33394425569747,107.57552293621178,43.32448951213702
2023-02-23,107.04397764803731,109.84491071828684,105.6277916941519,108.23459648574871,3107274,107.39796986263518,106.47149421224972,107.67693112257783,49.76970039187238
2023-02-24,105.5617678671457,108.02992758695999,104.02980124362993,106.40570679006882,8208205,107.31540389489462,106.58251885781866,107.4813381466617,50.00329201851918
2023-02-25,104.80061757516883,108.22921271863726,104.74980274810456,106.43521181990454,4160084,107.30508149685181,106.67822784584615,107.32038170742256,51.60835237319575
2023-02-26,104.62903300175384,108.86837278254995,103.12874351949971,106.4179147812385,9613857,107.28184973929235,106.75291658945967,107.18153047558415,53.317953509420526
2023-02-27,105.2220421104781,108.25665722579505,103.57649481946208,106.12883500875863,6787940,107.19447032941625,106.8367452710416,107.01956729276064,50.16767933253864
2023-02-28,104.86746126489088,108.04885914638024,104.64151519759321,105.8012593868532,5296980,107.07002685523996,106.92212143321863,106.83212548122847,40.10544718290366
2023-03-01,105.23532865956325,108.3417886988988,104.8866328136436,106.52308261068332,9040353,106.98229246751177,107.04015139460938,106.78457831518253,47.38802235939132
2023-03-02,105.53835036403368,108.60532908843871,105.18122193087555,106.86367413517941,7410493,107.00522154807416,107.1575493300652,106.79674735961092,47.99671073851459
2023-03-03,105.9402149112403,109.74117575745652,105.5265979950722,107.17987294795823,5571609,107.05708520682713,107.27622521507281,106.855691629794,49.16066746746683
2023-03-04,103.98748467723493,108.06109381789945,103.63996061572666,105.35183228597744,1712433,107.03299553925399,107.3450256130728,106.62432243635503,29.222376985582372
2023-03-05,106.70735903808041,108.8346436465243,104.83073944092315,107.25290559958643,1284659,107.09067941574378,107.40770008348278,106.72102973734677,41.54147056335437
2023-03-06,107.32576780681781,110.18907927104924,106.27956360493442,108.2005648105304,7583606,107.13255499101572,107.45536487369958,106.94865489736044,51.03968864433654
2023-03-07,107.69903533305605,109.86073935232656,105.50752254506658,107.97361278313217,2691156,107.18365664837502,107.51843783859294,107.10634329311705,53.741789871018796
2023-03-08,107.11226468213599,110.35832182852519,106.2047053353839,108.26938047654615,7051571,107.23731757093185,107.58816781128573,107.28527455542354,55.38805897418683
2023-03-09,107.09400728288449,110.25937407513652,105.65814709335751,108.03954256597271,4256265,107.2731763416289,107.66829797762401,107.40131714042397,48.951355884987045
2023-03-10,105.87378182578894,108.27872154553114,103.87945286683423,105.9822265847993,1344062,107.12434448243702,107.67437384440841,107.1829933631794,47.77787414250235
2023-03-11,104.85940829623183,108.90164526030681,103.86570230690833,106.0413401668824,9978614,106.97487332052951,107.6662054895469,107.00735294409266,47.93964111730575
2023-03-12,103.49026282906927,107.85853219964483,104.54503378804063,105.54095966334256,5120483,106.8527164847903,107.63087216012232,106.78175238472426,45.63330681721315
2023-03-13,102.51061483604884,105.8437333727811,102.06064780152074,104.13199712453118,9279031,106.69763015065205,107.54737704855539,106.37409529347998,41.05462980579048
2023-03-14,104.45364095211067,107.14357058242267,103.99130624220287,105.1953238152642,2862779,106.59849199214791,107.44327969135793,106.19274491839762,47.45341957160462
2023-03-15,103.12739706422043,104.75814920714187,100.80927417877484,103.1731010897812,3655777,106.34541722234954,107.31800353843241,105.72818234193593,37.3082176753155
2023-03-16,100.66126859714716,103.6684044430639,101.09606560883171,102.10072212544192,7920826,106.13016798911819,107.1518061465255,105.1701095192148,32.90303269165504
2023-03-17,98.80148387871904,102.26962094577314,97.66936000296558,99.57829154227458,1918605,105.78732197523668,106.94728405248196,104.30982719539605,26.444488471274255
2023-03-18,98.55320544463262,101.15740014037397,97.35173585331621,99.3646542935891,5749174,105.43465895085424,106.76684449519969,103.54902939252605,29.384499425533704
2023-03-19,97.68630548162744,101.4125627561261,97.28328935258638,99.19439586571765,8351268,105.08793699370219,106.58695795361427,102.87908430379592,18.497435708468117
2023-03-20,98.58628561435043,101.68864896327683,97.6957950733343,99.5574453416688,7612492,104.77574629144297,106.40498321396473,102.36806197672587,14.593730982206012
2023-03-21,97.71080348499238,101.27556148544775,97.12637238350628,99.36556014528136,5175591,104.41787016817287,106.20369183843779,101.90613789274283,14.635779629258494
2023-03-22,98.22367079426142,101.24928152909968,96.3616754378651,99.11805324090861,8067438,104.03058912345932,105.96750899864757,101.47720122257313,12.254183807297167
2023-03-23,97.17288920796432,99.8212705552094,95.69648979139666,98.26288038919743,5756726,103.58473949552129,105.75741838762875,100.98268976919876,11.653055417779399
2023-03-24,96.68320362335619,99.40655198788305,96.504954809231,98.14863196337953,6772085,103.2245794793914,105.54736228209322,100.54668046124199,13.748711725354283
2023-03-25,97.25291516705488,100.03361860320864,96.40812764855895,98.0265436639295,6143109,102.76326138260853,105.35169840542167,100.1589667957371,13.125095531358156
2023-03-26,97.84851385093476,102.02655424903955,95.5784073553895,98.72605687986444,3125840,102.28953598607524,105.16507902012135,99.93851896623114,19.209817986184817
2023-03-27,98.32059539099959,101.44424019275777,96.98806265769535,99.29263993037405,6204464,101.85548734343733,105.01809862311362,99.83915290345081,26.33404624803842
2023-03-28,98.38105986347988,101.69926943546426,97.99086777657274,99.11936098223083,2020793,101.39798636872158,104.86283484410967,99.72841563080257,17.453410705605748
2023-03-29,100.81147169884753,103.91778269490194,100.32472666880953,102.19898767552867,3845424,101.10595862419936,104.74928613349462,100.10850379451225,45.31300304784525
2023-03-30,100.38499228346993,103.7278966145726,99.98524304451975,101.56305531599143,9178755,100.88500006075898,104.61474466240688,100.33228102979085,47.29957118598783
2023-03-31,99.28029591493875,102.36367867619037,98.46478990424852,100.4643237679265,3623597,100.60614924081118,104.45847573046049,100.35259530319759,55.1927029967824
2023-04-01,99.50457173721321,100.94580345387088,98.3173595502607,100.4503657640085,3301526,100.35161954584447,104.339381195262,100.36763691631307,56.51544154911512
2023-04-02,100.92881856945064,104.40170023794204,100.33983435045546,101.67069084280858,1215054,100.22855423175835,104.2499430166602,100.56810679356066,63.19719333713436
2023-04-03,100.69763368933734,103.98227805913041,99.43174557225683,101.25387703018578,9273503,100.03148189250443,104.15834804451511,100.67360992576982,58.98946602304092
2023-04-04,101.49162901246874,103.44595941346817,99.11797616241421,101.40143829876602,5865711,99.94289875295367,104.06439224909462,100.78558353857255,60.839124414619164
2023-04-05,98.01062588409907,101.41467118472072,98.18108246619597,99.68697322549457,8949552,99.8222113079563,103.91087064750269,100.61656654567184,52.61974736554009
2023-04-06,98.02047552084929,101.72399582866912,97.49230688061515,99.7277331016217,2313189,99.82968338592364,103.76639371681618,100.47982292406824,57.29226099776373
2023-04-07,100.3161680410335,102.57068523976545,98.90290380341645,100.53708160622708,8045652,99.88830475155555,103.63321210843256,100.48863195290087,61.12046194240919
2023-04-08,100.29927178999021,103.82430561169079,99.26392941563445,101.34706394578738,8467589,99.99593815555905,103.51370604430765,100.62069842359739,64.52942687693084
2023-04-09,98.63973308218137,101.69189228636155,98.0963801136536,99.81416455948255,8532432,100.00877411644971,103.33081206012457,100.496616282506,54.43753701855427
2023-04-10,97.67624760441298,101.85733982133317,97.69323769530916,100.04507748881012,6678008,100.04274998362617,103.15109834180014,100.4271487719224,53.1549813916448
2023-04-11,99.08531641840425,102.67475721055115,97.40363480372609,99.88483027597607,7085747,100.08108883537953,102.9891130197571,100.34371515323745,53.213135102006355
2023-04-12,99.79903358405669,103.23169173987962,99.52575254085208,101.15516453021391,9845421,100.22570304243035,102.86754183421546,100.46855352389412,44.83372066349594
2023-04-13,100.31093819162973,103.21325889536682,98.26326094879808,100.5638574031988,1636143,100.34646431442133,102.7352572425725,100.48321565966546,45.03264545432999
2023-04-14,100.1674599318636,103.98993127245288,99.72437396720066,101.94682455543676,5740752,100.54247835899669,102.60950180396625,100.70838626543058,57.16746132243219
2023-04-15,101.19685213029399,103.7388361996755,100.81908346009043,102.07578745963156,3218644,100.70996488798504,102.52290341735753,100.91875568499484,57.77201526659833
2023-04-16,103.05807431656058,106.79111886321094,101.80783017315613,103.93094806353515,9364042,100.9418802946431,102.47281814223011,101.3821699065316,60.18893698418101
2023-04-17,103.30241448825339,105.87148193542663,102.42203524745939,104.19491011701628,4903215,101.19565775138236,102.42835804894568,101.81489917715265,63.44303800336633
2023-04-18,102.77555917524155,106.26443490971378,100.98320590742581,103.34989654976127,3201113,101.253203195094,102.37277927976572,102.05105262254168,58.37231079617997
2023-04-19,101.8748848484897,105.88602043456896,101.66967006039772,103.90584225792917,1201674,101.37034254219088,102.33487093718726,102.33640487766638,70.13241126548013
2023-04-20,103.50464026006286,107.01946407549302,101.11592321461488,104.21823441820648,2371032,101.55803807470488,102.28877397333773,102.62591711770011,70.8871486696492
2023-04-21,102.42304113866312,106.07163237676275,101.3035736816632,103.95831500141921,1896556,101.73343553657541,102.23066679066253,102.83090140931688,66.77074073109833
2023-04-22,101.42978933395622,105.33850523204694,101.20638190936984,102.87812245080433,3673643,101.7938071169752,102.14463178071942,102.83816618498473,57.311493644885715
2023-04-23,101.90807766439369,105.75199610519036,101.75448977776027,103.10815236307903,6472334,101.88652088361987,102.09975818226147,102.87970252033932,67.96587172403524
2023-04-24,101.26891668603538,103.89845679159599,99.67162535719302,102.40505064234698,9177860,101.93670150079892,102.00280108311668,102.80667915410288,62.24111341725714
2023-04-25,100.38292523721037,102.20569710695584,100.08066783891299,101.50753959055405,9177978,102.0277298190519,101.86894057871714,102.60681152803492,57.81892917838349
2023-04-26,99.51975485635062,103.03576728682351,98.25424832906427,100.45523690335253,2791509,102.06410500913844,101.71857306112155,102.27580004604408,46.55505675282633
2023-04-27,99.93895749806939,102.04535316109222,99.77569784710433,100.70894192040339,6906128,102.07269802484726,101.56736428999871,102.0347449490088,50.73863179652017
2023-04-28,99.62918547759308,103.33072434222568,98.60122013275573,100.6844517732057,7311126,102.03956741621816,101.42026247414337,101.82700753677592,42.54153905745865
2023-04-29,98.74585584739044,100.66848948254862,97.3953232585818,99.71489765597113,1852880,102.0346040710426,101.29491589556679,101.50206755435808,37.31152011722647
2023-04-30,96.25872606019863,100.43993111558659,96.09029639733143,97.85496083716986,5464456,101.92509823846058,101.13118830897255,100.94097421214823,17.361677776590923
2023-05-01,96.02147740250108,99.2871782772404,96.23250678428639,97.22353241718055,9864084,101.7920333455208,100.96483976404932,100.36906008889338,13.974156812962875
2023-05-02,96.33812753565373,100.45764570724779,97.32394848813357,98.19982970569619,7383217,101.64426660429493,100.84619641567262,100.03533233716215,23.742387122905313
2023-05-03,97.96133370014853,101.36441576838975,96.6583721192408,98.69551763479282,1671095,101.55084961587463,100.71620029206319,99.82920699809041,23.27092647798918
2023-05-04,97.31756778818428,100.30689162866962,95.20752286059908,98.19035943641805,2318853,101.36302635992368,100.61654545899592,99.57707660373268,19.67660842519318
2023-05-05,97.90862626127323,102.02006104232953,96.84985164384888,98.98817278597276,1728459,101.20864562624075,100.55429447220654,99.48647601630769,26.28117317994034
2023-05-06,97.34233822095341,100.60205707635515,96.58374088965485,98.86423456613652,5876913,100.95530995137082,100.54001333268377,99.39074656236608,28.92077036259778
2023-05-07,97.32914333737641,99.12459827740058,95.8470286792671,97.50957657548707,7140937,100.62104327429435,100.50291177832172,99.10133579497708,23.7047007631368
2023-05-08,97.25993189694506,101.50843646325471,96.4043903842224,98.55256094059034,4399327,100.38117649383581,100.49007507981918,99.01690889425855,32.465514699637495
2023-05-09,99.36290653038463,101.30907494413097,98.35639761905794,99.6941904726041,3036010,100.17059390456956,100.4928099824379,99.12110606020345,41.926018341679
2023-05-10,99.62468532821934,102.44128174852979,98.53124930726081,100.5392257382148,3243686,99.98664347056997,100.51628329429656,99.33927831843981,50.38099447448496
2023-05-11,100.05171561228437,102.74611787275565,98.55895747125949,100.43135142246969,6750061,99.8102952916225,100.54254925792779,99.50728956526626,48.72389621513467
2023-05-12,99.18890042978717,103.04648988243373,98.34306381004087,100.60096961142185,8075954,99.69643764965338,100.58931104237226,99.6755480339502,49.62127977904232
2023-05-13,100.83944441585703,103.75132298602442,98.4325779066553,101.09531400219227,4191325,99.59579573160903,100.64824468314853,99.89397356757488,56.54448810460169
2023-05-14,100.15931842150721,103.07267393540059,99.84757407758102,101.69527716836392,9474706,99.56030705790988,100.72161935323722,100.17109719851808,70.6770312953425
2023-05-15,100.9348939278456,104.30346221372385,100.2704271688636,102.15610278072425,5532938,99.59273521741838,100.7902202712544,100.4764826727527,77.05497769847113
2023-05-16,101.48271509945053,103.69052528445872,99.19187646994997,101.77855040546456,6385731,99.65890089252399,100.8399384807562,100.67680078550482,71.00907518452662
2023-05-17,102.14640609603973,105.113778351696,100.07257052491487,102.64286091686296,8787296,99.75559684234696,100.91040847944888,100.97927157497931,72.21176073275734
2023-05-18,100.5535285812745,105.01544735124945,99.71915332518859,101.95370440987631,8232055,99.81905947418049,100.90550281413582,101.1291843188242,70.74679096706795
2023-05-19,101.53362710977227,104.36996908636394,99.68694133644418,102.12746223275782,3472349,99.93968770301983,100.91679095247115,101.28276553636509,68.58524857270768
2023-05-20,101.43782015003778,104.12603918516798,100.19816507539593,101.96897324990688,3705431,100.14538832365668,100.94688394211074,101.3883359538404,68.30581259929912
2023-05-21,102.66488246694433,104.9201468070716,100.56014546545836,102.98792988849911,7703315,100.43360819722261,100.99763522460059,101.63442732841779,83.63223572419994
2023-05-22,101.65546246655659,104.57347277068084,101.02385175721955,102.63319831737833,9637235,100.65527662780673,101.01688537409196,101.78808440365015,77.36389055127874
2023-05-23,101.71938496576159,105.10545921071693,101.20135937436366,102.56716575904194,1191162,100.84885903401917,101.04315114866908,101.90794307371547,72.51319402273668
2023-05-24,101.23470575018965,102.93960530814499,99.80823715440843,101.25891183125427,2690577,101.00228665376099,101.04030061931884,101.80809211333326,55.25789103105009
2023-05-25,98.77908934805026,101.46802073614987,97.96808566005664,100.25581359048321,6514329,101.06566869398651,101.05167742661862,101.56928003288756,48.865901412335695
2023-05-26,99.726755414306,102.25400833169151,99.25725780078942,100.57848506405699,7055473,101.15138121888253,101.06869246586733,101.41685003767897,49.85755107867474
2023-05-27,99.89567255674098,101.89096342283925,98.73662871126268,100.29852591654482,9724078,101.29082868593542,101.06392135207366,101.24480017288538,44.811063138072214
2023-05-28,97.9487506959315,100.65214490394682,97.04951179550591,99.445308478077,8639430,101.33546606280974,101.02588624271947,100.96795529675595,35.81537601322552
2023-05-29,98.5233261794978,100.93722885505237,98.56101241047816,99.06253359906813,6930582,101.30388321913296,101.01085362351118,100.67481349710712,30.303169986758178
2023-05-30,96.29202725906721,100.25326287536619,96.46352446090481,98.31583767853813,4842897,101.19271381614912,100.97626882730574,100.31189414039946,28.94266452513071
2023-05-31,96.59294862869349,99.23529330505463,95.28594924268724,97.97192004905546,5685401,101.06974224747842,100.93801062276734,99.95189812634256,19.675960226221235
2023-06-01,98.84054672907949,101.00360287412883,97.12343988604971,99.1632176546624,5749466,100.99785464964043,100.89817168525632,99.83056266915986,32.99282988934479
2023-06-02,97.66438426079111,100.64172129466779,96.90834998986364,98.54052156336421,1960150,100.87011502769903,100.8577049684596,99.63209480672819,29.272929327945036
2023-06-03,95.03763947273029,99.47298887195014,94.2171584584554,96.55014545133149,4694203,100.61285844184741,100.7497713863775,99.15794875204858,24.158352022156393
2023-06-04,95.664191727919,99.41543738252263,94.19656982222689,96.41912252540432,5795557,100.32600942908142,100.63663808769296,98.73659087102398,15.775859386870465
2023-06-05,95.17135189402809,98.92163327110424,94.20286415049613,96.51441116632212,7833941,100.0628024671243,100.48830734974871,98.39471707029898,17.234717461186293
2023-06-06,94.7960238943838,97.67957412369012,94.92369501117,96.41470496133432,1777607,99.75139466934786,100.33270324663506,98.09009982276471,17.172786263070847
2023-06-07,95.10420851564757,97.58746469708547,94.16190403259962,96.29176780604217,4270124,99.46829783915616,100.19154067176069,97.8134333586526,19.65947553644159
2023-06-08,95.1685453334987,97.68236794482993,94.4814149322608,95.95591810195297,1032003,99.15972063261592,100.03254218864116,97.52766178069797,21.404226708993406
2023-06-09,94.29055326632376,96.71213397563237,93.76212065969281,95.53739337169898,8397467,98.83814163870552,99.858925367711,97.2214666408512,16.89705288910845
2023-06-10,94.77246997079105,97.46942342438716,93.28546375532187,95.52046143529152,6671986,98.46476821604514,99.69016829638844,96.959773532303,17.501629331528534
2023-06-11,94.07596556164013,95.99838285719215,92.84261759730512,94.97648080186414,8825323,98.08193234026943,99.53213546340965,96.6546515737734,18.27018198807454
2023-06-12,93.284649935437,95.48011105222112,91.53080589687208,94.00854529045844,3087419,97.65400131684025,99.35014332195723,96.24755829941664,16.868481994569578
2023-06-13,94.33995388659883,96.37655145741215,93.30038482290645,94.76440291726655,3120933,97.32927587114088,99.19733036745562,96.01938054831633,26.746432870140225
2023-06-14,92.76286179252361,95.24550733550059,91.11573235330388,93.44040682966929,5402412,96.98850553310017,99.03598771223795,95.62261536083176,23.704141455115263
2023-06-15,93.1630263999178,95.80664970298018,92.18000518316106,93.48260931901459,6590322,96.63371174584805,98.89653516055118,95.29338366209036,11.963468150916896
2023-06-16,92.68777766606155,95.53692376571303,90.64101022309444,93.17222328378594,6735613,96.2773966142101,98.74580078781882,94.96705129619711,12.485664322196001
2023-06-17,90.72419002729937,94.00890690424805,90.71219985704603,91.86291372001956,7788858,95.89827687630724,98.56937002675511,94.48949166909257,13.799173935959715
2023-06-18,90.87996118661103,93.52797655937067,89.82363196892625,92.30095670382896,5200912,95.56019803154527,98.42109120771227,94.15279398212876,19.63429722480734
2023-06-19,90.7139218096549,94.3722238680397,89.2373763150221,91.66470552445683,9126682,95.2276414238412,98.297286101458,93.77001114248674,16.882245056647136
2023-06-20,89.80844366965422,92.61353195123245,88.7264910252437,91.1420705354864,5442098,94.88614894816276,98.17565686382412,93.36571258756344,15.960342629249993
2023-06-21,88.70355900136876,91.34016739325808,86.88797424321059,89.64432149108738,7305203,94.41020413998402,98.00454669953193,92.79319088041308,13.554278498504999
2023-06-22,89.03079595830692,91.81868817614155,88.1392944578454,89.99891132526238,2258402,93.98312362807891,97.83061457334132,92.36330171808207,17.406703738146163
2023-06-23,90.14353689690832,92.56466287260007,88.52457766653959,90.57271462829408,4556925,93.68425208692705,97.67826167717885,92.08782678119154,23.29000226559495
2023-06-24,90.40457834718767,93.75074138005652,88.63562328979833,91.33960091254386,7394980,93.43027600628402,97.52529023971027,91.97271510909187,29.186497468239523
2023-06-25,89.7339097218859,92.90759504972911,88.01579118683087,90.8413276399356,5022513,93.14662182996469,97.36483210118625,91.79865549845242,29.31992902303972
2023-06-26,91.23365580988161,93.60908300268932,89.586280050023,91.68916334884867,7523170,92.91034474934041,97.24842383665349,91.78181055235953,38.25964475579083
2023-06-27,91.2556783467199,95.1159718633023,90.54220678556086,92.22523966232545,5080620,92.70701834215457,97.12187741108819,91.85003041543122,36.85466191754418
2023-06-28,88.99085996124387,92.15045749720103,88.47956049130838,90.75943480715843,6379716,92.44719417741484,96.94318229777927,91.68224647569694,36.32135616332626
2023-06-29,89.60773307162977,91.65863783121826,88.76573640801581,90.53273561911578,3840672,92.19696128978569,96.7430524953973,91.50539865160752,35.22750154260565
2023-06-30,92.21628684810042,95.42852310810181,90.74757598579562,92.77750936296708,9131526,92.05981368616948,96.58997565420725,91.7011079918167,48.344144417729595
2023-07-01,89.5572329391155,93.01697869818885,88.0142611402246,90.9298137908497,3148114,91.85748033561875,96.39655253779581,91.58244734551408,46.25475146582111
2023-07-02,90.67911497332129,93.41191109253178,89.74806717525567,91.6973621678808,6963727,91.74192117948988,96.20859350110958,91.60012654895513,47.63974194379585
2023-07-03,90.88845971278671,92.4079616647244,90.07637109457488,91.7225137811878,5766928,91.58982672268593,96.00913823336604,91.61895535391402,50.23739539158694
2023-07-04,91.80567041478622,94.2601767287748,90.69853691846835,92.20290993483928,3039072,91.52795187794443,95.81007437644834,91.70879452021022,54.37160897124426
2023-07-05,92.43722316339861,95.93940878628186,92.38640600372065,93.81508035355512,6807052,91.54457542967145,95.65080497541017,92.03283849457097,67.02669596314493
2023-07-06,91.34172781613023,96.0707860089924,90.91519920388089,93.18310648346004,9521351,91.54511958965517,95.4616098867421,92.2098028005539,62.711267923962154
2023-07-07,92.72044066824355,96.56203532238676,91.59619705813542,93.98651650592865,5990111,91.65129972895062,95.30226612866316,92.48314337061156,63.38253001056387
2023-07-08,93.31198281540131,96.07179917787231,91.77014188815856,94.18037960065571,4359872,91.74527087379195,95.14332447602109,92.7442566367722,61.66005225103166
2023-07-09,93.33533509588901,96.4144636760234,92.8145483128307,94.0631345011945,3011082,91.86519232262884,94.98520770104686,92.9471609236064,63.650978932964634
2023-07-10,95.36412388389829,98.82435308518491,94.03872710092519,96.52562565447191,1042266,92.13437007857812,94.85596161636632,93.49769395912418,68.0259200120565
2023-07-11,95.34253117337992,98.61984887145799,94.193648187949,96.5002167096551,8350177,92.4771648395065,94.73330198421185,93.95962053612894,66.56373080601112
2023-07-12,93.47361226729684,97.0540377545069,93.45432458625667,95.43691077388677,5709195,92.74906481193771,94.59069688450874,94.18689595732245,68.70671147331942
2023-07-13,95.28176590600843,96.86406894446893,93.79306103836379,95.5195937008665,2775303,92.99640876556633,94.47591052190099,94.39192637940614,70.17644804424319
2023-07-14,94.39324900864771,97.09336198784221,93.03425623511725,95.67426911508811,4985824,93.21314217569355,94.38427963239309,94.58920987720337,64.10573873069004
2023-07-15,93.88560921022177,97.09335537737961,93.35587937961455,95.3468035995786,9042547,93.4384159736757,94.27964600310352,94.70576275756879,75.24632247633959
2023-07-16,95.35056044128898,98.17790253522843,94.02416910444784,95.87323567078819,5298260,93.64761958977267,94.1911401981884,94.88537397498716,74.54469496376191
2023-07-17,95.61568022850372,99.77792107290054,95.3375112377033,96.80947184552963,2695441,93.87683119893289,94.13842346553746,95.18138903199369,77.00727028061958
2023-07-18,96.43609501901238,99.66231641161784,95.15174117515824,97.66772023072102,9907945,94.222245470111,94.11052719817052,95.56390152410559,77.89418340766989
2023-07-19,96.01615076439266,98.55567502031622,95.52180843896663,97.13437051073885,9875354,94.55232721469217,94.08689785481451,95.80551213743378,69.03963955594857
2023-07-20,96.0728254079595,98.65315613925019,94.75651654883472,96.88260816038064,7253245,94.75758215456284,94.06511161704103,95.97121921788714,72.18837396816176
2023-07-21,95.44779158465582,100.20882790482729,96.03636262912525,97.58090087791341,1877421,95.09013650891602,94.03346528150604,96.21886255019888,71.83321420906813
2023-07-22,97.90930081443894,100.88911876599072,96.43842782305991,98.70564643054584,2473366,95.44055072204928,94.03676777884968,96.60144468563686,74.69492433711291
2023-07-23,99.8117509851029,102.35667494091946,98.23933733636818,100.78732838656722,8012047,95.89379145231825,94.12151143755437,97.2454267934723,80.21626472141318
2023-07-24,102.28985471995274,105.16090382656775,100.4983000312607,102.98257334147878,5066845,96.43277462265023,94.25278045387587,98.12806472393484,79.7293995654486
2023-07-25,101.82710430185101,105.14014283172622,100.7807965765183,102.9848420291702,4562920,96.89126270643098,94.38218907113283,98.87526123243258,79.92059120065187
2023-07-26,103.80315538089896,106.07765190487646,102.01104914956463,104.43659199041119,2555043,97.45393698177854,94.54262681171436,99.7308505798139,90.0882512014423
2023-07-27,102.81249751382667,106.5315107300313,102.57793371599848,104.2626503406845,1897513,97.96774367351632,94.70204446240722,100.42805054302477,88.63106731641676
2023-07-28,102.06405018523347,104.94354933958738,101.06303111928484,102.61831671454298,1984301,98.3896405292107,94.83529243465901,100.76501456941219,77.11299922919015
2023-07-29,100.2100839624371,104.23056374196803,98.74081009571982,101.66281939549914,7133158,98.76962477392593,94.95780095513503,100.90313838881018,73.50795303215176
2023-07-30,102.13551260776548,105.53541418835768,101.45449319166336,103.41479326978907,9377393,99.11408315469178,95.11568759182497,101.28954683203769,75.72272804633863
2023-07-31,103.80998076955811,105.70023799893086,102.2076694197599,104.29948684648036,1981499,99.50404666153305,95.3021477127173,101.75261452656733,75.63706730260989
2023-08-01,104.18637519365619,105.98939882750332,102.2381633999612,104.37253682760061,2646359,99.95082796421875,95.50942754346013,102.15567949595705,74.25311961199834
2023-08-02,104.35212532019386,105.84554101855746,102.21120438672604,104.53090302173827,5256700,100.40139343026233,95.70475754554958,102.52109849992338,77.50130577236736
2023-08-03,104.46570582887368,106.77108049042195,103.08717101836037,105.03643622661633,7380957,100.86950178583874,95.93667813348851,102.90807353479921,79.75551396875292
2023-08-04,105.63231042990148,108.24568371428919,104.46043059369096,106.4697108763948,4448302,101.42564714967955,96.19642016463612,103.45601774119854,80.78619874108523
2023-08-05,104.38127293172907,107.08978813976903,103.57294645239774,105.63401132275293,3961867,101.91368593227779,96.44565592541545,103.7910936768223,74.48651117853524
2023-08-06,104.90112457172538,108.60192238920125,103.74593419691452,106.27471408870602,1837006,102.3869480444366,96.73389193278918,104.17318912480441,71.59311816419117
2023-08-07,105.658212132116,108.17011458678589,104.51804032925075,106.71746431139671,6896541,102.83943524847038,97.02222208494054,104.56461607658785,67.04832544433563
2023-08-08,105.56524928029744,108.25273084588045,104.91625912317483,106.45534213802769,5138791,103.30548382983484,97.31803481721195,104.85549700911706,65.4743911008803
2023-08-09,104.83928882768315,108.29012600776599,104.55759602944944,105.85152860456535,9249624,103.75392985204408,97.61222397859353,105.00873263918604,56.825055093936136
2023-08-10,104.06900353128181,107.4207210966774,102.92822275660144,105.41216901469296,1390770,104.14549325888306,97.92758092906566,105.0707997738794,55.4063600024604
2023-08-11,103.26537339303877,105.50238914206797,102.60862086402177,104.78530319191623,8857642,104.44947609695157,98.22330876639873,105.02687722280814,61.27030135374494
2023-08-12,103.95434255144664,106.61289909032341,103.07435415453148,104.77865306506901,1171788,104.64904233087665,98.50742753513423,104.98868889084827,67.97972137246339
2023-08-13,104.21549636259762,107.4439491821359,103.9465608819549,105.25818360629114,6430805,104.76282284411727,98.78579918900918,105.03014961630102,62.468125101463805
2023-08-14,105.51148182969898,108.13502349746383,103.5324781967505,106.13040429276792,9646927,104.92010095729715,99.09158072206581,105.19941956652669,62.40469219880405
2023-08-15,104.2723228193446,106.99029358317203,104.08720612937883,104.92874438843167,9460452,104.94470857719818,99.35637234285748,105.15777723143516,53.26852182921317
2023-08-16,105.37224935177062,108.55911869641605,104.87633972599198,106.5069555931691,2750263,105.05692383982242,99.64200666147435,105.36534313324037,59.95152174361221
2023-08-17,105.88477618677825,108.44565833565213,105.0492748854968,106.3624828561693,2820231,105.24413214690374,99.95406762245457,105.51874924446021,56.930074235767904
2023-08-18,103.31789736138546,106.09789007484163,102.77504441909672,104.52963111181253,8430043,105.3874727327194,100.23400553230852,105.36657722405286,40.26739658289992
2023-08-19,103.54770058102696,105.3281688836087,102.79511221058162,104.11773092487394,8309530,105.42261961547365,100.46080996354664,105.17444702417919,42.05562861136285
2023-08-20,102.06183882739772,106.50686908055172,102.23978930143352,104.10478005441668,5723701,105.41288427587047,100.72430928881796,105.00988287498495,37.83036134366565
2023-08-21,103.11378580700773,105.18923788203696,101.66434674366187,103.70559959446088,2019408,105.37953741421347,100.96447403734958,104.80922390875047,33.02560780346042
2023-08-22,103.41821735593948,106.28205894861355,103.13405565982957,104.02998021048023,7636108,105.35449127365057,101.21062336593542,104.68934026286273,36.42629902532696
2023-08-23,100.59849008391635,103.87185353936835,100.14757259132064,102.25183386754537,9009105,105.21526115569702,101.41160184458955,104.31433927896776,32.1945037679196
2023-08-24,101.55090715176915,104.03726270739641,100.36400837325866,102.66646553661366,7275793,105.02509888870796,101.58862954825072,104.06082024168252,36.38537293114854
2023-08-25,102.8240527059649,105.50861932527435,100.79855535901912,103.38571718616244,4668994,104.91268418187845,101.79268176230478,103.95695823314097,43.12312953238797
2023-08-26,104.45388404823358,106.40406913166694,102.38049305977394,104.65749957899799,6297322,104.83182345639304,102.00610142376615,104.06473382481127,49.47053721158141
2023-08-27,103.37870034016535,106.43759456851268,102.21024347642214,104.8178041410954,2022074,104.73684044787797,102.21884991457496,104.18059079654728,48.02022279315329
2023-08-28,104.10107185285274,107.77031472279435,102.81150989501894,105.19303789218834,7061780,104.67372523558599,102.44144798239483,104.33635188818437,45.588846598180275
2023-08-29,104.63291246764598,107.57809835681387,102.92287325533658,105.71389767816557,5440970,104.66684368926602,102.6252134228687,104.54828200971994,53.947811830142555
2023-08-30,105.13598206704545,106.70114539500385,103.38946561698988,105.65215564866932,2915496,104.67884302096483,102.808252201649,104.71810872340446,44.92862180242668
2023-08-31,103.81016859381624,106.52299501014866,102.3639363622138,104.56192261794926,6140593,104.66767399226649,102.99075243853025,104.69408009179595,40.39542317537642
2023-09-01,103.71982290115099,108.01973018594049,102.67453060904893,105.20641325962977,7713196,104.68906200199453,103.18448882970551,104.772900579155,54.13423868345345
2023-09-02,104.12807571581565,106.6109882647973,102.49000307422172,105.15222851847454,4134802,104.6837642476037,103.37404801777323,104.83125872366571,56.60820465560013
2023-09-03,105.15974625787686,108.02278919032031,104.7105897179385,106.62678413754861,9741794,104.70858323984274,103.59964762853264,105.10749340272463,63.575251633983896
2023-09-04,105.06024341107074,108.52116467899852,103.27460920208401,106.55750665151564,4957196,104.79002135299693,103.81333304814717,105.33057236407709,65.9163042738117
2023-09-05,105.12731566162314,108.60824081550751,103.78040753867482,106.25483264666654,1396497,104.77741520567179,104.0022402641699,105.47276625370623,62.4469111556889
2023-09-06,105.42319361179474,107.68038887198529,103.36721139788237,106.18050608501105,3785507,104.76831636711388,104.17249598125571,105.5816493046762,77.15591476026273
2023-09-07,106.68542252719635,109.50881264702898,105.84708013309894,107.62181991103242,9254524,104.92292580707488,104.38224496926159,105.89552170565408,79.99525633719881
2023-09-08,106.959793929518,109.56727219784152,104.80108182926276,107.62307266885949,1798679,105.09819289427416,104.59705425943118,106.16129877691642,78.0908618130518
2023-09-09,107.6873452137201,110.71010283093695,107.46096404477795,109.13983560197128,3038089,105.34994567165188,104.82823295391232,106.61953521154024,78.78010883696442
2023-09-10,107.94453216810713,110.66038905094071,107.15115515537724,108.97657062086299,5099872,105.61349422297198,105.03365143771866,106.98215604374373,76.69239138619739
2023-09-11,106.9540749224134,110.54551289452127,107.26727892705577,108.56155909342614,5380056,105.8400731671193,105.18913605185585,107.22514112831024,71.51049006066702
2023-09-12,105.48795705487832,108.25136466259812,104.82289084622836,106.0857745651417,6061616,106.03177020199912,105.25120007632911,107.04985396474585,51.900263925582365
2023-09-13,104.29478521406445,107.09830712362835,103.62845482750564,105.10750253077121,9477195,106.153822051707,105.29365328636113,106.7510306672113,47.45522604497143
2023-09-14,104.35794315314685,108.62362183252533,103.57575473286464,105.21428783686535,4429681,106.24525058424213,105.30920720329021,106.51460869331191,53.356493666105585
2023-09-15,103.84068519156176,108.00713294095881,102.86149251434439,104.86010187380954,6109022,106.2553806989827,105.32115623395272,106.26006918261923,48.16332117530786
2023-09-16,104.79952433188663,106.67546554793354,103.52572236479703,105.28053160716658,8422801,106.27851707228626,105.37440053180518,106.10937109408806,50.65501549207686
2023-09-17,103.12806119104118,105.8549129991735,101.81910998056321,104.23979391199265,8908823,106.23085487327648,105.42594002213505,105.82174383530415,37.249091918651416
2023-09-18,103.42694182262817,106.69102882048837,101.15376985216476,104.43208916725567,9924720,106.166764447731,105.4462859400844,105.60795080945053,38.79365327518041
2023-09-19,105.44513957590998,108.1828579235358,103.85823136894473,106.23550901440767,4282659,106.19593211601791,105.48500638344292,105.70449822559777,49.912036104544676
2023-09-20,104.98999089323966,108.98102482409163,102.50208816409103,105.87847131664999,8829780,106.26175955095293,105.51512507322391,105.73126331652888,48.65959562233854
2023-09-21,105.37059266139545,107.38619476790367,103.9746877583773,106.06665281791967,2395915,106.30477152886745,105.54584006914754,105.78286170135824,42.23458708625938
2023-09-22,106.17546289569496,108.59386385704845,104.48214925617127,106.7308491460005,4935319,106.38370256024373,105.57972832753524,105.9287059236109,45.82150153561527
2023-09-23,106.53699788593623,110.4035636653433,107.20818404818253,108.37844526323735,1630702,106.47128561652816,105.61790301527208,106.30558889893805,46.47739264883501
2023-09-24,109.28338893964182,111.71852158143324,107.83568121060694,110.22335595050876,1112582,106.65457808147782,105.7096899078272,106.9083222914874,54.991596129724414
2023-09-25,108.58424385957247,110.57785034069336,107.63583860699029,108.92872462769616,3032545,106.7882726805293,105.76277011860701,107.2191534201349,51.37325250604022
2023-09-26,108.17380413630153,111.26264148895774,107.37155273079829,108.98411591248248,4333170,106.92845317190287,105.80810315062872,107.49068611126529,63.23676749655351
2023-09-27,107.25032742822502,110.44560174496603,105.88664638230836,108.57737036351054,7717318,106.97623069452679,105.85054371513837,107.6578683039184,66.71976592755138
2023-09-28,108.9177286905107,112.01316820871831,108.12567931577696,109.88363998477209,2298575,107.0892590603224,105.9311859427425,108.00029471635743,70.16819544880384
2023-09-29,108.96055761443964,112.42083027684453,108.35525474320325,109.93705023786632,6063919,107.12911979211717,106.02168356720597,108.29825710428187,72.51367846032292
2023-09-30,109.03012720680732,112.0911506230449,108.34032844117131,110.66797062692233,9893895,107.21368979242013,106.1393369159061,108.66282841545733,73.25029462668068
2023-10-01,108.44586718741068,111.81389190397952,107.13016723444275,109.71309648741817,1830000,107.27126666211973,106.23802578435307,108.82440811883592,73.79721605143037
2023-10-02,108.37996669091261,111.6110065081722,108.70829196804887,110.27489079160955,1540172,107.48072247344312,106.33835992805945,109.04755929926263,74.61292037038824
2023-10-03,106.7185775408913,110.83916033714995,107.17517355797042,108.33699155649329,7038117,107.64219692472923,106.38249167333396,108.93824118499043,58.75336273860773
2023-10-04,107.98023528653397,111.49212581142889,107.1744698943548,108.86187163305989,3271641,107.82457611453897,106.46115421822651,108.92649202315496,62.25547835578587
2023-10-05,108.79921075912233,111.98382133355072,107.4951106832132,109.92230146339288,5876460,108.07768609401812,106.529461135631,109.07969347549925,64.77945292717038
2023-10-06,107.07828019164174,111.18498136383484,106.66271179577863,108.59660923279216,6018437,108.2434899752994,106.57414366316345,109.00537282277509,56.80663809616191
2023-10-07,107.96415922420134,111.48147769862665,107.08148569978006,109.14866151823398,5005716,108.48893335561147,106.66652427129188,109.02741723746108,53.054013834963335
2023-10-08,107.54097162880988,111.98677650825802,106.60074476206957,109.19872325384361,5401474,108.72726505994085,106.76814411787127,109.05377200921222,45.262932289720744
2023-10-09,108.10130059831454,111.5742968802426,106.60424649598616,109.25472092256152,8544568,108.87822565534857,106.87114293523419,109.08468722665059,51.702078346672714
2023-10-10,108.11211835983555,111.24988804871576,106.84178627741515,109.4055425815451,9973108,109.05457921859332,106.98514179497586,109.13404958894205,52.17862515246691
2023-10-11,108.19469092311502,111.0197892719042,106.81648668771349,109.1066311778698,3508793,109.20657813659084,107.08667481432366,109.12983137185401,52.76693848581247
2023-10-12,109.60211702288362,113.87191190566763,109.31119995801049,111.00401633835615,9224802,109.4202364962086,107.26171846373987,109.41816752054665,55.516307091152335
2023-10-13,111.64500596893105,114.02870559648052,109.9811122215591,112.00403082874578,3722853,109.60151577448403,107.4484697695825,109.81599264488496,59.30926861314448
2023-10-14,111.39521758062047,113.47029724058392,110.17011398235901,111.66573132069797,4494945,109.67363454299348,107.6140700522732,110.10056782577927,54.65846529950558
2023-10-15,110.33599337248954,111.6688015699376,109.26268319441759,110.97186922143578,9757384,109.77579177268046,107.74035744512197,110.2346141943418,56.0239303352731
2023-10-16,109.93612076516611,113.31566106177992,108.57915123189278,110.72645676249739,1560755,109.86290881518123,107.85853049755002,110.31028228175035,52.22847639849051
2023-10-17,106.86872692092763,110.33373937105159,105.76785116203541,107.96625403887043,8659102,109.8323529989492,107.91399482048365,109.9496625520765,48.30775639949343
2023-10-18,106.5110396327825,109.92744149607128,104.74115447943625,107.02196465269259,5888072,109.68926923234524,107.9401561599742,109.49924749063283,41.911382260051774
2023-10-19,106.1371489396238,109.42393477660981,105.6109887679004,107.26901714993102,7130176,109.55586757794848,107.97249338999944,109.15613513052485,37.43716658541703
2023-10-20,105.506352156592,108.99015357237491,105.42381951573796,106.66857961157376,2809476,109.35589802718104,108.01462652987192,108.77343428145547,40.19792217095399
2023-10-21,105.83278832392824,109.15219387182438,104.77909924173586,106.93356238370151,5488266,109.21692132199522,108.04916951235334,108.4903770664164,38.39986636117033
2023-10-22,104.55706466207616,107.62837330129392,103.60375840525778,105.8376103888174,7538695,108.99505730185561,108.06287714976023,108.08225911601656,34.13614782652391
2023-10-23,105.56661490370266,108.22466954666972,105.03447818602817,106.45907435921825,9741618,108.90116144199185,108.0595229541936,107.83253838420143,37.473677741981355
2023-10-24,106.57278951107298,109.75782483334804,105.46504046429928,107.53842026033905,3069990,108.8349888733558,108.07914122637007,107.78728944206875,42.27671133090043
2023-10-25,105.96758226053386,109.00188205600033,105.53140958593751,107.45119660531633,9086659,108.71143363045198,108.10306850554306,107.73558285179915,43.03029157648416
2023-10-26,107.21362030923116,109.68599453189002,106.15962468846956,107.888372574492,9508302,108.67602179753699,108.1372258353327,107.75908896298267,35.04354346099933
2023-10-27,104.89662162509917,108.83069517393112,105.46728859369452,106.40463948178359,8738766,108.53882069571446,108.11288222674771,107.55071211972127,24.31338375294321
2023-10-28,105.1926143855585,108.44624838643749,105.0091460520012,106.5719455109594,6769561,108.40748180857024,108.0918596835897,107.4001326414502,26.260361395255558
2023-10-29,104.96209754214024,108.19439670002888,104.18056697674776,106.53512203154104,8335913,108.2715018640192,108.0397654121811,107.26705408607955,27.973536236107734
2023-10-30,105.65208506912822,107.22105754771356,104.01288607815378,105.76320310732545,4080393,108.08938489030825,107.97549806191037,107.03569239704046,26.583804623304104
2023-10-31,102.89596708967048,104.68351835348453,102.33495792976558,103.54865851182039,1678454,107.81148625700575,107.87524005027822,106.49922564546814,28.02683174158487
2023-11-01,102.04263805516861,105.40576441926206,101.32626735098953,103.6097196702671,3520927,107.44177142360131,107.82571895238074,106.05468626466796,31.392534887865637
2023-11-02,102.42705202211037,105.30811671279875,101.15472796865159,103.20446460062603,5858494,107.00179311219533,107.78765819377784,105.61619062404613,28.211349465544018
2023-11-03,103.9580899098406,106.02069029431584,102.56722142869572,104.69582262161845,1769371,106.65329767724134,107.77728888947291,105.47459554674957,40.346794546164524
2023-11-04,104.0381160121495,106.05206257807016,101.75786947949817,104.59362569624192,9973477,106.33438550098165,107.77195936592153,105.33906172359454,38.36472801598139
2023-11-05,102.34118202567161,106.88462622725801,102.12182243673145,104.26225591989258,7853145,106.01117545885143,107.75159385217607,105.17339929225578,41.5219440620971
2023-11-06,102.91851358599469,106.48831240924788,101.95671516228585,104.33190665859017,6423437,105.8294580898374,107.75343610710803,105.04393888707644,37.82940482252215
2023-11-07,102.39687056363218,105.2315056086123,101.6999921469307,103.32325016486078,2278290,105.6445223654458,107.7312593270601,104.7792175451971,25.68622005794333
2023-11-08,100.8827108337606,103.75173016455958,101.22477292201908,102.51562052610673,5965669,105.40685253425461,107.6568615572941,104.43097184995243,23.71528199186183
2023-11-09,101.64979223395943,105.35972986721829,101.54693061140819,102.92989250448178,8871719,105.2199181789,107.59788998105074,104.20003656603387,23.52872782975591
2023-11-10,101.53984569472357,104.5849348121013,99.94771773081507,101.72285688473625,2008373,104.95938290395172,107.51101406238708,103.81893199968039,24.24500941643916
2023-11-11,103.52007445777923,106.84148288679218,101.48708759205175,104.73155201999946,8593737,104.90407998551083,107.47102811986704,103.95933507972947,42.287001818867346
2023-11-12,104.5470404706147,107.49737830363138,103.24926126732274,104.88296780093805,5859796,104.82527465759684,107.40111857062105,104.10143242145388,43.1417765857931
2023-11-13,102.08792919701041,105.96616024430092,102.42411382987983,103.93247479216839,9708316,104.6449773841883,107.27530094745426,104.07543894002534,42.51152184343978
2023-11-14,102.91376064907071,106.1215805732192,102.58761919192511,104.08875169261064,4392857,104.47685513855302,107.17850148875256,104.0774870558077,52.656535769324606
2023-11-15,102.40156138261317,105.37722994505346,101.60555859038301,103.30152417001639,5733700,104.24751271832922,107.06484965390322,103.95810815030134,48.58516009043068
2023-11-16,102.82395471639511,104.79675937672224,101.27784707074967,103.1113024146036,8327080,104.08284586497022,106.95552829492507,103.82783034480939,49.563704434176245
2023-11-17,98.94475659647917,102.43671269531544,98.71099947395231,100.77822107753377,1468608,103.79315964329894,106.77341991678031,103.35865968830545,32.99389725213713
2023-11-18,99.00265050375788,102.85087708104221,98.45405875688142,99.92920717307355,8731782,103.46286390037558,106.57326305548446,102.831051609039,30.984902296024643
2023-11-19,97.20421618226844,99.41725529283738,95.59678350935165,97.66441652299159,2434618,103.05792457115888,106.31319197340585,102.036184672724,26.765652116036307
2023-11-20,94.72756363260665,99.01226106496193,94.30940413032422,96.2591286508562,8345255,102.69344807811066,106.04411261667461,101.14740682320587,24.015941521792286
2023-11-21,94.72033087931565,98.31967902408697,94.06007888560934,95.55490086219721,8952579,102.29070713770719,105.74971281808635,100.287021290743,24.49600067672435
2023-11-22,92.56582093218445,95.5518140581496,92.94773610596808,93.95458410749478,1155810,101.82821311305061,105.4620646691064,99.31280018562789,23.284090011512646
2023-11-23,91.4365849469249,94.43190123391669,91.31853917770776,92.3906549649936,1343607,101.21295473021937,105.13264033574507,98.24785476706876,19.31274908350116
2023-11-24,90.11560854123175,92.83920251076994,89.96748004303491,91.02533709459199,3893102,100.53454030013688,104.75470104836906,97.13669820207232,19.136360550207073
2023-11-25,90.99268266300675,93.44270144712247,89.65094041303871,91.42207734916717,5987358,99.8925313716006,104.41121041069655,96.25752576316384,4.786089395813619
2023-11-26,91.67799338286288,93.85288027256232,90.95245985314872,92.09164772727567,1261352,99.28051842503488,104.07007013487738,95.61662144995027,8.02407326553194
2023-11-27,90.33156384842523,93.64201973513431,90.01861076492675,91.66325358163587,3880720,98.69751859587363,103.71936074143323,95.00841100867113,8.308784880660497
2023-11-28,90.58678658009751,93.64797433864564,89.76550702553087,92.18066246940037,7683575,98.18077069303831,103.37787957237,94.57337277186025,10.505233997132066
2023-11-29,90.65453677495866,93.65248209707241,88.97612380426122,91.58979199639987,3982936,97.61376566763423,103.0215645606671,94.11436034486634,10.64386918878553
2023-11-30,89.53279004607398,92.92404462484953,89.21432842598838,90.63476901184123,5528240,97.05936127398947,102.65212731734653,93.579038601324,10.123512593440694
2023-12-01,89.11988357683738,93.30714246723599,88.97517861419502,90.64843054505572,4890046,96.3552052002423,102.24501560148052,93.12817582343656,11.988252790498493
2023-12-02,90.46963937809896,94.39451814171872,88.1721482456406,91.48142354511114,6746793,95.68512798745094,101.83456345580784,92.87482931907881,18.261774492025182
2023-12-03,90.80674440087984,93.55254912284843,90.01288746598352,91.81821308842268,7370591,95.07941490226365,101.43761309116233,92.71227297590094,24.31489081949067
2023-12-04,90.9049748968573,93.36491255255251,90.29544497390236,91.87994358429117,5149853,94.46897449684766,101.05577457841942,92.58422230026868,28.1847328051074
2023-12-05,92.10628328945062,95.26249195094772,91.40068261181354,93.16147040149126,1578702,93.96197180842141,100.70447485119931,92.67302970045677,38.72541424713444
2023-12-06,93.1217778906966,95.66033547593176,91.09529826323843,93.73041137668956,9051460,93.49292725652573,100.41975799795567,92.83570380449258,48.83034982808949
2023-12-07,92.49878949698048,96.90283708560186,92.3689018746495,93.9940737040676,8779154,93.15371988785242,100.1592001789832,93.01391455827336,59.67940617779264
2023-12-08,93.06451333483322,96.13588129894582,91.87802296637066,94.37514477572306,1254724,92.8760167679849,99.90132273149902,93.22333459172717,72.94897193496809
2023-12-09,95.08534974307473,98.25603937744499,93.87667782471462,95.87065324853391,5771122,92.78632860426201,99.68536420423823,93.63061438508204,76.48860216599414
2023-12-10,95.43056970119966,98.3347194768263,94.72759986355669,97.03618078741718,9458222,92.82518121109004,99.48741657231254,94.15454767774897,77.7998024534654
2023-12-11,95.53947964783293,98.10025509494785,94.49840119199989,96.80206082844145,9171706,92.88753920940226,99.30670558110502,94.5618573932401,79.53733339215061
2023-12-12,95.03468331513163,97.60873331239628,93.04092494958525,96.04067278768015,5671831,92.99184364341154,99.09833754967427,94.78936745392319,71.58163330578734
2023-12-13,96.3938431519441,98.6339439668365,93.80132462998958,96.8874947908838,5413612,93.21668563470604,98.88531904028515,95.11215627499405,78.79572926872436
2023-12-14,96.15086442756503,98.8213806764248,94.85360290316738,97.16569459596323,1609704,93.5237035097746,98.6796090000981,95.42808524745085,88.31829589569953
2023-12-15,97.15125205313399,98.97571320980697,95.40222084855229,97.68091710577946,5856158,93.83664549760523,98.47545989072383,95.7746747641168,88.96760993754063
2023-12-16,96.4412423069391,100.0272368430347,95.10567599136728,97.6872111752379,7947657,94.11642367000333,98.30111132459292,96.06891113505851,87.85492437391099
2023-12-17,95.39085878871887,99.54813398869781,95.65845744704114,97.52474821750967,6820290,94.40949840179702,98.12016737872395,96.29288607082023,85.56591747023093
2023-12-18,95.80118915241808,99.75700261515382,95.5212293333386,97.547396561729,5046414,94.67783510641345,97.9404128693277,96.48588768480619,85.49525642816171
2023-12-19,97.41100625343982,99.02696412178041,94.48272292478353,97.04035515532969,1020996,94.95036326435994,97.76595591028777,96.57119037257903,76.90340864839771
2023-12-20,94.53083803728602,98.51771933005875,93.89361553399007,95.78142438016741,7415550,95.20769603277625,97.61061122765473,96.44968791220802,62.982903885566216
2023-12-21,96.33508416039875,98.51018406312573,94.13850610133608,95.9453234012028,7014352,95.4725406755836,97.45732330227344,96.37209337205337,62.509396575099025
2023-12-22,94.77954429738351,96.36574009562077,92.67005426629215,95.15008545485344,7068518,95.65597377107073,97.29623571935798,96.1840921540226,54.717594695424125
2023-12-23,94.83034620448562,98.12426316000855,94.75109471721636,96.1248742127244,4005166,95.8713068272858,97.12481675118009,96.17498170151518,51.652377099674766
2023-12-24,96.4778390033349,99.54037867578367,94.24012864266132,96.42647140270404,5646889,96.09863321820646,96.96147366530936,96.213672424775,45.53565392898838
2023-12-25,96.86243869885347,99.25511811044677,95.18497926992488,97.1738697384475,1558557,96.29925318505427,96.81970594168045,96.36139508841693,52.532092046092444
2023-12-26,98.80412832088113,100.61376417861871,97.48813970547005,98.61431704964416,5958963,96.543448468702,96.7053541495015,96.70799846706727,66.04318246845011
2023-12-27,96.34862683616562,98.78530476069851,94.85297039103764,97.22191016347287,9389623,96.70484029167226,96.58332734947379,96.78706180497583,51.95186150967628
2023-12-28,97.46958932443464,100.46491115651983,96.44469924493919,98.45833028908143,5501276,96.90899956734017,96.50218154473326,97.04418003329978,56.78563479163915
2023-12-29,97.10570485980648,100.28262084554024,97.08051085923053,98.76654791710399,1729221,97.05379430076867,96.41891465298572,97.3091597077312,55.825580547343414
2023-12-30,98.0277232984798,100.53347352649119,96.28542776039724,98.84679353952977,5601490,97.14432493837431,96.36139338608156,97.54571875877714,56.17341450752371
2023-12-31,99.1715851661451,101.38696225593269,96.88516679104013,99.44717491451618,2233656,97.27658064267806,96.25570584397192,97.83825047504469,59.778703206325936
